name,asciiname,country,lat,lon,timezone,population
Shanghai,Shanghai,CN,31.22222,121.45806,Asia/Shanghai,24874500
Beijing,Beijing,CN,39.9075,116.39723,Asia/Shanghai,18960744
Shenzhen,Shenzhen,CN,22.54554,114.0683,Asia/Shanghai,17494398
Guangzhou,Guangzhou,CN,23.11667,113.25,Asia/Shanghai,16096724
Kinshasa,Kinshasa,CD,-4.32758,15.31357,Africa/Kinshasa,16000000
Istanbul,Istanbul,TR,41.01384,28.94966,Europe/Istanbul,15701602
Lagos,Lagos,NG,6.45407,3.39467,Africa/Lagos,15388000
Ho Chi Minh City,Ho Chi Minh City,VN,10.82302,106.62965,Asia/Ho_Chi_Minh,14002598
Chengdu,Chengdu,CN,30.66667,104.06667,Asia/Shanghai,13568357
Lahore,Lahore,PK,31.558,74.35071,Asia/Karachi,13004135
Mumbai,Mumbai,IN,19.07283,72.88261,Asia/Kolkata,12691836
São Paulo,Sao Paulo,BR,-23.5475,-46.63611,America/Sao_Paulo,12400232
Mexico City,Mexico City,MX,19.42847,-99.12766,America/Mexico_City,12294193
Karachi,Karachi,PK,24.8608,67.0104,Asia/Karachi,11624219
Tianjin,Tianjin,CN,39.14222,117.17667,Asia/Shanghai,11090314
Delhi,Delhi,IN,28.65195,77.23149,Asia/Kolkata,11034555
Wuhan,Wuhan,CN,30.58333,114.26667,Asia/Shanghai,10392693
Moscow,Moscow,RU,55.75204,37.61781,Europe/Moscow,10381222
Dhaka,Dhaka,BD,23.7104,90.40744,Asia/Dhaka,10356500
Seoul,Seoul,KR,37.566,126.9784,Asia/Seoul,10349312
Tokyo,Tokyo,JP,35.6895,139.69171,Asia/Tokyo,9733276
Dongguan,Dongguan,CN,23.01797,113.74866,Asia/Shanghai,9644871
Cairo,Cairo,EG,30.06263,31.24967,Africa/Cairo,9606916
Xi’an,Xi'an,CN,34.25833,108.92861,Asia/Shanghai,9600000
Johannesburg,Johannesburg,ZA,-26.20227,28.04363,Africa/Johannesburg,9418183
Nanjing,Nanjing,CN,32.06167,118.77778,Asia/Shanghai,9314685
Hangzhou,Hangzhou,CN,30.29365,120.16142,Asia/Shanghai,9236032
Foshan,Foshan,CN,23.02677,113.13148,Asia/Shanghai,9042509
London,London,GB,51.50853,-0.12574,Europe/London,8961989
New York City,New York City,US,40.71427,-74.00597,America/New_York,8804190
Jakarta,Jakarta,ID,-6.21462,106.84513,Asia/Jakarta,8540121
Bengaluru,Bengaluru,IN,12.97194,77.59369,Asia/Kolkata,8495492
Hanoi,Hanoi,VN,21.0245,105.84117,Asia/Bangkok,8053663
Taipei,Taipei,TW,25.05306,121.52639,Asia/Taipei,7871900
Lima,Lima,PE,-12.04318,-77.02824,America/Lima,7737002
Bogotá,Bogota,CO,4.60971,-74.08175,America/Bogota,7674366
Chongqing,Chongqing,CN,29.56026,106.55771,Asia/Shanghai,7457599
Hong Kong,Hong Kong,HK,22.27832,114.17469,Asia/Hong_Kong,7396076
Baghdad,Baghdad,IQ,33.34058,44.40088,Asia/Baghdad,7216000
Wuzhong,Wuzhong,CN,37.9867,106.201,Asia/Shanghai,7202654
Qingdao,Qingdao,CN,36.06488,120.38042,Asia/Shanghai,7172451
Tehran,Tehran,IR,35.69439,51.42151,Asia/Tehran,7153309
Shenyang,Shenyang,CN,41.79222,123.43278,Asia/Shanghai,7050000
Hyderabad,Hyderabad,IN,17.38405,78.45636,Asia/Kolkata,6993262
Rio de Janeiro,Rio de Janeiro,BR,-22.90642,-43.18223,America/Sao_Paulo,6747815
Suzhou,Suzhou,CN,31.30408,120.59538,Asia/Shanghai,6715559
Ahmedabad,Ahmedabad,IN,23.02579,72.58727,Asia/Kolkata,6357693
Abidjan,Abidjan,CI,5.35444,-4.00167,Africa/Abidjan,6321017
Pudong,Pudong,CN,31.23995,121.50094,Asia/Shanghai,5681512
Singapore,Singapore,SG,1.28967,103.85007,Asia/Singapore,5638700
Sydney,Sydney,AU,-33.86785,151.20732,Australia/Sydney,5557233
Dar es Salaam,Dar es Salaam,TZ,-6.82349,39.26951,Africa/Dar_es_Salaam,5383728
Saint Petersburg,Saint Petersburg,RU,59.93863,30.31413,Europe/Moscow,5351935
Melbourne,Melbourne,AU,-37.814,144.96332,Australia/Melbourne,5350705
Alexandria,Alexandria,EG,31.20176,29.91582,Africa/Cairo,5263542
Harbin,Harbin,CN,45.75,126.65,Asia/Shanghai,5242897
Bangkok,Bangkok,TH,13.75398,100.50144,Asia/Bangkok,5104476
Hefei,Hefei,CN,31.86389,117.28083,Asia/Shanghai,5050000
Dalian,Dalian,CN,38.91222,121.60222,Asia/Shanghai,4913879
Kano,Kano,NG,12.00012,8.51672,Africa/Lagos,4910000
Santiago,Santiago,CL,-33.45694,-70.64827,America/Santiago,4837295
Cape Town,Cape Town,ZA,-33.92584,18.42322,Africa/Johannesburg,4772846
Peshawar,Peshawar,PK,34.008,71.57849,Asia/Karachi,4758762
Changchun,Changchun,CN,43.88,125.32278,Asia/Shanghai,4714996
Jeddah,Jeddah,SA,21.49012,39.18624,Asia/Riyadh,4697000
Chennai,Chennai,IN,13.08784,80.27847,Asia/Kolkata,4681087
Kolkata,Kolkata,IN,22.56263,88.36304,Asia/Kolkata,4631392
Xiamen,Xiamen,CN,24.47979,118.08187,Asia/Shanghai,4617251
Surat,Surat,IN,21.19594,72.83023,Asia/Kolkata,4591246
Yangon,Yangon,MM,16.80528,96.15611,Asia/Yangon,4477638
Bao'an,Bao'an,CN,22.55213,113.88288,Asia/Shanghai,4476554
Kabul,Kabul,AF,34.52813,69.17233,Asia/Kabul,4434550
Nairobi,Nairobi,KE,-1.28333,36.81667,Africa/Nairobi,4397073
Wuxi,Wuxi,CN,31.56887,120.28857,Asia/Shanghai,4396835
Giza,Giza,EG,30.00944,31.20861,Africa/Cairo,4367343
Jinan,Jinan,CN,36.66833,116.99722,Asia/Shanghai,4335989
Taiyuan,Taiyuan,CN,37.86944,112.56028,Asia/Shanghai,4303673
Zhengzhou,Zhengzhou,CN,34.75778,113.64861,Asia/Shanghai,4253913
Bamako,Bamako,ML,12.60915,-7.97522,Africa/Bamako,4227569
Riyadh,Riyadh,SA,24.68773,46.72185,Asia/Riyadh,4205961
New Taipei City,New Taipei City,TW,25.06199,121.45703,Asia/Taipei,4004367
New Territories,New Territories,HK,22.42441,114.11095,Asia/Hong_Kong,3984077
Shijiazhuang,Shijiazhuang,CN,38.04139,114.47861,Asia/Shanghai,3938513
Chattogram,Chattogram,BD,22.3384,91.83168,Asia/Dhaka,3920222
Addis Ababa,Addis Ababa,ET,9.02497,38.74689,Africa/Addis_Ababa,3860000
Kunming,Kunming,CN,25.03889,102.71833,Asia/Shanghai,3855346
Zhongshan,Zhongshan,CN,22.52306,113.37912,Asia/Shanghai,3841873
Nanning,Nanning,CN,22.81667,108.31667,Asia/Shanghai,3839800
Shantou,Shantou,CN,23.35489,116.67876,Asia/Shanghai,3838900
Los Angeles,Los Angeles,US,34.05223,-118.24368,America/Los_Angeles,3820914
Faisalabad,Faisalabad,PK,31.41554,73.08969,Asia/Karachi,3800193
Dubai,Dubai,AE,25.07725,55.30927,Asia/Dubai,3790000
Yokohama,Yokohama,JP,35.43333,139.65,Asia/Tokyo,3777491
Fuzhou,Fuzhou,CN,26.06139,119.30611,Asia/Shanghai,3740000
Ningbo,Ningbo,CN,29.87819,121.54945,Asia/Shanghai,3731203
Casablanca,Casablanca,MA,33.58831,-7.61138,Africa/Casablanca,3665954
Ibadan,Ibadan,NG,7.37756,3.90591,Africa/Lagos,3649000
Puyang,Puyang,CN,29.45679,119.88872,Asia/Shanghai,3590000
Ankara,Ankara,TR,39.91987,32.85427,Europe/Istanbul,3517182
Shiyan,Shiyan,CN,32.6475,110.77806,Asia/Shanghai,3460000
Berlin,Berlin,DE,52.52437,13.41053,Europe/Berlin,3426354
Tangshan,Tangshan,CN,39.64381,118.18319,Asia/Shanghai,3372102
Rawalpindi,Rawalpindi,PK,33.59733,73.0479,Asia/Karachi,3357612
Lüliang,Lueliang,CN,37.5192,111.14436,Asia/Shanghai,3346500
Durban,Durban,ZA,-29.8579,31.0292,Africa/Johannesburg,3338026
Changzhou,Changzhou,CN,31.77359,119.95401,Asia/Shanghai,3290918
Busan,Busan,KR,35.10168,129.03004,Asia/Seoul,3285147
Madrid,Madrid,ES,40.4165,-3.70256,Europe/Madrid,3255944
Pyongyang,Pyongyang,KP,39.03385,125.75432,Asia/Pyongyang,3222000
Zibo,Zibo,CN,36.79056,118.06333,Asia/Shanghai,3129228
Pune,Pune,IN,18.51957,73.85535,Asia/Kolkata,3124458
Bursa,Bursa,TR,40.19559,29.06013,Europe/Istanbul,3101833
Changsha,Changsha,CN,28.19874,112.97087,Asia/Shanghai,3093980
Quezon City,Quezon City,PH,14.6488,121.0509,Asia/Manila,3084270
Jaipur,Jaipur,IN,26.91962,75.78781,Asia/Kolkata,3046163
Guiyang,Guiyang,CN,26.58333,106.71667,Asia/Shanghai,3037159
Ürümqi,UEruemqi,CN,43.80096,87.60046,Asia/Urumqi,3029372
Incheon,Incheon,KR,37.45646,126.70515,Asia/Seoul,3015482
Lanzhou,Lanzhou,CN,36.05701,103.83987,Asia/Shanghai,3000000
Caracas,Caracas,VE,10.48801,-66.87919,America/Caracas,3000000
Kyiv,Kyiv,UA,50.45466,30.5238,Europe/Kyiv,2952301
İzmir,Izmir,TR,38.41273,27.13838,Europe/Istanbul,2938292
Huizhou,Huizhou,CN,23.11147,114.41523,Asia/Shanghai,2900113
Buenos Aires,Buenos Aires,AR,-34.61315,-58.37723,America/Argentina/Buenos_Aires,2891082
Surabaya,Surabaya,ID,-7.24917,112.75083,Asia/Jakarta,2874314
Haikou,Haikou,CN,20.03421,110.34651,Asia/Shanghai,2873358
Taichung,Taichung,TW,24.1469,120.6839,Asia/Taipei,2850285
Kanpur,Kanpur,IN,26.46523,80.34975,Asia/Kolkata,2823249
Toronto,Toronto,CA,43.70643,-79.39864,America/Toronto,2794356
Quito,Quito,EC,-0.22985,-78.52495,America/Guayaquil,2781641
Brisbane,Brisbane,AU,-27.46794,153.02809,Australia/Brisbane,2780063
Luanda,Luanda,AO,-8.83682,13.23432,Africa/Luanda,2776168
Osaka,Osaka,JP,34.69379,135.50107,Asia/Tokyo,2753862
Linyi,Linyi,CN,35.06306,118.34278,Asia/Shanghai,2743843
Baoding,Baoding,CN,38.87288,115.46246,Asia/Shanghai,2739887
Kaohsiung,Kaohsiung,TW,22.61626,120.31333,Asia/Taipei,2737660
Brooklyn,Brooklyn,US,40.6501,-73.94958,America/New_York,2736074
Guayaquil,Guayaquil,EC,-2.19616,-79.88621,America/Guayaquil,2723665
Belo Horizonte,Belo Horizonte,BR,-19.92083,-43.93778,America/Sao_Paulo,2721564
Minhang,Minhang,CN,31.10881,121.37471,Asia/Shanghai,2716600
Bazhong,Bazhong,CN,31.8694,106.74432,Asia/Shanghai,2712894
Salvador,Salvador,BR,-12.97563,-38.49096,America/Bahia,2711840
Abuja,Abuja,NG,9.05785,7.49508,Africa/Lagos,2690000
Gazipur,Gazipur,BD,23.99844,90.42234,Asia/Dhaka,2674697
Chicago,Chicago,US,41.85003,-87.65005,America/Chicago,2664452
Wenzhou,Wenzhou,CN,27.99942,120.66682,Asia/Shanghai,2650000
Dakar,Dakar,SN,14.6937,-17.44406,Africa/Dakar,2646503
Haiphong,Haiphong,VN,20.86481,106.68345,Asia/Bangkok,2625200
Yunfu,Yunfu,CN,22.92787,112.03809,Asia/Shanghai,2612800
Navi Mumbai,Navi Mumbai,IN,19.03681,73.01582,Asia/Kolkata,2600000
Mogadishu,Mogadishu,SO,2.03711,45.34375,Africa/Mogadishu,2587183
Bekasi,Bekasi,ID,-6.2349,106.9896,Asia/Jakarta,2564940
Kumasi,Kumasi,GH,6.68848,-1.62443,Africa/Accra,2544530
Gujranwala,Gujranwala,PK,32.15567,74.18705,Asia/Karachi,2511118
Huai'an,Huai'an,CN,33.58861,119.01917,Asia/Shanghai,2494013
Lucknow,Lucknow,IN,26.83928,80.92313,Asia/Kolkata,2472011
Bandung,Bandung,ID,-6.92222,107.60694,Asia/Jakarta,2444160
Medan,Medan,ID,3.58333,98.66667,Asia/Jakarta,2435252
Ouagadougou,Ouagadougou,BF,12.36566,-1.53388,Africa/Ouagadougou,2415266
Nagpur,Nagpur,IN,21.14631,79.08491,Asia/Kolkata,2405665
Fortaleza,Fortaleza,BR,-3.71722,-38.54306,America/Fortaleza,2400000
Cali,Cali,CO,3.43054,-76.5199,America/Bogota,2392877
Daegu,Daegu,KR,35.87028,128.59111,Asia/Seoul,2365523
Algiers,Algiers,DZ,36.73225,3.08746,Africa/Algiers,2364230
Nanchang,Nanchang,CN,28.68396,115.85306,Asia/Shanghai,2357839
Baku,Baku,AZ,40.37767,49.89201,Asia/Baku,2351300
Hohhot,Hohhot,CN,40.81056,111.65222,Asia/Shanghai,2350000
Nagoya,Nagoya,JP,35.18147,136.90641,Asia/Tokyo,2332176
Rome,Rome,IT,41.89193,12.51133,Europe/Rome,2318895
Queens,Queens,US,40.68149,-73.83652,America/New_York,2316841
Houston,Houston,US,29.76328,-95.36327,America/Chicago,2314157
Perth,Perth,AU,-31.95224,115.8614,Australia/Perth,2309338
Mashhad,Mashhad,IR,36.29807,59.60567,Asia/Tehran,2307177
Shaoxing,Shaoxing,CN,30.00237,120.57864,Asia/Shanghai,2300000
Nantong,Nantong,CN,32.03028,120.87472,Asia/Shanghai,2273326
Baoshan,Baoshan,CN,31.40845,121.48956,Asia/Shanghai,2265900
Kowloon,Kowloon,HK,22.31667,114.18333,Asia/Hong_Kong,2232339
Yantai,Yantai,CN,37.47649,121.44081,Asia/Shanghai,2227733
Gaziantep,Gaziantep,TR,37.05944,37.3825,Europe/Istanbul,2222415
Lubumbashi,Lubumbashi,CD,-11.66089,27.47938,Africa/Lubumbashi,2221925
Manaus,Manaus,BR,-3.10194,-60.025,America/Manaus,2219580
Lusaka,Lusaka,ZM,-15.40669,28.28713,Africa/Lusaka,2212301
Brasília,Brasilia,BR,-15.77972,-47.92972,America/Sao_Paulo,2207718
Zhuhai,Zhuhai,CN,22.27694,113.56778,Asia/Shanghai,2207090
Santo Domingo,Santo Domingo,DO,18.47186,-69.89232,America/Santo_Domingo,2201941
Lomé,Lome,TG,6.12874,1.22154,Africa/Lome,2188376
Multan,Multan,PK,30.19679,71.47824,Asia/Karachi,2169915
Havana,Havana,CU,23.13302,-82.38304,America/Havana,2163824
Baotou,Baotou,CN,40.6516,109.84389,Asia/Shanghai,2150000
Depok,Depok,ID,-6.4,106.81861,Asia/Jakarta,2145400
Paris,Paris,FR,48.85341,2.3488,Europe/Paris,2138551
Coimbatore,Coimbatore,IN,11.00555,76.96612,Asia/Kolkata,2136916
Qingyang,Qingyang,CN,35.70976,107.64455,Asia/Shanghai,2125400
Port Harcourt,Port Harcourt,NG,4.77742,7.0134,Africa/Lagos,2120000
Pretoria,Pretoria,ZA,-25.74486,28.18783,Africa/Johannesburg,2112693
Córdoba,Cordoba,AR,-31.40648,-64.18853,America/Argentina/Cordoba,2106734
Mbuji-Mayi,Mbuji-Mayi,CD,-6.13603,23.58979,Africa/Lubumbashi,2101332
Aleppo,Aleppo,SY,36.20124,37.16117,Asia/Damascus,2098210
Kunshan,Kunshan,CN,31.37762,120.95431,Asia/Shanghai,2092496
Al Mawşil al Jadīdah,Al Mawsil al Jadidah,IQ,36.33271,43.10555,Asia/Baghdad,2065597
Weifang,Weifang,CN,36.71,119.10194,Asia/Shanghai,2044028
Zunyi,Zunyi,CN,27.68667,106.90722,Asia/Shanghai,2037775
Al Başrah al Qadīmah,Al Basrah al Qadimah,IQ,30.50316,47.81507,Asia/Baghdad,2015483
La Paz,La Paz,BO,-16.5,-68.15,America/La_Paz,2004652
Lianyungang,Lianyungang,CN,34.59845,119.21556,Asia/Shanghai,2001009
Medellín,Medellin,CO,6.245,-75.57151,America/Bogota,1999979
Indore,Indore,IN,22.71792,75.8333,Asia/Kolkata,1994397
Brazzaville,Brazzaville,CG,-4.26613,15.28318,Africa/Brazzaville,1982000
Tashkent,Tashkent,UZ,41.26465,69.21627,Asia/Tashkent,1978028
Ganzhou,Ganzhou,CN,25.84664,114.9326,Asia/Shanghai,1977253
Almaty,Almaty,KZ,43.25249,76.9115,Asia/Almaty,1977011
Khartoum,Khartoum,SD,15.55177,32.53241,Africa/Khartoum,1974647
Hamburg,Hamburg,DE,53.55073,9.99302,Europe/Berlin,1973896
Sapporo,Sapporo,JP,43.06667,141.35,Asia/Tokyo,1973832
Songjiang,Songjiang,CN,31.03443,121.22326,Asia/Shanghai,1973500
Accra,Accra,GH,5.55602,-0.1969,Africa/Accra,1963264
Curitiba,Curitiba,BR,-25.42778,-49.27306,America/Sao_Paulo,1948626
Ordos,Ordos,CN,39.6086,109.78157,Asia/Shanghai,1940653
Sanaa,Sanaa,YE,15.35452,44.20646,Asia/Aden,1937451
Conakry,Conakry,GN,9.53795,-13.67729,Africa/Conakry,1928389
Tijuana,Tijuana,MX,32.5027,-117.00371,America/Tijuana,1922523
Hyderabad,Hyderabad,PK,25.39689,68.37718,Asia/Karachi,1921275
Beirut,Beirut,LB,33.89332,35.50157,Asia/Beirut,1916100
Tangerang,Tangerang,ID,-6.17806,106.63,Asia/Jakarta,1912679
Jieyang,Jieyang,CN,23.5418,116.36581,Asia/Shanghai,1899394
Jilin,Jilin,CN,43.84652,126.5608,Asia/Shanghai,1895865
Jiading,Jiading,CN,31.38575,121.24465,Asia/Shanghai,1886100
Bucharest,Bucharest,RO,44.43225,26.10626,Europe/Bucharest,1877155
Camayenne,Camayenne,GN,9.535,-13.68778,Africa/Conakry,1871242
Kakamega,Kakamega,KE,0.28422,34.75229,Africa/Nairobi,1867579
Shangqiu,Shangqiu,CN,34.4143,115.65613,Asia/Shanghai,1859723
Nanchong,Nanchong,CN,30.79508,106.08473,Asia/Shanghai,1858875
Tainan,Tainan,TW,22.99083,120.21333,Asia/Taipei,1856642
Datong,Datong,CN,40.09361,113.29139,Asia/Shanghai,1850000
Kaduna,Kaduna,NG,10.52641,7.43879,Africa/Lagos,1850000
Omdurman,Omdurman,SD,15.64453,32.47773,Africa/Khartoum,1849659
Davao,Davao,PH,7.07306,125.61278,Asia/Manila,1848947
Thāne,Thane,IN,19.19704,72.96355,Asia/Kolkata,1841488
Iztapalapa,Iztapalapa,MX,19.35529,-99.06224,America/Mexico_City,1835486
Diyarbakır,Diyarbakir,TR,37.91363,40.21721,Europe/Istanbul,1833684
Santa Cruz de la Sierra,Santa Cruz de la Sierra,BO,-17.78629,-63.18117,America/La_Paz,1831434
Vadodara,Vadodara,IN,22.29941,73.20812,Asia/Kolkata,1822221
Adana,Adana,TR,36.98615,35.32531,Europe/Istanbul,1816750
Nanyang,Nanyang,CN,33.00524,112.54659,Asia/Shanghai,1811812
Abu Dhabi,Abu Dhabi,AE,24.45118,54.39696,Asia/Dubai,1807000
Sharjah,Sharjah,AE,25.3342,55.41221,Asia/Dubai,1800000
Bhopal,Bhopal,IN,23.25469,77.40289,Asia/Kolkata,1798218
Jiangmen,Jiangmen,CN,22.58333,113.08333,Asia/Shanghai,1795459
Benin City,Benin City,NG,6.33815,5.62575,Africa/Lagos,1782000
Jiangyin,Jiangyin,CN,31.91102,120.26302,Asia/Shanghai,1779515
Fuyang,Fuyang,CN,32.9,115.81667,Asia/Shanghai,1768947
Montréal,Montreal,CA,45.50884,-73.58781,America/Toronto,1762949
Bayan Nur,Bayan Nur,CN,40.74143,107.38599,Asia/Shanghai,1760000
Maracaibo,Maracaibo,VE,10.64232,-71.61089,America/Caracas,1752602
Chaozhou,Chaozhou,CN,23.65396,116.62262,Asia/Shanghai,1750945
Minsk,Minsk,BY,53.90019,27.56653,Europe/Minsk,1742124
Budapest,Budapest,HU,47.49835,19.04045,Europe/Budapest,1741041
Qingyuan,Qingyuan,CN,23.7,113.03333,Asia/Shanghai,1738424
Tai’an,Tai'an,CN,36.18528,117.12,Asia/Shanghai,1735425
Rasapūdipalem,Rasapudipalem,IN,17.73308,83.31622,Asia/Kolkata,1728128
Pimpri-Chinchwad,Pimpri-Chinchwad,IN,18.61867,73.80375,Asia/Kolkata,1727692
Caloocan,Caloocan,PH,14.64953,120.96788,Asia/Manila,1712945
Warsaw,Warsaw,PL,52.22977,21.01178,Europe/Warsaw,1702139
Soweto,Soweto,ZA,-26.26781,27.85849,Africa/Johannesburg,1695047
Puebla,Puebla,MX,19.04778,-98.20723,America/Mexico_City,1692181
Vienna,Vienna,AT,48.20849,16.37208,Europe/Vienna,1691468
Barcelona,Barcelona,ES,41.38879,2.15899,Europe/Madrid,1686208
Patna,Patna,IN,25.59408,85.13563,Asia/Kolkata,1684297
Mosul,Mosul,IQ,36.335,43.11889,Asia/Baghdad,1683000
Kallakurichi,Kallakurichi,IN,11.73379,78.95925,Asia/Kolkata,1682687
Kampala,Kampala,UG,0.31628,32.58219,Africa/Kampala,1680600
Xining,Xining,CN,36.62554,101.75739,Asia/Shanghai,1677177
Changshu,Changshu,CN,31.64615,120.74221,Asia/Shanghai,1677050
Palembang,Palembang,ID,-2.91673,104.7458,Asia/Jakarta,1668848
Huainan,Huainan,CN,32.62639,116.99694,Asia/Shanghai,1666826
Rabat,Rabat,MA,34.01325,-6.83255,Africa/Casablanca,1655753
Semarang,Semarang,ID,-6.99306,110.42083,Asia/Jakarta,1653524
Recife,Recife,BR,-8.05389,-34.88111,America/Recife,1653461
Phoenix,Phoenix,US,33.44838,-112.07404,America/Phoenix,1650070
Suzhou,Suzhou,CN,33.63611,116.97889,Asia/Shanghai,1647642
Ecatepec de Morelos,Ecatepec de Morelos,MX,19.60492,-99.06064,America/Mexico_City,1645352
Lu’an,Lu'an,CN,31.73561,116.51688,Asia/Shanghai,1644344
Valencia,Valencia,VE,10.16153,-68.00044,America/Caracas,1619470
Ludhiana,Ludhiana,IN,30.91204,75.85379,Asia/Kolkata,1618879
Yancheng,Yancheng,CN,33.3575,120.1573,Asia/Shanghai,1615717
Novosibirsk,Novosibirsk,RU,55.02259,82.93175,Asia/Novosibirsk,1612833
Erbil,Erbil,IQ,36.19117,44.00943,Asia/Baghdad,1612700
Fukuoka,Fukuoka,JP,33.6,130.41667,Asia/Tokyo,1612392
Taizhou,Taizhou,CN,32.49069,119.90812,Asia/Shanghai,1607108
Daqing,Daqing,CN,46.58333,125,Asia/Shanghai,1604027
Manila,Manila,PH,14.6042,120.9822,Asia/Manila,1600000
Wuhu,Wuhu,CN,31.35259,118.42947,Asia/Shanghai,1598165
Santiago de Querétaro,Santiago de Queretaro,MX,20.58806,-100.38806,America/Mexico_City,1594212
Dazhou,Dazhou,CN,31.2106,107.46308,Asia/Shanghai,1589435
Yangzhou,Yangzhou,CN,32.39722,119.43583,Asia/Shanghai,1584237
León de los Aldama,Leon de los Aldama,MX,21.12183,-101.68253,America/Mexico_City,1579803
Makkah,Makkah,SA,21.42664,39.82563,Asia/Riyadh,1578722
Philadelphia,Philadelphia,US,39.95238,-75.16362,America/New_York,1573916
Phnom Penh,Phnom Penh,KH,11.56245,104.91601,Asia/Phnom_Penh,1573544
Guilin,Guilin,CN,25.28022,110.29639,Asia/Shanghai,1572300
Damascus,Damascus,SY,33.5102,36.29128,Asia/Damascus,1569394
Quetta,Quetta,PK,30.18414,67.00141,Asia/Karachi,1565546
Zhaoqing,Zhaoqing,CN,23.04893,112.46091,Asia/Shanghai,1553109
Onitsha,Onitsha,NG,6.14978,6.78569,Africa/Lagos,1553000
Mianyang,Mianyang,CN,31.46784,104.68168,Asia/Shanghai,1550000
Auckland,Auckland,NZ,-36.84853,174.76349,Pacific/Auckland,1547200
Isfahan,Isfahan,IR,32.65246,51.67462,Asia/Tehran,1547164
Wanzhou,Wanzhou,CN,30.76451,108.39586,Asia/Shanghai,1545900
Harare,Harare,ZW,-17.82772,31.05337,Africa/Harare,1542813
Monrovia,Monrovia,LR,6.30054,-10.7969,Africa/Monrovia,1542549
Putian,Putian,CN,25.43944,119.01028,Asia/Shanghai,1539389
Kawasaki,Kawasaki,JP,35.52056,139.71722,Asia/Tokyo,1538262
Goiânia,Goiania,BR,-16.67861,-49.25389,America/Sao_Paulo,1536097
San Antonio,San Antonio,US,29.42412,-98.49363,America/Chicago,1526656
Kobe,Kobe,JP,34.6913,135.183,Asia/Tokyo,1525152
Stockholm,Stockholm,SE,59.32938,18.06871,Europe/Stockholm,1515017
Ciudad Juárez,Ciudad Juarez,MX,31.72024,-106.46084,America/Ciudad_Juarez,1512450
Cần Thơ,Can Tho,VN,10.03711,105.78825,Asia/Ho_Chi_Minh,1507187
Munich,Munich,DE,48.13743,11.57549,Europe/Berlin,1505005
Khulna,Khulna,BD,22.80979,89.56439,Asia/Dhaka,1500689
Belém,Belem,BR,-1.45583,-48.50444,America/Belem,1499641
Yekaterinburg,Yekaterinburg,RU,56.85733,60.61529,Asia/Yekaterinburg,1495066
Porto Alegre,Porto Alegre,BR,-30.03283,-51.23019,America/Sao_Paulo,1488252
Yinchuan,Yinchuan,CN,38.46806,106.27306,Asia/Shanghai,1487579
Manhattan,Manhattan,US,40.78343,-73.96625,America/New_York,1487536
Nashik,Nashik,IN,19.99727,73.79096,Asia/Kolkata,1486053
Taizhou,Taizhou,CN,28.66266,121.43312,Asia/Shanghai,1485502
Asunción,Asuncion,PY,-25.28646,-57.647,America/Asuncion,1482200
Yiwu,Yiwu,CN,29.31506,120.07676,Asia/Shanghai,1481384
Zapopan,Zapopan,MX,20.72111,-103.38742,America/Mexico_City,1476491
Adelaide,Adelaide,AU,-34.92866,138.59863,Australia/Adelaide,1469163
Quanzhou,Quanzhou,CN,24.91389,118.58583,Asia/Shanghai,1469157
Madurai,Madurai,IN,9.919,78.11953,Asia/Kolkata,1465625
Jinhua,Jinhua,CN,29.10678,119.64421,Asia/Shanghai,1463990
Kyoto,Kyoto,JP,35.02107,135.75385,Asia/Tokyo,1463723
Cixi,Cixi,CN,30.1764,121.2457,Asia/Shanghai,1457510
Changde,Changde,CN,29.03205,111.69844,Asia/Shanghai,1457419
Kuala Lumpur,Kuala Lumpur,MY,3.1412,101.68653,Asia/Kuala_Lumpur,1453975
Kayseri,Kayseri,TR,38.73222,35.48528,Europe/Istanbul,1452458
Kaifeng,Kaifeng,CN,34.7986,114.30742,Asia/Shanghai,1451741
Anshan,Anshan,CN,41.12361,122.99,Asia/Shanghai,1450000
Karaj,Karaj,IR,35.83266,50.99155,Asia/Tehran,1448075
Kathmandu,Kathmandu,NP,27.70169,85.3206,Asia/Kathmandu,1442271
Daejeon,Daejeon,KR,36.34913,127.38493,Asia/Seoul,1441203
Baoji,Baoji,CN,34.36775,107.23705,Asia/Shanghai,1437802
Suqian,Suqian,CN,33.94917,118.29583,Asia/Shanghai,1437685
Liuzhou,Liuzhou,CN,24.32405,109.40698,Asia/Shanghai,1436599
Tirunelveli,Tirunelveli,IN,8.72742,77.6838,Asia/Kolkata,1435844
Konya,Konya,TR,37.87135,32.48464,Europe/Istanbul,1433861
Zhangjiagang,Zhangjiagang,CN,31.865,120.53889,Asia/Shanghai,1432044
Agra,Agra,IN,27.18333,78.01667,Asia/Kolkata,1430055
Tabriz,Tabriz,IR,38.08,46.2919,Asia/Tehran,1424641
Makassar,Makassar,ID,-5.14861,119.43194,Asia/Makassar,1423877
Kharkiv,Kharkiv,UA,49.98177,36.25475,Europe/Kyiv,1421125
Jinjiang,Jinjiang,CN,24.81978,118.57415,Asia/Shanghai,1416151
Faridabad,Faridabad,IN,28.41124,77.31316,Asia/Kolkata,1414050
Bozhou,Bozhou,CN,33.87722,115.77028,Asia/Shanghai,1409436
Qujing,Qujing,CN,25.48333,103.78333,Asia/Shanghai,1408500
South Tangerang,South Tangerang,ID,-6.28862,106.71789,Asia/Jakarta,1404785
San Diego,San Diego,US,32.71571,-117.16472,America/Los_Angeles,1404452
Gwangju,Gwangju,KR,35.15472,126.91556,Asia/Seoul,1401235
Zhanjiang,Zhanjiang,CN,21.23391,110.38749,Asia/Shanghai,1400709
Fushun,Fushun,CN,41.88669,123.94363,Asia/Shanghai,1400646
Rājkot,Rajkot,IN,22.29161,70.79322,Asia/Kolkata,1390640
Luoyang,Luoyang,CN,34.67345,112.43684,Asia/Shanghai,1390581
Guadalajara,Guadalajara,MX,20.67738,-103.34749,America/Mexico_City,1385629
The Bronx,The Bronx,US,40.84985,-73.86641,America/New_York,1385108
Guankou,Guankou,CN,28.15861,113.62709,Asia/Shanghai,1380000
Huế,Hue,VN,16.4619,107.59546,Asia/Bangkok,1380000
Milan,Milan,IT,45.46427,9.18951,Europe/Rome,1371498
Najafgarh,Najafgarh,IN,28.60922,76.97982,Asia/Kolkata,1365000
N'Djamena,N'Djamena,TD,12.10672,15.0444,Africa/Ndjamena,1359526
Handan,Handan,CN,36.60999,114.48764,Asia/Shanghai,1358318
Bannu,Bannu,PK,32.98527,70.60403,Asia/Karachi,1357890
Yichang,Yichang,CN,30.71444,111.28472,Asia/Shanghai,1350150
Antananarivo,Antananarivo,MG,-18.91368,47.53613,Indian/Antananarivo,1349501
Heze,Heze,CN,35.23929,115.47358,Asia/Shanghai,1346717
Abobo,Abobo,CI,5.41613,-4.0159,Africa/Abidjan,1340083
Jamshedpur,Jamshedpur,IN,22.80278,86.18545,Asia/Kolkata,1339438
Douala,Douala,CM,4.04827,9.70428,Africa/Douala,1338082
Antalya,Antalya,TR,36.90812,30.69556,Europe/Istanbul,1335002
Basrah,Basrah,IQ,30.50852,47.7804,Asia/Baghdad,1326564
Dallas,Dallas,US,32.78306,-96.80667,America/Chicago,1326087
Saitama,Saitama,JP,35.90807,139.65657,Asia/Tokyo,1324854
Gorakhpur,Gorakhpur,IN,29.44768,75.67206,Asia/Kolkata,1324570
Niamey,Niamey,NE,13.51366,2.1098,Africa/Niamey,1323691
Liupanshui,Liupanshui,CN,26.59444,104.83333,Asia/Shanghai,1320825
Taguig,Taguig,PH,14.5243,121.0792,Asia/Manila,1308085
Maoming,Maoming,CN,21.66625,110.91364,Asia/Shanghai,1307802
Calgary,Calgary,CA,51.05011,-114.08529,America/Edmonton,1306784
Tripoli,Tripoli,LY,32.88743,13.18733,Africa/Tripoli,1302947
Callao,Callao,PE,-12.05162,-77.13452,America/Lima,1300000
Madinah,Madinah,SA,24.46861,39.61417,Asia/Riyadh,1300000
Yaoundé,Yaounde,CM,3.86667,11.51667,Africa/Douala,1299369
Qinzhou,Qinzhou,CN,21.98247,108.65061,Asia/Shanghai,1296300
Luohe,Luohe,CN,33.57424,114.03261,Asia/Shanghai,1294974
Xiangyang,Xiangyang,CN,32.0422,112.14479,Asia/Shanghai,1294733
Yangjiang,Yangjiang,CN,21.85563,111.96272,Asia/Shanghai,1292987
Yixing,Yixing,CN,31.36059,119.82016,Asia/Shanghai,1285785
Pimpri,Pimpri,IN,18.62292,73.80696,Asia/Kolkata,1284606
Da Nang,Da Nang,VN,16.06778,108.22083,Asia/Ho_Chi_Minh,1276000
Amman,Amman,JO,31.95522,35.94503,Asia/Amman,1275857
Budta,Budta,PH,7.20417,124.43972,Asia/Manila,1273715
Belgrade,Belgrade,RS,44.80401,20.46513,Europe/Belgrade,1273651
Biên Hòa,Bien Hoa,VN,10.94469,106.82432,Asia/Ho_Chi_Minh,1272235
Qingpu,Qingpu,CN,31.15394,121.11408,Asia/Shanghai,1271424
Montevideo,Montevideo,UY,-34.90328,-56.18816,America/Montevideo,1270737
Xuchang,Xuchang,CN,34.03189,113.86299,Asia/Shanghai,1265536
Kalyān,Kalyan,IN,19.2437,73.13554,Asia/Kolkata,1262255
Zigong,Zigong,CN,29.34162,104.77689,Asia/Shanghai,1262064
Nizhniy Novgorod,Nizhniy Novgorod,RU,56.32867,44.00205,Europe/Moscow,1259013
Jepara,Jepara,ID,-6.5924,110.671,Asia/Jakarta,1257912
Maputo,Maputo,MZ,-25.96553,32.58322,Africa/Maputo,1254837
Xuzhou,Xuzhou,CN,34.20442,117.28386,Asia/Shanghai,1253991
Dammam,Dammam,SA,26.43442,50.10326,Asia/Riyadh,1252523
Ra’s Bayrūt,Ra's Bayrut,LB,33.9,35.48333,Asia/Beirut,1251739
Neijiang,Neijiang,CN,29.58354,105.06216,Asia/Shanghai,1251095
Shiraz,Shiraz,IR,29.61031,52.53113,Asia/Tehran,1249942
Heshan,Heshan,CN,28.56938,112.34733,Asia/Shanghai,1249807
Dombivali,Dombivali,IN,19.21667,73.08333,Asia/Kolkata,1247327
Kananga,Kananga,CD,-5.89624,22.41659,Africa/Lubumbashi,1247168
Kazan,Kazan,RU,55.78874,49.12214,Europe/Moscow,1243500
Jining,Jining,CN,35.405,116.58139,Asia/Shanghai,1241012
Barquisimeto,Barquisimeto,VE,10.0647,-69.35703,America/Caracas,1240714
Shubrā al Khaymah,Shubra al Khaymah,EG,30.12511,31.25053,Africa/Cairo,1240289
Putuo,Putuo,CN,31.251,121.3897,Asia/Shanghai,1239100
Port-au-Prince,Port-au-Prince,HT,18.54349,-72.33881,America/Port-au-Prince,1234742
Suwon,Suwon,KR,37.29111,127.00889,Asia/Seoul,1234582
Xinyang,Xinyang,CN,32.12278,114.06556,Asia/Shanghai,1230042
Liaocheng,Liaocheng,CN,36.45064,116.00247,Asia/Shanghai,1229768
Jinzhong,Jinzhong,CN,37.68403,112.75471,Asia/Shanghai,1226617
Meerut,Meerut,IN,28.98002,77.70636,Asia/Kolkata,1223184
Virār,Virar,IN,19.45591,72.81136,Asia/Kolkata,1222390
Nowrangapur,Nowrangapur,IN,19.23114,82.54826,Asia/Kolkata,1220946
Karbala,Karbala,IQ,32.61603,44.02488,Asia/Baghdad,1218732
Changzhi,Changzhi,CN,36.18389,113.10528,Asia/Shanghai,1214940
Tianshui,Tianshui,CN,34.57952,105.74238,Asia/Shanghai,1212791
Sadr City,Sadr City,IQ,33.3889,44.4583,Asia/Baghdad,1211849
Yangpu,Yangpu,CN,31.26193,121.51904,Asia/Shanghai,1210800
Mombasa,Mombasa,KE,-4.05466,39.66359,Africa/Nairobi,1208333
Mandalay,Mandalay,MM,21.97473,96.08359,Asia/Yangon,1208099
Srinagar,Srinagar,IN,34.08565,74.80555,Asia/Kolkata,1206419
Barranquilla,Barranquilla,CO,10.96854,-74.78132,America/Bogota,1206319
Chelyabinsk,Chelyabinsk,RU,55.1611,61.42877,Asia/Yekaterinburg,1202371
Mérida,Merida,MX,20.967,-89.62318,America/Merida,1201000
Hiroshima,Hiroshima,JP,34.4,132.45,Asia/Tokyo,1200754
Santiago de los Caballeros,Santiago de los Caballeros,DO,19.45036,-70.69085,America/Santo_Domingo,1200000
Shymkent,Shymkent,KZ,42.30988,69.60042,Asia/Almaty,1200000
Weinan,Weinan,CN,34.50355,109.50891,Asia/Shanghai,1199290
Ghāziābād,Ghaziabad,IN,28.66535,77.43915,Asia/Kolkata,1199191
Matola,Matola,MZ,-25.96222,32.45889,Africa/Maputo,1198988
Dhanbad,Dhanbad,IN,23.79759,86.42992,Asia/Kolkata,1196214
Hong Kong Island,Hong Kong Island,HK,22.26302,114.18419,Asia/Hong_Kong,1195529
Fes,Fes,MA,34.03313,-5.00028,Africa/Casablanca,1191905
Gustavo Adolfo Madero,Gustavo Adolfo Madero,MX,19.49392,-99.11075,America/Mexico_City,1185772
Nouakchott,Nouakchott,MR,18.08581,-15.9785,Africa/Nouakchott,1184530
Kisangani,Kisangani,CD,0.51528,25.19099,Africa/Lubumbashi,1181788
Jiaxing,Jiaxing,CN,30.7522,120.75,Asia/Shanghai,1180000
Aurangabad,Aurangabad,IN,19.87757,75.34226,Asia/Kolkata,1175116
Zhongwei,Zhongwei,CN,37.51129,105.19067,Asia/Shanghai,1174600
Omsk,Omsk,RU,54.99244,73.36859,Asia/Omsk,1172070
Guarulhos,Guarulhos,BR,-23.46278,-46.53333,America/Sao_Paulo,1169577
Panjin,Panjin,CN,41.121,122.0739,Asia/Shanghai,1166481
Bandar Lampung,Bandar Lampung,ID,-5.42917,105.26111,Asia/Jakarta,1166066
Prague,Prague,CZ,50.08804,14.42076,Europe/Prague,1165581
Varanasi,Varanasi,IN,25.31668,83.01041,Asia/Kolkata,1164404
Batam,Batam,ID,1.14937,104.02491,Asia/Jakarta,1164352
Jiujiang,Jiujiang,CN,29.70475,116.00206,Asia/Shanghai,1164268
Samara,Samara,RU,53.20767,50.13553,Europe/Samara,1163399
Aba,Aba,NG,5.10658,7.36667,Africa/Lagos,1160000
Amritsar,Amritsar,IN,31.62234,74.87534,Asia/Kolkata,1159227
Birmingham,Birmingham,GB,52.48142,-1.89983,Europe/London,1157603
Copenhagen,Copenhagen,DK,55.67594,12.56553,Europe/Copenhagen,1153615
Sofia,Sofia,BG,42.69751,23.32415,Europe/Sofia,1152556
Anyang,Anyang,CN,36.096,114.38278,Asia/Shanghai,1146839
Yerevan,Yerevan,AM,40.17765,44.5126,Asia/Yerevan,1144700
Luohu District,Luohu District,CN,22.54721,114.13149,Asia/Shanghai,1143801
Vijayawada,Vijayawada,IN,16.50745,80.6466,Asia/Kolkata,1143232
Fengxiang,Fengxiang,CN,30.85841,121.46779,Asia/Shanghai,1140872
Bijie,Bijie,CN,27.30193,105.28627,Asia/Shanghai,1137383
Monterrey,Monterrey,MX,25.68435,-100.31721,America/Monterrey,1135512
Kigali,Kigali,RW,-1.94995,30.05885,Africa/Kigali,1132686
Rostov-on-Don,Rostov-on-Don,RU,47.21997,39.70769,Europe/Moscow,1130305
Zhuzhou,Zhuzhou,CN,27.83333,113.15,Asia/Shanghai,1129687
Bogor,Bogor,ID,-6.59444,106.78917,Asia/Jakarta,1127408
Malingao,Malingao,PH,7.16083,124.475,Asia/Manila,1121974
Touba,Touba,SN,14.86229,-15.87532,Africa/Dakar,1120824
Ufa,Ufa,RU,54.74306,55.96779,Asia/Yekaterinburg,1120547
Ranchi,Ranchi,IN,23.34316,85.3094,Asia/Kolkata,1120374
Shangrao,Shangrao,CN,28.45179,117.94287,Asia/Shanghai,1116486
Lilongwe,Lilongwe,MW,-13.96692,33.78725,Africa/Blantyre,1115815
Huaibei,Huaibei,CN,33.97444,116.79167,Asia/Shanghai,1113321
Maiduguri,Maiduguri,NG,11.84692,13.15712,Africa/Lagos,1110000
Xuhui,Xuhui,CN,31.19594,121.44709,Asia/Shanghai,1109800
Meishan,Meishan,CN,30.04392,103.83696,Asia/Shanghai,1107742
Mwanza,Mwanza,TZ,-2.51667,32.9,Africa/Dar_es_Salaam,1104521
Ulsan,Ulsan,KR,35.53722,129.31667,Asia/Seoul,1098421
Sendai,Sendai,JP,38.26667,140.86667,Asia/Tokyo,1096704
Krasnoyarsk,Krasnoyarsk,RU,56.03742,92.93136,Asia/Krasnoyarsk,1090811
Fuzhou,Fuzhou,CN,27.95999,116.33333,Asia/Shanghai,1089888
Guigang,Guigang,CN,23.11603,109.59472,Asia/Shanghai,1086327
Pekanbaru,Pekanbaru,ID,0.51667,101.44167,Asia/Jakarta,1085000
Oslo,Oslo,NO,59.91273,10.74609,Europe/Oslo,1082575
Jabalpur,Jabalpur,IN,23.16697,79.95006,Asia/Kolkata,1081677
Ilorin,Ilorin,NG,8.49664,4.54214,Africa/Lagos,1080000
Aden,Aden,YE,12.77957,45.03852,Asia/Aden,1079670
Ciudad Nezahualcoyotl,Ciudad Nezahualcoyotl,MX,19.40061,-99.01483,America/Mexico_City,1077208
Hengyang,Hengyang,CN,26.88946,112.61888,Asia/Shanghai,1075516
Prayagraj,Prayagraj,IN,25.44478,81.84322,Asia/Kolkata,1073438
Visakhapatnam,Visakhapatnam,IN,17.68009,83.20161,Asia/Kolkata,1063178
Goyang-si,Goyang-si,KR,37.65639,126.835,Asia/Seoul,1061752
Yulin,Yulin,CN,22.6305,110.14686,Asia/Shanghai,1056743
Jodhpur,Jodhpur,IN,26.26841,73.00594,Asia/Kolkata,1056191
Gwalior,Gwalior,IN,26.22983,78.17337,Asia/Kolkata,1054420
Jingzhou,Jingzhou,CN,30.35028,112.19028,Asia/Shanghai,1052282
Gqeberha,Gqeberha,ZA,-33.96109,25.61494,Africa/Johannesburg,1050078
Tbilisi,Tbilisi,GE,41.69143,44.83412,Asia/Tbilisi,1049498
Voronezh,Voronezh,RU,51.66833,39.19204,Europe/Moscow,1047549
Xinxiang,Xinxiang,CN,35.19033,113.80151,Asia/Shanghai,1047088
Yichun,Yichun,CN,27.83333,114.4,Asia/Shanghai,1045952
Sokoto,Sokoto,NG,13.06269,5.24322,Africa/Lagos,1040000
Jos,Jos,NG,9.92849,8.89212,Africa/Lagos,1040000
Tangier,Tangier,MA,35.76727,-5.79975,Africa/Casablanca,1035141
Teni,Teni,IN,10.01115,77.47772,Asia/Kolkata,1034724
Xianyang,Xianyang,CN,34.33778,108.70261,Asia/Shanghai,1034081
Mexicali,Mexicali,MX,32.62781,-115.45446,America/Tijuana,1032686
Pointe-Noire,Pointe-Noire,CG,-4.77609,11.86352,Africa/Brazzaville,1032000
Maceió,Maceio,BR,-9.66583,-35.73528,America/Maceio,1031597
Campinas,Campinas,BR,-22.90556,-47.06083,America/Sao_Paulo,1031554
Sanya,Sanya,CN,18.25435,109.50947,Asia/Shanghai,1031396
Rangpur,Rangpur,BD,25.74664,89.25166,Asia/Dhaka,1031388
Kirkuk,Kirkuk,IQ,35.46806,44.39222,Asia/Baghdad,1031000
Ashgabat,Ashgabat,TM,37.95,58.38333,Asia/Ashgabat,1030063
Comilla,Comilla,BD,23.46186,91.18503,Asia/Dhaka,1030000
Shaoguan,Shaoguan,CN,24.8,113.58333,Asia/Shanghai,1028460
Howrah,Howrah,IN,22.57688,88.31857,Asia/Kolkata,1027672
Raipur,Raipur,IN,21.23333,81.63333,Asia/Kolkata,1027264
Changwon,Changwon,KR,35.22806,128.68111,Asia/Seoul,1025702
Longyan,Longyan,CN,25.07485,117.01775,Asia/Shanghai,1025087
Köln,Koeln,DE,50.93333,6.95,Europe/Berlin,1024621
Dublin,Dublin,IE,53.33306,-6.24889,Europe/Dublin,1024027
Tiruchirappalli,Tiruchirappalli,IN,10.8155,78.69651,Asia/Kolkata,1022518
Yongzhou,Yongzhou,CN,26.42389,111.61306,Asia/Shanghai,1020715
Brussels,Brussels,BE,50.85045,4.34878,Europe/Brussels,1019022
Zamboanga,Zamboanga,PH,6.91028,122.07389,Asia/Manila,1018849
Ottawa,Ottawa,CA,45.41117,-75.69812,America/Toronto,1017449
Huzhou,Huzhou,CN,30.8703,120.0933,Asia/Shanghai,1015937
Volgograd,Volgograd,RU,48.71378,44.4976,Europe/Volgograd,1013533
Khartoum North,Khartoum North,SD,15.64925,32.53458,Africa/Khartoum,1012211
Edmonton,Edmonton,CA,53.55014,-113.46871,America/Edmonton,1010899
Odesa,Odesa,UA,46.48572,30.74383,Europe/Kyiv,1010537
Wuwei,Wuwei,CN,37.92672,102.63202,Asia/Shanghai,1010295
Jacksonville,Jacksonville,US,30.33218,-81.65565,America/New_York,1009833
Arequipa,Arequipa,PE,-16.39899,-71.53747,America/Lima,1008290
Fort Worth,Fort Worth,US,32.72541,-97.32085,America/Chicago,1008106
Hanzhong,Hanzhong,CN,33.07507,107.02214,Asia/Shanghai,1006557
Hezhou,Hezhou,CN,24.40357,111.56675,Asia/Shanghai,1005490
Pest,Pest,HU,47.5,19.08333,Europe/Budapest,1001748
Kota,Kota,IN,25.18254,75.83907,Asia/Kolkata,1001694
Zhu Cheng City,Zhu Cheng City,CN,35.99502,119.40259,Asia/Shanghai,1000000
Shivaji Nagar,Shivaji Nagar,IN,18.53017,73.85263,Asia/Kolkata,1000000
Dongying,Dongying,CN,37.46271,118.49165,Asia/Shanghai,998968
Luzhou,Luzhou,CN,28.8903,105.42575,Asia/Shanghai,998900
San Jose,San Jose,US,37.33939,-121.89496,America/Los_Angeles,997368
Sholapur,Sholapur,IN,17.67152,75.91044,Asia/Kolkata,997281
Marrakesh,Marrakesh,MA,31.63416,-7.99994,Africa/Casablanca,995871
Guatemala City,Guatemala City,GT,14.64072,-90.51327,America/Guatemala,994938
Meizhou,Meizhou,CN,24.28859,116.11768,Asia/Shanghai,992351
Yueyang,Yueyang,CN,29.37455,113.09481,Asia/Shanghai,991465
Laiwu,Laiwu,CN,36.19278,117.65694,Asia/Shanghai,989535
Benxi,Benxi,CN,41.28861,123.765,Asia/Shanghai,987717
Perm,Perm,RU,58.01046,56.25017,Asia/Yekaterinburg,982419
Zaria,Zaria,NG,11.11128,7.7227,Africa/Lagos,980000
Kennedy,Kennedy,CO,4.6165,-74.14597,America/Bogota,979914
Chiba,Chiba,JP,35.6,140.11667,Asia/Tokyo,979768
Pingdingshan,Pingdingshan,CN,33.73091,113.31554,Asia/Shanghai,979130
Ciudad Guayana,Ciudad Guayana,VE,8.35122,-62.64102,America/Caracas,978202
Sargodha,Sargodha,PK,32.08586,72.67418,Asia/Karachi,975886
Austin,Austin,US,30.26715,-97.74306,America/Chicago,974447
Managua,Managua,NI,12.13282,-86.2504,America/Managua,973087
Bengbu,Bengbu,CN,32.94083,117.36083,Asia/Shanghai,972784
Salé,Sale,MA,34.0531,-6.79846,Africa/Casablanca,972299
Jerusalem,Jerusalem,IL,31.76904,35.21633,Asia/Jerusalem,971800
Chandigarh,Chandigarh,IN,30.73629,76.7884,Asia/Kolkata,970602
Dnipro,Dnipro,UA,48.46664,35.04066,Europe/Kyiv,968502
Cebu City,Cebu City,PH,10.31672,123.89071,Asia/Manila,965332
Sanhe,Sanhe,CN,39.98049,117.06887,Asia/Shanghai,965075
Tiruppur,Tiruppur,IN,11.11541,77.35456,Asia/Kolkata,963173
Guwahati,Guwahati,IN,26.1844,91.7458,Asia/Kolkata,962334
Xiangtan,Xiangtan,CN,27.85,112.9,Asia/Shanghai,959303
Linfen,Linfen,CN,36.08889,111.51889,Asia/Shanghai,959198
Victoria,Victoria,HK,22.2875,114.14417,Asia/Hong_Kong,956800
Zhenjiang,Zhenjiang,CN,32.21086,119.45508,Asia/Shanghai,950516
Enugu,Enugu,NG,6.44132,7.49883,Africa/Lagos,950000
Rosario,Rosario,AR,-32.94682,-60.63932,America/Argentina/Cordoba,948312
Sulţānah,Sultanah,SA,24.49258,39.58572,Asia/Riyadh,946697
Huludao,Huludao,CN,40.75243,120.83552,Asia/Shanghai,944495
Hubballi,Hubballi,IN,15.34776,75.13378,Asia/Kolkata,943788
Kitakyushu,Kitakyushu,JP,33.85181,130.85034,Asia/Tokyo,940978
Taiz,Taiz,YE,13.57952,44.02091,Asia/Aden,940600
Setagaya,Setagaya,JP,35.64188,139.64715,Asia/Tokyo,940071
Kingston,Kingston,JM,17.99702,-76.79358,America/Jamaica,937700
Jing’an,Jing'an,CN,31.22,121.41583,Asia/Shanghai,936500
Baoshan,Baoshan,CN,25.11626,99.16366,Asia/Shanghai,935618
Rui’an,Rui'an,CN,27.77605,120.65859,Asia/Shanghai,927383
Chihuahua,Chihuahua,MX,28.63528,-106.08889,America/Chihuahua,925762
Nay Pyi Taw,Nay Pyi Taw,MM,19.745,96.12972,Asia/Yangon,925000
Eskişehir,Eskisehir,TR,39.77667,30.52056,Europe/Istanbul,921630
Mysuru,Mysuru,IN,12.29791,76.63925,Asia/Kolkata,920550
Trujillo,Trujillo,PE,-8.11599,-79.02998,America/Lima,919899
Salem,Salem,IN,11.65376,78.15538,Asia/Kolkata,917414
São Luís,Sao Luis,BR,-2.52972,-44.30278,America/Fortaleza,917237
Seongnam-si,Seongnam-si,KR,37.43861,127.13778,Asia/Seoul,914832
Cartagena,Cartagena,CO,10.39817,-75.49328,America/Bogota,914552
Antipolo,Antipolo,PH,14.62578,121.12251,Asia/Manila,913712
Columbus,Columbus,US,39.96118,-82.99879,America/New_York,913175
Sialkot,Sialkot,PK,32.49268,74.53134,Asia/Karachi,911817
Charlotte,Charlotte,US,35.22709,-80.84313,America/New_York,911311
Laibin,Laibin,CN,23.74743,109.22222,Asia/Shanghai,910282
Warri,Warri,NG,5.51737,5.75006,Africa/Lagos,910000
Naples,Naples,IT,40.85216,14.26811,Europe/Rome,909048
Padang,Padang,ID,-0.94924,100.35427,Asia/Jakarta,909040
Xiaogan,Xiaogan,CN,30.92689,113.92221,Asia/Shanghai,908266
Campo Grande,Campo Grande,BR,-20.44278,-54.64639,America/Campo_Grande,906092
Ziyang,Ziyang,CN,30.12108,104.64811,Asia/Shanghai,905729
Bobo-Dioulasso,Bobo-Dioulasso,BF,11.18064,-4.29489,Africa/Ouagadougou,904920
Bahawalpur,Bahawalpur,PK,29.39779,71.6752,Asia/Karachi,903795
Quzhou,Quzhou,CN,28.95944,118.86861,Asia/Shanghai,902767
Blantyre,Blantyre,MW,-15.78499,35.00854,Africa/Blantyre,902588
Donetsk,Donetsk,UA,48.023,37.80224,Europe/Kyiv,901645
Abū Ghurayb,Abu Ghurayb,IQ,33.30563,44.18477,Asia/Baghdad,900000
Qom,Qom,IR,34.6401,50.8764,Asia/Tehran,900000
Bishkek,Bishkek,KG,42.87,74.59,Asia/Bishkek,900000
Zaozhuang,Zaozhuang,CN,34.86472,117.55417,Asia/Shanghai,899753
Krasnodar,Krasnodar,RU,45.04534,38.98178,Europe/Moscow,899541
Natal,Natal,BR,-5.795,-35.20944,America/Fortaleza,896708
Pingxiang,Pingxiang,CN,27.61672,113.85353,Asia/Shanghai,893550
Cancún,Cancun,MX,21.17429,-86.84656,America/Cancun,888797
Indianapolis,Indianapolis,US,39.76838,-86.15804,America/Indiana/Indianapolis,887642
Gurugram,Gurgaon,IN,28.4601,77.02635,Asia/Kolkata,886519
Bhubaneswar,Bhubaneswar,IN,20.27241,85.83385,Asia/Kolkata,885363
Zhoushan,Zhoushan,CN,29.98869,122.20488,Asia/Shanghai,882932
Qiqihar,Qiqihar,CN,47.33922,123.96154,Asia/Shanghai,882364
Mulenvos,Mulenvos,AO,-8.86695,13.3344,Africa/Luanda,882014
Sulaymaniyah,Sulaymaniyah,IQ,35.56496,45.4329,Asia/Baghdad,878146
Marseille,Marseille,FR,43.29695,5.38107,Europe/Paris,877215
Puning,Puning,CN,23.31072,116.16869,Asia/Shanghai,874954
Pikine,Pikine,SN,14.76457,-17.39071,Africa/Dakar,874062
Bhiwandi,Bhiwandi,IN,19.30023,73.05881,Asia/Kolkata,874032
Soshanguve,Soshanguve,ZA,-25.47288,28.09919,Africa/Johannesburg,872309
Teresina,Teresina,BR,-5.08917,-42.80194,America/Fortaleza,871126
Ankang,Ankang,CN,32.68,109.01722,Asia/Shanghai,870126
Jalandhar,Jalandhar,IN,31.32556,75.57917,Asia/Kolkata,868929
Rotterdam,Rotterdam,NL,51.9225,4.47917,Europe/Amsterdam,868135
Langfang,Langfang,CN,39.52079,116.71471,Asia/Shanghai,868066
Viana,Viana,AO,-8.90553,13.37499,Africa/Luanda,865863
Jiaozuo,Jiaozuo,CN,35.23925,113.23914,Asia/Shanghai,865413
Rohini,Rohini,IN,28.74322,77.06778,Asia/Kolkata,860000
Wanxian,Wanxian,CN,30.81601,108.37407,Asia/Shanghai,859662
Guang’an,Guang'an,CN,30.47413,106.63696,Asia/Shanghai,858159
Johor Bahru,Johor Bahru,MY,1.4655,103.7578,Asia/Kuala_Lumpur,858118
Pasig City,Pasig City,PH,14.58691,121.0614,Asia/Manila,853050
Cheongju-si,Cheongju-si,KR,36.63722,127.48972,Asia/Seoul,852147
Kanayannur,Kanayannur,IN,9.96667,76.26667,Asia/Kolkata,851406
Tegucigalpa,Tegucigalpa,HN,14.0818,-87.20681,America/Tegucigalpa,850848
Bucheon-si,Bucheon-si,KR,37.49889,126.78306,Asia/Seoul,850731
Thanh Hóa,Thanh Hoa,VN,19.8,105.76667,Asia/Bangkok,850000
Turin,Turin,IT,45.07049,7.68682,Europe/Rome,847287
Malang,Malang,ID,-7.9797,112.6304,Asia/Jakarta,847182
Al Ain City,Al Ain City,AE,24.19167,55.76056,Asia/Dubai,846747
Libreville,Libreville,GA,0.39241,9.45356,Africa/Libreville,846090
Saratov,Saratov,RU,51.54048,45.9901,Europe/Saratov,844858
Ulan Bator,Ulan Bator,MN,47.90771,106.88324,Asia/Ulaanbaatar,844818
Weihai,Weihai,CN,37.50914,122.11356,Asia/Shanghai,844310
Takeo,Takeo,KH,10.99081,104.78498,Asia/Phnom_Penh,843931
Cochabamba,Cochabamba,BO,-17.38195,-66.15995,America/La_Paz,841276
Ahvaz,Ahvaz,IR,31.31901,48.6842,Asia/Tehran,841145
Vientiane,Vientiane,LA,17.96667,102.6,Asia/Vientiane,840940
Zhabei,Zhabei,CN,31.25861,121.45972,Asia/Shanghai,840000
Xinyu,Xinyu,CN,27.80429,114.93335,Asia/Shanghai,839488
Pietermaritzburg,Pietermaritzburg,ZA,-29.61679,30.39278,Africa/Johannesburg,839327
Yibin,Yibin,CN,28.7593,104.63994,Asia/Shanghai,836340
Naucalpan de Juárez,Naucalpan de Juarez,MX,19.47851,-99.23963,America/Mexico_City,834434
Kampung Baru Subang,Kampung Baru Subang,MY,3.15,101.53333,Asia/Kuala_Lumpur,833571
Bouaké,Bouake,CI,7.69385,-5.03031,Africa/Abidjan,832371
Samarinda,Samarinda,ID,-0.49167,117.14583,Asia/Makassar,831460
Taicang,Taicang,CN,31.44778,121.09389,Asia/Shanghai,831113
San Francisco,San Francisco,US,37.77493,-122.41942,America/Los_Angeles,827526
Sakai,Sakai,JP,34.58216,135.46653,Asia/Tokyo,826161
Valencia,Valencia,ES,39.47391,-0.37966,Europe/Madrid,824340
Nova Iguaçu,Nova Iguacu,BR,-22.75917,-43.45111,America/Sao_Paulo,823302
Jinshan,Jinshan,CN,30.83556,121.29373,Asia/Shanghai,822776
Chenzhou,Chenzhou,CN,25.8,113.03333,Asia/Shanghai,822534
Duque de Caxias,Duque de Caxias,BR,-22.78556,-43.31167,America/Sao_Paulo,818329
João Pessoa,Joao Pessoa,BR,-7.115,-34.86306,America/Fortaleza,817511
Bukavu,Bukavu,CD,-2.49077,28.84281,Africa/Lubumbashi,816811
Barcelona,Barcelona,VE,10.1384,-64.68769,America/Caracas,815141
Bangui,Bangui,CF,4.36122,18.55496,Africa/Bangui,812407
Hermosillo,Hermosillo,MX,29.08874,-110.96677,America/Hermosillo,812229
Bhayandar,Bhayandar,IN,19.30157,72.85107,Asia/Kolkata,809378
Culiacán,Culiacan,MX,24.80209,-107.39421,America/Mazatlan,808416
Petaling Jaya,Petaling Jaya,MY,3.10726,101.60671,Asia/Kuala_Lumpur,807879
Anqing,Anqing,CN,30.51365,117.04723,Asia/Shanghai,804493
Kraków,Krakow,PL,50.06143,19.93658,Europe/Warsaw,804237
Oran,Oran,DZ,35.69906,-0.63588,Africa/Algiers,803329
Freetown,Freetown,SL,8.48714,-13.2356,Africa/Freetown,802639
San Pedro Sula,San Pedro Sula,HN,15.50585,-88.02588,America/Tegucigalpa,801259
Narela,Narela,IN,28.85267,77.09288,Asia/Kolkata,800000
Xingtai,Xingtai,CN,37.06217,114.49272,Asia/Shanghai,798770
Niigata,Niigata,JP,37.92259,139.04125,Asia/Tokyo,797591
Muscat,Muscat,OM,23.58413,58.40778,Asia/Muscat,797000
Zarqa,Zarqa,JO,32.07275,36.08796,Asia/Amman,792665
Çankaya,Cankaya,TR,39.9179,32.86268,Europe/Istanbul,792189
Hamamatsu,Hamamatsu,JP,34.7,137.73333,Asia/Tokyo,791707
Kolwezi,Kolwezi,CD,-10.71484,25.46674,Africa/Lubumbashi,790248
Vinh,Vinh,VN,18.67337,105.69232,Asia/Bangkok,790000
Thiruvananthapuram,Thiruvananthapuram,IN,8.4855,76.94924,Asia/Kolkata,788271
Zhaotong,Zhaotong,CN,27.31667,103.71667,Asia/Shanghai,787845
Panzhihua,Panzhihua,CN,26.58509,101.71276,Asia/Shanghai,787177
Chuzhou,Chuzhou,CN,32.32194,118.29778,Asia/Shanghai,782671
Seattle,Seattle,US,47.60621,-122.33207,America/Los_Angeles,780995
Port Said,Port Said,EG,31.26531,32.3019,Africa/Cairo,780515
Cúcuta,Cucuta,CO,7.90745,-72.5049,America/Bogota,777106
Homs,Homs,SY,34.72405,36.72559,Asia/Damascus,775404
Xuancheng,Xuancheng,CN,30.9525,118.75528,Asia/Shanghai,774332
Ibb,Ibb,YE,13.96667,44.18333,Asia/Aden,771514
Nampula,Nampula,MZ,-15.11646,39.2666,Africa/Maputo,770379
Shangyu,Shangyu,CN,30.01556,120.87111,Asia/Shanghai,770000
Bujumbura,Bujumbura,BI,-3.38193,29.36142,Africa/Bujumbura,769317
Tyumen,Tyumen,RU,57.15222,65.52722,Asia/Yekaterinburg,768358
Erzurum,Erzurum,TR,39.90861,41.27694,Europe/Istanbul,767848
Anshun,Anshun,CN,26.25,105.93333,Asia/Shanghai,765313
Dodoma,Dodoma,TZ,-6.17221,35.73947,Africa/Dar_es_Salaam,765179
Rajshahi,Rajshahi,BD,24.374,88.60114,Asia/Dhaka,763580
Dera Ismail Khan,Dera Ismail Khan,PK,31.83129,70.9017,Asia/Karachi,763195
Wuzhou,Wuzhou,CN,23.48054,111.28848,Asia/Shanghai,761948
Ipoh,Ipoh,MY,4.5841,101.0829,Asia/Kuala_Lumpur,759952
Qinhuangdao,Qinhuangdao,CN,39.94104,119.58936,Asia/Shanghai,759718
Benghazi,Benghazi,LY,32.11486,20.06859,Africa/Tripoli,757490
Alīgarh,Aligarh,IN,27.88145,78.07464,Asia/Kolkata,753207
Shaoyang,Shaoyang,CN,27.23818,111.46214,Asia/Shanghai,753194
Malatya,Malatya,TR,38.35018,38.31667,Europe/Istanbul,750491
Winnipeg,Winnipeg,CA,49.8844,-97.14704,America/Winnipeg,749607
Bağcılar,Bagcilar,TR,41.03903,28.85671,Europe/Istanbul,749024
Ōta,Ota,JP,35.56126,139.71605,Asia/Tokyo,748081
Andijon,Andijon,UZ,40.78338,72.35067,Asia/Tashkent,747800
Bareilly,Bareilly,IN,28.36678,79.43167,Asia/Kolkata,745435
Buraydah,Buraydah,SA,26.32599,43.97497,Asia/Riyadh,745353
São Bernardo do Campo,Sao Bernardo do Campo,BR,-23.69389,-46.565,America/Sao_Paulo,743372
Hegang,Hegang,CN,47.34727,130.29033,Asia/Shanghai,743307
Morelia,Morelia,MX,19.70078,-101.18443,America/Mexico_City,743275
Riga,Riga,LV,56.946,24.10589,Europe/Riga,742572
Tasikmalaya,Tasikmalaya,ID,-7.3274,108.2207,Asia/Jakarta,741760
Amsterdam,Amsterdam,NL,52.37403,4.88969,Europe/Amsterdam,741636
Cagayan de Oro,Cagayan de Oro,PH,8.48222,124.64722,Asia/Manila,741617
Ma’anshan,Ma'anshan,CN,31.68579,118.51008,Asia/Shanghai,741531
Shah Alam,Shah Alam,MY,3.08507,101.53281,Asia/Kuala_Lumpur,740750
Shizuishan,Shizuishan,CN,38.98082,106.3892,Asia/Shanghai,739400
Kumamoto,Kumamoto,JP,32.80589,130.69181,Asia/Tokyo,738907
Oyo,Oyo,NG,7.85367,3.93235,Africa/Lagos,736072
Torreón,Torreon,MX,25.54389,-103.41898,America/Monterrey,735340
Deyang,Deyang,CN,31.13019,104.38198,Asia/Shanghai,735070
Abeokuta,Abeokuta,NG,7.15571,3.34509,Africa/Lagos,735000
Al Ḩudaydah,Al Hudaydah,YE,14.79781,42.95452,Asia/Aden,734699
Yangquan,Yangquan,CN,37.8575,113.56333,Asia/Shanghai,731228
Akure,Akure,NG,7.25256,5.19312,Africa/Lagos,730000
São José dos Campos,Sao Jose dos Campos,BR,-23.17944,-45.88694,America/Sao_Paulo,729737
Denver,Denver,US,39.73915,-104.9847,America/Denver,729019
Osasco,Osasco,BR,-23.5325,-46.79167,America/Sao_Paulo,728615
Kikolo,Kikolo,AO,-8.7815,13.33384,Africa/Luanda,728205
Maianga,Maianga,AO,-8.84693,13.23698,Africa/Luanda,727681
Álvaro Obregón,Alvaro Obregon,MX,19.35867,-99.20329,America/Mexico_City,726664
Aihara,Aihara,JP,35.6,139.31667,Asia/Tokyo,725493
Evaton,Evaton,ZA,-26.53333,27.85,Africa/Johannesburg,725468
Denpasar,Denpasar,ID,-8.65,115.21667,Asia/Makassar,725314
Valenzuela,Valenzuela,PH,14.7,120.9667,Asia/Manila,725173
Muzaffarābād,Muzaffarabad,PK,34.37002,73.47082,Asia/Karachi,725000
Okayama,Okayama,JP,34.65,133.93333,Asia/Tokyo,724691
San Luis Potosí,San Luis Potosi,MX,22.15234,-100.97135,America/Monterrey,722772
Aguascalientes,Aguascalientes,MX,21.88262,-102.2843,America/Mexico_City,722250
General Santos,General Santos,PH,6.11278,125.17167,Asia/Manila,722059
Zhumadian,Zhumadian,CN,32.97944,114.02944,Asia/Shanghai,721670
Morādābād,Moradabad,IN,28.83893,78.77684,Asia/Kolkata,721139
Sagamihara,Sagamihara,JP,35.56707,139.24167,Asia/Tokyo,720780
Mississauga,Mississauga,CA,43.5789,-79.6583,America/Toronto,717961
Lviv,Lviv,UA,49.83826,24.02324,Europe/Kyiv,717273
Namangan,Namangan,UZ,40.9983,71.67257,Asia/Tashkent,713220
Ribeirão Preto,Ribeirao Preto,BR,-21.1775,-47.81028,America/Sao_Paulo,711825
Zaporizhzhya,Zaporizhzhya,UA,47.85167,35.11714,Europe/Kyiv,710052
Zanzibar,Zanzibar,TZ,-6.16394,39.19793,Africa/Dar_es_Salaam,709809
Saltillo,Saltillo,MX,25.42595,-100.97963,America/Monterrey,709671
Latakia,Latakia,SY,35.53125,35.79088,Asia/Damascus,709000
Subang Jaya,Subang Jaya,MY,3.04384,101.58062,Asia/Kuala_Lumpur,708296
Warangal,Warangal,IN,18,79.58333,Asia/Kolkata,704570
Paranaque City,Paranaque City,PH,14.48156,121.01749,Asia/Manila,703245
Tolyatti,Tolyatti,RU,53.5303,49.3461,Europe/Samara,702879
Jaboatão,Jaboatao,BR,-8.18028,-35.00139,America/Recife,702621
Santo Domingo Oeste,Santo Domingo Oeste,DO,18.5,-70,America/Santo_Domingo,701269
Santo Domingo Este,Santo Domingo Este,DO,18.48511,-69.84757,America/Santo_Domingo,700000
Dhārāvi,Dharavi,IN,19.05,72.86667,Asia/Kolkata,700000
Battagram,Battagram,PK,34.67719,73.02329,Asia/Karachi,700000
Suez,Suez,EG,29.97371,32.52627,Africa/Cairo,699541
Changzhi,Changzhi,CN,35.20889,111.73861,Asia/Shanghai,699514
Agadir,Agadir,MA,30.42018,-9.59815,Africa/Casablanca,698310
Edogawe,Edogawe,JP,35.69225,139.87308,Asia/Tokyo,697932
Sarajevo,Sarajevo,BA,43.84864,18.35644,Europe/Sarajevo,696731
Balikpapan,Balikpapan,ID,-1.26753,116.82887,Asia/Makassar,695287
Adachi,Adachi,JP,35.76318,139.80761,Asia/Tokyo,695043
Changning,Changning,CN,31.21739,121.42105,Asia/Shanghai,694900
Bauchi,Bauchi,NG,10.31032,9.84388,Africa/Lagos,693700
Shizuoka,Shizuoka,JP,34.98333,138.38333,Asia/Tokyo,693389
Tunis,Tunis,TN,36.81897,10.16579,Africa/Tunis,693210
Zhangjiakou,Zhangjiakou,CN,40.78341,114.87139,Asia/Shanghai,692602
Serang,Serang,ID,-6.11528,106.15417,Asia/Jakarta,692101
Washington,Washington,US,38.89511,-77.03637,America/New_York,689545
Nashville,Nashville,US,36.16589,-86.78444,America/Chicago,689447
Fuxin,Fuxin,CN,42.01556,121.65889,Asia/Shanghai,689050
Ta’if,Ta'if,SA,21.27028,40.41583,Asia/Riyadh,688693
Changsha,Changsha,CN,22.38124,112.68492,Asia/Shanghai,688242
Huangshi,Huangshi,CN,30.24706,115.04814,Asia/Shanghai,688090
Liaoyang,Liaoyang,CN,41.27194,123.17306,Asia/Shanghai,687890
Hlaingthaya,Hlaingthaya,MM,16.85,96.06667,Asia/Yangon,687867
Beira,Beira,MZ,-19.84361,34.83889,Africa/Maputo,687764
Hongkou,Hongkou,CN,31.25,121.48917,Asia/Shanghai,687500
Sorocaba,Sorocaba,BR,-23.50167,-47.45806,America/Sao_Paulo,687357
Zaragoza,Zaragoza,ES,41.65606,-0.87734,Europe/Madrid,686986
Sevilla,Sevilla,ES,37.38283,-5.97317,Europe/Madrid,686741
Baise,Baise,CN,23.89013,106.62684,Asia/Shanghai,686078
Situbondo,Situbondo,ID,-7.70623,114.00976,Asia/Jakarta,685967
Binzhou,Binzhou,CN,37.36667,118.01667,Asia/Shanghai,682717
Oklahoma City,Oklahoma City,US,35.46756,-97.51643,America/Chicago,681054
Yuncheng,Yuncheng,CN,35.02306,110.99278,Asia/Shanghai,680036
Dezhou,Dezhou,CN,37.44661,116.36706,Asia/Shanghai,679535
Dushanbe,Dushanbe,TJ,38.53575,68.77905,Asia/Dushanbe,679400
Cotonou,Cotonou,BJ,6.36536,2.41833,Africa/Porto-Novo,679012
El Paso,El Paso,US,31.75872,-106.48693,America/Denver,678815
Gorakhpur,Gorakhpur,IN,26.76628,83.36889,Asia/Kolkata,674246
Guadalupe,Guadalupe,MX,25.67678,-100.25646,America/Monterrey,673616
Wrocław,Wroclaw,PL,51.10286,17.03006,Europe/Warsaw,672545
Guntur,Guntur,IN,16.29974,80.45729,Asia/Kolkata,670073
Katsina,Katsina,NG,12.99082,7.60177,Africa/Lagos,670000
Sanmenxia,Sanmenxia,CN,34.78081,111.19287,Asia/Shanghai,669307
E’zhou,E'zhou,CN,30.39607,114.88655,Asia/Shanghai,668727
Madīnat an Naşr,Madinat an Nasr,EG,30.06667,31.3,Africa/Cairo,668413
Camama,Camama,AO,-8.93611,13.26518,Africa/Luanda,667094
Tabuk,Tabuk,SA,28.3998,36.57151,Asia/Riyadh,667000
Kitwe,Kitwe,ZM,-12.80243,28.21323,Africa/Lusaka,665961
Bulawayo,Bulawayo,ZW,-20.15,28.58333,Africa/Harare,665952
Mudanjiang,Mudanjiang,CN,44.54804,129.62594,Asia/Shanghai,665915
Aracaju,Aracaju,BR,-10.91111,-37.07167,America/Maceio,664908
Athens,Athens,GR,37.98376,23.72784,Europe/Athens,664046
Zagreb,Zagreb,HR,45.81444,15.97798,Europe/Zagreb,663592
Leshan,Leshan,CN,29.56227,103.76386,Asia/Shanghai,662814
Santo André,Santo Andre,BR,-23.66389,-46.53833,America/Sao_Paulo,662373
Vancouver,Vancouver,CA,49.24966,-123.11934,America/Vancouver,662248
Rizhao,Rizhao,CN,35.41414,119.52908,Asia/Shanghai,661943
Helsinki,Helsinki,FI,60.16952,24.93545,Europe/Helsinki,658864
Cheonan,Cheonan,KR,36.8065,127.1522,Asia/Seoul,658831
Pontianak,Pontianak,ID,-0.03194,109.325,Asia/Pontianak,658685
Acapulco de Juárez,Acapulco de Juarez,MX,16.84942,-99.90891,America/Mexico_City,658609
Banjarmasin,Banjarmasin,ID,-3.31987,114.59075,Asia/Makassar,657663
Puducherry,Puducherry,IN,11.93381,79.82979,Asia/Kolkata,657209
Suining,Suining,CN,30.50802,105.57332,Asia/Shanghai,656760
Brampton,Brampton,CA,43.68341,-79.76633,America/Toronto,656480
Golfe,Golfe,AO,-8.86639,13.26173,Africa/Luanda,655796
Puyang,Puyang,CN,35.75641,115.04363,Asia/Shanghai,655674
Soacha,Soacha,CO,4.57937,-74.21682,America/Bogota,655025
Boston,Boston,US,42.35843,-71.05977,America/New_York,653833
Tlalnepantla,Tlalnepantla,MX,19.54005,-99.19538,America/Mexico_City,653410
Portland,Portland,US,45.52345,-122.67621,America/Los_Angeles,652503
Calumbo,Calumbo,AO,-9.14692,13.41936,Africa/Luanda,652270
Tlaquepaque,Tlaquepaque,MX,20.64121,-103.29342,America/Mexico_City,650123
Frankfurt am Main,Frankfurt am Main,DE,50.11552,8.68417,Europe/Berlin,650000
Macau,Macau,MO,22.20056,113.54611,Asia/Macau,649335
Palermo,Palermo,IT,38.1166,13.3636,Europe/Rome,648260
Izhevsk,Izhevsk,RU,56.85225,53.19862,Europe/Samara,648213
Colombo,Colombo,LK,6.93548,79.84868,Asia/Colombo,648034
Maturín,Maturin,VE,9.74569,-63.18323,America/Caracas,647459
Amravati,Amravati,IN,20.93333,77.75,Asia/Kolkata,647057
Detroit,Detroit,US,42.33143,-83.04575,America/Detroit,645705
Łódź,Lodz,PL,51.77058,19.47395,Europe/Warsaw,645693
Osogbo,Osogbo,NG,7.77104,4.55698,Africa/Lagos,645000
Honchō,Honcho,JP,35.70129,139.98648,Asia/Tokyo,644668
Bikaner,Bikaner,IN,28.01762,73.31495,Asia/Kolkata,644406
Jaboatão dos Guararapes,Jaboatao dos Guararapes,BR,-8.11278,-35.01472,America/Recife,644037
Hoji ya Henda,Hoji ya Henda,AO,-8.80523,13.2897,Africa/Luanda,642050
Las Vegas,Las Vegas,US,36.17497,-115.13722,America/Los_Angeles,641903
New South Memphis,New South Memphis,US,35.08676,-90.05676,America/Chicago,641608
Hwaseong-si,Hwaseong-si,KR,37.20682,126.8169,Asia/Seoul,640890
Gold Coast,Gold Coast,AU,-28.00029,153.43088,Australia/Brisbane,640778
Jeonju,Jeonju,KR,35.82194,127.14889,Asia/Seoul,638421
Chongming,Chongming,CN,31.61852,121.69621,Asia/Shanghai,637921
Al Aḩmadī,Al Ahmadi,KW,29.07694,48.08389,Asia/Kuwait,637411
Cuenca,Cuenca,EC,-2.8953,-78.9963,America/Guayaquil,636996
Chisinau,Chisinau,MD,47.00902,28.85938,Europe/Chisinau,635994
Likasi,Likasi,CD,-10.98303,26.7384,Africa/Lubumbashi,635768
Hebi,Hebi,CN,35.73231,114.28616,Asia/Shanghai,634721
Tshikapa,Tshikapa,CD,-6.41621,20.79995,Africa/Lubumbashi,634529
Kochi,Kochi,IN,9.93988,76.26022,Asia/Kolkata,633553
Memphis,Memphis,US,35.14953,-90.04898,America/Chicago,633104
Jingmen,Jingmen,CN,31.03361,112.20472,Asia/Shanghai,632954
Barnaul,Barnaul,RU,53.36199,83.72786,Asia/Barnaul,632372
Dandong,Dandong,CN,40.12917,124.39472,Asia/Shanghai,631973
Bhilai,Bhilai,IN,21.20919,81.4285,Asia/Kolkata,627734
Ndola,Ndola,ZM,-12.95867,28.63659,Africa/Lusaka,627503
Contagem,Contagem,BR,-19.93167,-44.05361,America/Sao_Paulo,627123
Ulyanovsk,Ulyanovsk,RU,54.32824,48.38657,Europe/Ulyanovsk,626540
Djibouti,Djibouti,DJ,11.58901,43.14503,Africa/Djibouti,626512
Glasgow,Glasgow,GB,55.86515,-4.25763,Europe/London,626410
Panshan,Panshan,CN,41.18806,122.04944,Asia/Shanghai,625040
Louisville,Louisville,US,38.25424,-85.75941,America/Kentucky/Louisville,624444
Irkutsk,Irkutsk,RU,52.29566,104.29076,Asia/Irkutsk,623869
Ansan-si,Ansan-si,KR,37.32361,126.82194,Asia/Seoul,623256
Al Mansurah,Al Mansurah,EG,31.03637,31.38069,Africa/Cairo,621953
Kermanshah,Kermanshah,IR,34.31417,47.065,Asia/Tehran,621100
Feira de Santana,Feira de Santana,BR,-12.26667,-38.96667,America/Bahia,619609
Jiaozhou,Jiaozhou,CN,36.28389,120.00333,Asia/Shanghai,619266
Düsseldorf,Duesseldorf,DE,51.22319,6.77927,Europe/Berlin,618685
Suizhou,Suizhou,CN,31.71111,113.36306,Asia/Shanghai,618582
Villa Nueva,Villa Nueva,GT,14.52512,-90.58544,America/Guatemala,618397
Khabarovsk,Khabarovsk,RU,48.46204,135.0971,Asia/Vladivostok,618150
Cuiabá,Cuiaba,BR,-15.59611,-56.09667,America/Cuiaba,618124
Arusha,Arusha,TZ,-3.36667,36.68333,Africa/Dar_es_Salaam,617631
Las Piñas,Las Pinas,PH,14.45056,120.98278,Asia/Manila,615549
Chizhou,Chizhou,CN,30.66134,117.47783,Asia/Shanghai,615274
Coyoacán,Coyoacan,MX,19.3467,-99.16174,America/Mexico_City,614447
Stuttgart,Stuttgart,DE,48.78232,9.17702,Europe/Berlin,612663
Ya'an,Ya'an,CN,29.98521,102.999,Asia/Shanghai,612056
Cuttack,Cuttack,IN,20.46497,85.87927,Asia/Kolkata,610189
Borivli,Borivli,IN,19.23496,72.85976,Asia/Kolkata,609617
Yaroslavl,Yaroslavl,RU,57.62987,39.87368,Europe/Moscow,608722
Gothenburg,Gothenburg,SE,57.70716,11.96679,Europe/Stockholm,608462
Kawaguchi,Kawaguchi,JP,35.80521,139.71072,Asia/Tokyo,607373
Bukit Rahman Putra,Bukit Rahman Putra,MY,3.21727,101.5608,Asia/Kuala_Lumpur,607000
Jambi City,Jambi City,ID,-1.6,103.61667,Asia/Jakarta,606200
Ha'il,Ha'il,SA,27.52188,41.69073,Asia/Riyadh,605930
Bhavnagar,Bhavnagar,IN,21.76287,72.15331,Asia/Kolkata,605882
Benoni,Benoni,ZA,-26.18848,28.32078,Africa/Johannesburg,605344
Vladivostok,Vladivostok,RU,43.10562,131.87353,Asia/Vladivostok,604901
Jinzhou,Jinzhou,CN,41.10778,121.14167,Asia/Shanghai,604269
Tuxtla,Tuxtla,MX,16.75357,-93.11578,America/Merida,604147
Kryvyy Rih,Kryvyy Rih,UA,47.90572,33.39404,Europe/Kyiv,603904
Sanming,Sanming,CN,26.24861,117.61861,Asia/Shanghai,602166
Islamabad,Islamabad,PK,33.72148,73.04329,Asia/Karachi,601600
Sāngli,Sangli,IN,16.85438,74.56417,Asia/Kolkata,601214
Jamnagar,Jamnagar,IN,22.47292,70.06673,Asia/Kolkata,600943
Lubango,Lubango,AO,-14.91717,13.4925,Africa/Luanda,600751
Pokhara,Pokhara,NP,28.26689,83.96851,Asia/Kathmandu,600051
Shuangyashan,Shuangyashan,CN,46.67686,131.13273,Asia/Shanghai,600000
Borama,Borama,SO,9.93611,43.18278,Africa/Mogadishu,597842
Pallabi,Pallabi,BD,23.825,90.37,Asia/Dhaka,597574
Luancheng,Luancheng,CN,37.88452,114.64629,Asia/Shanghai,597130
Makhachkala,Makhachkala,RU,42.97782,47.50027,Europe/Moscow,596356
Anyang-si,Anyang-si,KR,37.3925,126.92694,Asia/Seoul,595644
Huambo,Huambo,AO,-12.77611,15.73917,Africa/Luanda,595304
Samarkand,Samarkand,UZ,39.65456,66.96445,Asia/Samarkand,595200
Mengzi,Mengzi,CN,23.36779,103.38212,Asia/Shanghai,595100
Kagoshima,Kagoshima,JP,31.56667,130.55,Asia/Tokyo,595049
Mukalla,Mukalla,YE,14.54248,49.12424,Asia/Aden,594951
Rasht,Rasht,IR,37.27611,49.58862,Asia/Tehran,594590
Mar del Plata,Mar del Plata,AR,-38.00042,-57.5562,America/Argentina/Buenos_Aires,593337
Essen,Essen,DE,51.45657,7.01228,Europe/Berlin,593085
Al Maḩallah al Kubrá,Al Mahallah al Kubra,EG,30.97063,31.1669,Africa/Cairo,592573
Málaga,Malaga,ES,36.72016,-4.42034,Europe/Madrid,592346
Shekhupura,Shekhupura,PK,31.71287,73.98556,Asia/Karachi,591424
Yingkou,Yingkou,CN,40.66472,122.23176,Asia/Shanghai,591159
Cimahi,Cimahi,ID,-6.87222,107.5425,Asia/Jakarta,590782
Zhangzhou,Zhangzhou,CN,24.51333,117.65556,Asia/Shanghai,589831
Reynosa,Reynosa,MX,26.08005,-98.28456,America/Matamoros,589466
Thuận An,Thuan An,VN,10.9239,106.71428,Asia/Ho_Chi_Minh,588616
Dortmund,Dortmund,DE,51.51494,7.466,Europe/Berlin,588462
Suginami,Suginami,JP,36.2013,140.28406,Asia/Tokyo,588354
Londrina,Londrina,BR,-23.31028,-51.16278,America/Sao_Paulo,588125
Baltimore,Baltimore,US,39.29038,-76.61219,America/New_York,585708
Itabashi,Itabashi,JP,35.74893,139.71497,Asia/Tokyo,584483
New Kingston,New Kingston,JM,18.00747,-76.78319,America/Jamaica,583958
Pelentong,Pelentong,MY,1.5243,103.824,Asia/Kuala_Lumpur,583640
Bucaramanga,Bucaramanga,CO,7.125,-73.11895,America/Bogota,581130
Genoa,Genoa,IT,44.40478,8.94439,Europe/Rome,580097
Hachiōji,Hachioji,JP,35.65583,139.32389,Asia/Tokyo,579355
Malacca,Malacca,MY,2.196,102.2405,Asia/Kuala_Lumpur,579000
Nha Trang,Nha Trang,VN,12.24507,109.19432,Asia/Ho_Chi_Minh,579000
Khabarovsk Vtoroy,Khabarovsk Vtoroy,RU,48.43787,135.12994,Asia/Vladivostok,578303
Kerman,Kerman,IR,30.28321,57.07879,Asia/Tehran,577514
Orūmīyeh,Orumiyeh,IR,37.55274,45.07605,Asia/Tehran,577307
Bahçelievler,Bahcelievler,TR,41.00231,28.8598,Europe/Istanbul,576799
Tanta,Tanta,EG,30.78847,31.00192,Africa/Cairo,576648
Jammu,Jammu,IN,32.73528,74.86167,Asia/Kolkata,576198
Iskandar Puteri,Iskandar Puteri,MY,1.39324,103.62322,Asia/Kuala_Lumpur,575977
Calamba,Calamba,PH,14.21167,121.16528,Asia/Manila,575046
Tlalpan,Tlalpan,MX,19.29513,-99.16206,America/Mexico_City,574577
Herāt,Herat,AF,34.34817,62.19967,Asia/Kabul,574300
Gujrat,Gujrat,PK,32.5742,74.07542,Asia/Karachi,574240
Tomsk,Tomsk,RU,56.50049,84.98216,Asia/Tomsk,574002
Juiz de Fora,Juiz de Fora,BR,-21.76417,-43.35028,America/Sao_Paulo,573285
Umraniye,Umraniye,TR,41.01643,29.12476,Europe/Istanbul,573265
Shihezi,Shihezi,CN,44.3023,86.03694,Asia/Urumqi,572772
South Boston,South Boston,US,42.33343,-71.04949,America/New_York,571281
Nakuru,Nakuru,KE,-0.30719,36.07225,Africa/Nairobi,570674
Hamilton,Hamilton,CA,43.25011,-79.84963,America/Toronto,569353
Irbid,Irbid,JO,32.55556,35.85,Asia/Amman,569068
Manchester,Manchester,GB,53.48095,-2.23743,Europe/London,568996
Kota Bharu,Kota Bharu,MY,6.12361,102.24333,Asia/Kuala_Lumpur,568900
Surrey,Surrey,CA,49.10635,-122.82509,America/Vancouver,568322
Meknes,Meknes,MA,33.89352,-5.54727,Africa/Casablanca,568295
Puente Alto,Puente Alto,CL,-33.61169,-70.57577,America/Santiago,568106
Nyala,Nyala,SD,12.04888,24.88069,Africa/Khartoum,565734
Dresden,Dresden,DE,51.05089,13.73832,Europe/Berlin,564904
Orenburg,Orenburg,RU,51.76712,55.09883,Asia/Yekaterinburg,564773
Albuquerque,Albuquerque,US,35.08449,-106.65114,America/Denver,564559
Bokāro,Bokaro,IN,23.66934,86.15161,Asia/Kolkata,564319
Asmara,Asmara,ER,15.33805,38.93184,Africa/Asmara,563930
Sukkur,Sukkur,PK,27.70323,68.85889,Asia/Karachi,563851
Uberlândia,Uberlandia,BR,-18.91861,-48.27722,America/Sao_Paulo,563536
Milwaukee,Milwaukee,US,43.0389,-87.90647,America/Chicago,563531
Chợ Lớn,Cho Lon,VN,10.75,106.65,Asia/Ho_Chi_Minh,561000
Wenchang,Wenchang,CN,19.55158,110.80279,Asia/Shanghai,560894
Ile-Ife,Ile-Ife,NG,7.4824,4.56032,Africa/Lagos,560000
Gombe,Gombe,NG,10.28969,11.16729,Africa/Lagos,560000
Hamhŭng,Hamhung,KP,39.91833,127.53639,Asia/Pyongyang,559056
Kemerovo,Kemerovo,RU,55.35417,86.10435,Asia/Novokuznetsk,558973
Nasiriyah,Nasiriyah,IQ,31.05799,46.25726,Asia/Baghdad,558400
Bloemfontein,Bloemfontein,ZA,-29.12107,26.214,Africa/Johannesburg,556637
Sheffield,Sheffield,GB,53.38297,-1.4659,Europe/London,556500
Santiago de Cuba,Santiago de Cuba,CU,20.02287,-75.82171,America/Havana,555865
Siping,Siping,CN,43.16143,124.37785,Asia/Shanghai,555609
Cuautitlán Izcalli,Cuautitlan Izcalli,MX,19.64388,-99.21598,America/Mexico_City,555163
Benguela,Benguela,AO,-12.57674,13.40268,Africa/Luanda,555124
Chuxiong,Chuxiong,CN,25.03639,101.54556,Asia/Shanghai,555081
Huaihua,Huaihua,CN,27.56337,110.00404,Asia/Shanghai,552622
Chiclayo,Chiclayo,PE,-6.77008,-79.85495,America/Lima,552508
Muntinlupa,Muntinlupa,PH,14.39028,121.0475,Asia/Manila,552225
Bình Thạnh,Binh Thanh,VN,10.811,106.706,Asia/Ho_Chi_Minh,552164
Zahedan,Zahedan,IR,29.4963,60.8629,Asia/Tehran,551980
Banqiao,Banqiao,TW,25.01427,121.46719,Asia/Taipei,551221
Nanded,Nanded,IN,19.16023,77.31497,Asia/Kolkata,550564
Kozhikode,Kozhikode,IN,11.24802,75.7804,Asia/Kolkata,550440
Ulanqab,Ulanqab,CN,40.993,113.133,Asia/Shanghai,550231
Cabinda,Cabinda,AO,-5.56198,12.19476,Africa/Luanda,550000
Ajegunle,Ajegunle,NG,6.45197,3.33115,Africa/Lagos,550000
Pristina,Pristina,XK,42.67272,21.16688,Europe/Belgrade,550000
Jiamusi,Jiamusi,CN,46.79711,130.31118,Asia/Shanghai,549549
Korla,Korla,CN,41.76055,86.15231,Asia/Urumqi,549324
Kolhāpur,Kolhapur,IN,16.69563,74.23167,Asia/Kolkata,549236
Porto Velho,Porto Velho,BR,-8.76194,-63.90389,America/Porto_Velho,548952
San Miguel de Tucumán,San Miguel de Tucuman,AR,-26.81601,-65.21051,America/Argentina/Tucuman,548866
Kuantan,Kuantan,MY,3.8077,103.326,Asia/Kuala_Lumpur,548014
Sevastopol,Sevastopol,UA,44.60795,33.52134,Europe/Simferopol,547820
Nellore,Nellore,IN,14.44992,79.98697,Asia/Kolkata,547621
Mirpur Model Thana,Mirpur Model Thana,BD,23.80931,90.36093,Asia/Dhaka,546503
Bremen,Bremen,DE,53.07582,8.80717,Europe/Berlin,546501
Wanning,Wanning,CN,18.79931,110.3841,Asia/Shanghai,545992
Owerri,Owerri,NG,5.48363,7.03325,Africa/Lagos,545000
Kota Kuala Muda,Kota Kuala Muda,MY,5.58822,100.37085,Asia/Kuala_Lumpur,544984
Sungai Petani,Sungai Petani,MY,5.647,100.48772,Asia/Kuala_Lumpur,544851
Xinzhou,Xinzhou,CN,38.40917,112.73333,Asia/Shanghai,544683
Kotō,Koto,JP,32.77856,130.74537,Asia/Tokyo,543730
Kalaburagi,Kalaburagi,IN,17.33583,76.83757,Asia/Kolkata,543147
Tucson,Tucson,US,32.22174,-110.92648,America/Phoenix,542629
Selayang Baru Utara,Selayang Baru Utara,MY,3.2549,101.6668,Asia/Kuala_Lumpur,542409
Vilnius,Vilnius,LT,54.68916,25.2798,Europe/Vilnius,542366
Ajmer,Ajmer,IN,26.4521,74.63867,Asia/Kolkata,542321
Pingdu,Pingdu,CN,36.78444,119.94639,Asia/Shanghai,542234
Fresno,Fresno,US,36.74773,-119.77237,America/Los_Angeles,542107
Mbeya,Mbeya,TZ,-8.9,33.45,Africa/Dar_es_Salaam,541603
Calabar,Calabar,NG,4.95893,8.32695,Africa/Lagos,540000
Oujda,Oujda,MA,34.68139,-1.90858,Africa/Casablanca,539711
Novokuznetsk,Novokuznetsk,RU,53.75752,87.13599,Asia/Novokuznetsk,539616
Ryazan’,Ryazan',RU,54.62696,39.70415,Europe/Moscow,538962
Ji’an,Ji'an,CN,27.11716,114.97927,Asia/Shanghai,538699
Sahiwal,Sahiwal,PK,30.66595,73.10186,Asia/Karachi,538344
Mersin,Mersin,TR,36.81196,34.63886,Europe/Istanbul,537842
Nilüfer,Niluefer,TR,40.21401,28.91567,Europe/Istanbul,536365
Leeds,Leeds,GB,53.79648,-1.54785,Europe/London,536280
Poznań,Poznan,PL,52.40692,16.92993,Europe/Warsaw,536151
Guli,Guli,CN,28.88162,120.03308,Asia/Shanghai,536000
Aqsu,Aqsu,CN,41.18418,80.27921,Asia/Urumqi,535657
Ebute Ikorodu,Ebute Ikorodu,NG,6.60086,3.48818,Africa/Lagos,535619
Tanggu,Tanggu,CN,39.02111,117.64694,Asia/Shanghai,535298
Pasir Gudang,Pasir Gudang,MY,1.462,103.9053,Asia/Kuala_Lumpur,534659
Astrakhan,Astrakhan,RU,46.34968,48.04076,Europe/Astrakhan,533925
Okara,Okara,PK,30.81029,73.45155,Asia/Karachi,533693
Nansana,Nansana,UG,0.36389,32.52861,Africa/Kampala,532800
Kimhae,Kimhae,KR,35.23417,128.88111,Asia/Seoul,531966
Ar Raqqah,Ar Raqqah,SY,35.95283,39.00788,Asia/Damascus,531952
Québec,Quebec,CA,46.81228,-71.21454,America/Toronto,531902
Cuauhtémoc,Cuauhtemoc,MX,19.44506,-99.14612,America/Mexico_City,531831
Shangluo,Shangluo,CN,33.86667,109.93056,Asia/Shanghai,531696
Himeji,Himeji,JP,34.81667,134.7,Asia/Tokyo,530495
Ibagué,Ibague,CO,4.43573,-75.20289,America/Bogota,529635
Antwerpen,Antwerpen,BE,51.22047,4.40026,Europe/Brussels,529247
Assiut,Assiut,EG,27.18096,31.18368,Africa/Cairo,528669
Hamadān,Hamadan,IR,34.79922,48.51456,Asia/Tehran,528256
Qionghai,Qionghai,CN,19.2425,110.46417,Asia/Shanghai,528238
Cangzhou,Cangzhou,CN,38.31124,116.85334,Asia/Shanghai,527681
Mohammadpur,Mohammadpur,BD,24.89843,88.52844,Asia/Dhaka,527571
Surakarta,Surakarta,ID,-7.55611,110.83167,Asia/Jakarta,526870
San Salvador,San Salvador,SV,13.68935,-89.18718,America/El_Salvador,525990
Beihai,Beihai,CN,21.48349,109.11549,Asia/Shanghai,525329
Van,Van,TR,38.49457,43.38323,Europe/Istanbul,525016
Sacramento,Sacramento,US,38.58157,-121.4944,America/Los_Angeles,524943
Thủ Đức,Thu GJuc,VN,10.84863,106.77209,Asia/Ho_Chi_Minh,524670
Üsküdar,UEskuedar,TR,41.02274,29.01366,Europe/Istanbul,524452
Penza,Penza,RU,53.19568,45.01075,Europe/Moscow,523553
Mazār-e Sharīf,Mazar-e Sharif,AF,36.70904,67.11087,Asia/Kabul,523300
Kandahār,Kandahar,AF,31.61332,65.71013,Asia/Kabul,523300
Hengshui,Hengshui,CN,37.73908,115.68348,Asia/Shanghai,522147
Dehradun,Dehradun,IN,30.32443,78.03392,Asia/Kolkata,522081
Erode,Erode,IN,11.3428,77.72741,Asia/Kolkata,521891
Lyon,Lyon,FR,45.74906,4.84789,Europe/Paris,520774
Salta,Salta,AR,-24.80645,-65.41999,America/Argentina/Salta,520683
Serra,Serra,BR,-20.12861,-40.30778,America/Sao_Paulo,520653
Esenler,Esenler,TR,41.0435,28.87619,Europe/Istanbul,520235
Daxing’anling,Daxing'anling,CN,52.33385,124.71242,Asia/Shanghai,520000
Qui Nhon,Qui Nhon,VN,13.77648,109.22367,Asia/Ho_Chi_Minh,519208
Al Fayyum,Al Fayyum,EG,29.30995,30.8418,Africa/Cairo,519047
Durgapur,Durgapur,IN,23.51583,87.30801,Asia/Kolkata,518872
Utsunomiya,Utsunomiya,JP,36.56667,139.88333,Asia/Tokyo,518757
Victoria de Durango,Victoria de Durango,MX,24.02032,-104.65756,America/Monterrey,518709
Lisbon,Lisbon,PT,38.72509,-9.1498,Europe/Lisbon,517802
Rahim Yar Khan,Rahim Yar Khan,PK,28.41987,70.30345,Asia/Karachi,517000
Ulhasnagar,Ulhasnagar,IN,19.21667,73.15,Asia/Kolkata,516584
Guangyuan,Guangyuan,CN,32.44201,105.823,Asia/Shanghai,516424
Loni,Loni,IN,28.75143,77.29023,Asia/Kolkata,516082
Siliguri,Siliguri,IN,26.71004,88.42851,Asia/Kolkata,515574
Nuremberg,Nuremberg,DE,49.45421,11.07752,Europe/Berlin,515543
Ujjain,Ujjain,IN,23.18239,75.77643,Asia/Kolkata,515215
Hannover,Hannover,DE,52.37052,9.73322,Europe/Berlin,515140
Edinburgh,Edinburgh,GB,55.95206,-3.19648,Europe/London,514990
Āzādshahr,Azadshahr,IR,34.79049,48.57011,Asia/Tehran,514102
Macapá,Macapa,BR,0.03889,-51.06639,America/Belem,512902
Xianning,Xianning,CN,29.84347,114.32201,Asia/Shanghai,512517
Toulouse,Toulouse,FR,43.60426,1.44367,Europe/Paris,511684
Thembisa,Thembisa,ZA,-25.99636,28.2268,Africa/Johannesburg,511655
Carrefour,Carrefour,HT,18.53333,-72.4,America/Port-au-Prince,511345
Matsuyama,Matsuyama,JP,33.83916,132.76574,Asia/Tokyo,511192
Campos dos Goytacazes,Campos dos Goytacazes,BR,-21.75227,-41.33044,America/Sao_Paulo,511168
Bilimora,Bilimora,IN,20.76957,72.96134,Asia/Kolkata,510879
Kasur,Kasur,PK,31.11866,74.45025,Asia/Karachi,510875
Atlanta,Atlanta,US,33.749,-84.38798,America/New_York,510823
Aparecida de Goiânia,Aparecida de Goiania,BR,-16.82333,-49.24389,America/Sao_Paulo,510770
Heroica Matamoros,Heroica Matamoros,MX,25.87972,-97.50417,America/Matamoros,510739
Makati City,Makati City,PH,14.55027,121.03269,Asia/Manila,510383
Buda,Buda,HU,47.5,19.03333,Europe/Budapest,510108
Tonghua,Tonghua,CN,41.71972,125.92639,Asia/Shanghai,510000
"Mianzhu, Deyang, Sichuan","Mianzhu, Deyang, Sichuan",CN,31.33786,104.22057,Asia/Shanghai,510000
Naberezhnyye Chelny,Naberezhnyye Chelny,RU,55.73718,52.41961,Europe/Moscow,509870
Lipetsk,Lipetsk,RU,52.5876,39.55151,Europe/Moscow,509735
Kikwit,Kikwit,CD,-5.04098,18.81619,Africa/Kinshasa,509367
Florianópolis,Florianopolis,BR,-27.59667,-48.54917,America/Sao_Paulo,508826
Banan,Banan,CN,29.37861,106.54,Asia/Shanghai,508703
Newcastle,Newcastle,AU,-32.92953,151.7801,Australia/Sydney,508437
Tuen Mun,Tuen Mun,HK,22.39175,113.97157,Asia/Hong_Kong,507900
Zhangye,Zhangye,CN,38.93417,100.45167,Asia/Shanghai,507433
Kirov,Kirov,RU,58.59809,49.65783,Europe/Kirov,507155
Kashgar,Kashgar,CN,39.46718,75.98675,Asia/Urumqi,506640
Mukim Pulai,Mukim Pulai,MY,1.53333,103.66667,Asia/Kuala_Lumpur,505661
Najrān,Najran,SA,17.49326,44.12766,Asia/Riyadh,505652
Karol Bāgh,Karol Bagh,IN,28.65136,77.19072,Asia/Kolkata,505241
Zhoukou,Zhoukou,CN,33.63333,114.63333,Asia/Shanghai,505171
Leipzig,Leipzig,DE,51.33962,12.37129,Europe/Berlin,504971
Pingliang,Pingliang,CN,35.53917,106.68611,Asia/Shanghai,504848
Huangpu,Huangpu,CN,31.2378,121.4781,Asia/Shanghai,504700
Kalininskiy,Kalininskiy,RU,59.99675,30.3899,Europe/Moscow,504641
Duisburg,Duisburg,DE,51.43247,6.76516,Europe/Berlin,504358
Āsansol,Asansol,IN,23.68333,86.98333,Asia/Kolkata,504271
Arāk,Arak,IR,34.09493,49.69809,Asia/Tehran,503647
Maipú,Maipu,CL,-33.51421,-70.7651,America/Santiago,503635
Homyel',Homyel',BY,52.4345,30.9754,Europe/Minsk,501102
Aktobe,Aktobe,KZ,50.27969,57.20718,Asia/Aqtobe,500757
Kota Kinabalu,Kota Kinabalu,MY,5.9749,116.0724,Asia/Kuching,500421
Talatona,Talatona,AO,-8.91783,13.18562,Africa/Luanda,500000
Kampung Larkin Lama,Kampung Larkin Lama,MY,1.5024,103.744,Asia/Kuala_Lumpur,500000
Kota Damansara,Kota Damansara,MY,3.15454,101.58022,Asia/Kuala_Lumpur,500000
Mangaluru,Mangaluru,IN,12.91723,74.85603,Asia/Kolkata,499487
Zhucheng,Zhucheng,CN,35.99472,119.3975,Asia/Shanghai,499285
Santa Marta,Santa Marta,CO,11.23855,-74.19427,America/Bogota,499192
Matsudo,Matsudo,JP,35.77995,139.90144,Asia/Tokyo,498575
Hāthazāri,Hathazari,BD,22.50515,91.81339,Asia/Dhaka,498179
Lapu-Lapu City,Lapu-Lapu City,PH,10.31028,123.94944,Asia/Manila,497813
Karagandy,Karagandy,KZ,49.80187,73.10211,Asia/Almaty,497777
Loudi,Loudi,CN,27.73444,111.99444,Asia/Shanghai,497171
Liverpool,Liverpool,GB,53.41058,-2.97794,Europe/London,496770
Ichikawa,Ichikawa,JP,35.73413,139.9065,Asia/Tokyo,496676
Bāndarban,Bandarban,BD,22.19534,92.21946,Asia/Dhaka,495272
Sha Tin,Sha Tin,HK,22.38333,114.18333,Asia/Hong_Kong,495200
Dera Ghazi Khan,Dera Ghazi Khan,PK,30.04587,70.64029,Asia/Karachi,494464
Higashiosaka,Higashiosaka,JP,34.66667,135.58333,Asia/Tokyo,493940
Cheboksary,Cheboksary,RU,56.13218,47.246,Europe/Moscow,492331
Pohang,Pohang,KR,36.02917,129.36481,Asia/Seoul,492041
Shanwei,Shanwei,CN,22.78199,115.3475,Asia/Shanghai,491766
Montería,Monteria,CO,8.75081,-75.87823,America/Bogota,490935
Ruiru,Ruiru,KE,-1.14665,36.96087,Africa/Nairobi,490120
Valledupar,Valledupar,CO,10.46538,-73.2531,America/Bogota,490075
Belagavi,Belagavi,IN,15.85212,74.50447,Asia/Kolkata,490045
Ajman,Ajman,AE,25.40177,55.47878,Asia/Dubai,490035
Jianshui,Jianshui,CN,24.2774,101.224,Asia/Shanghai,490000
Port Sudan,Port Sudan,SD,19.61745,37.21644,Africa/Khartoum,489725
Toluca,Toluca,MX,19.28786,-99.65324,America/Mexico_City,489333
Ciudad López Mateos,Ciudad Lopez Mateos,MX,19.55793,-99.25675,America/Mexico_City,489160
Al Khuşūş,Al Khusus,EG,30.15293,31.31501,Africa/Cairo,488904
Jeju City,Jeju City,KR,33.50972,126.52194,Asia/Seoul,488844
Gdańsk,Gdansk,PL,54.35227,18.64912,Europe/Warsaw,487371
Miami,Miami,US,25.77427,-80.19366,America/New_York,487014
Omaha,Omaha,US,41.25626,-95.94043,America/Chicago,486051
Nishinomiya,Nishinomiya,JP,34.71562,135.33199,Asia/Tokyo,485587
Masina,Masina,CD,-4.38361,15.39139,Africa/Kinshasa,485167
Sahāranpur,Saharanpur,IN,29.9679,77.54522,Asia/Kolkata,484873
Vellore,Vellore,IN,12.9184,79.13255,Asia/Kolkata,484690
Piura,Piura,PE,-5.18192,-80.65715,America/Lima,484475
Kurashiki,Kurashiki,JP,34.58333,133.76667,Asia/Tokyo,483576
Angeles City,Angeles City,PH,15.15,120.58333,Asia/Manila,483452
Bhātpāra,Bhatpara,IN,22.86643,88.40113,Asia/Kolkata,483129
Jijiga,Jijiga,ET,9.35,42.8,Africa/Addis_Ababa,483000
Tula,Tula,RU,54.19609,37.61822,Europe/Moscow,482873
Najaf,Najaf,IQ,32.02594,44.34625,Asia/Baghdad,482576
Raleigh,Raleigh,US,35.7721,-78.63861,America/New_York,482295
Imus,Imus,PH,14.42972,120.93667,Asia/Manila,481949
Xichang,Xichang,CN,27.89642,102.26341,Asia/Shanghai,481796
Malegaon,Malegaon,IN,20.54966,74.53462,Asia/Kolkata,481228
São José do Rio Preto,Sao Jose do Rio Preto,BR,-20.81972,-49.37944,America/Sao_Paulo,480393
Okene,Okene,NG,7.55122,6.23589,Africa/Lagos,479178
Uijeongbu-si,Uijeongbu-si,KR,37.7415,127.0474,Asia/Seoul,479141
Bristol,Bristol,GB,51.45523,-2.59665,Europe/London,479024
East London,East London,ZA,-33.01529,27.91162,Africa/Johannesburg,478676
Chéngguān Qū,Chengguan Qu,CN,29.63842,91.04441,Asia/Shanghai,478275
Yazd,Yazd,IR,31.89722,54.3675,Asia/Tehran,477905
Hargeysa,Hargeysa,SO,9.56,44.065,Africa/Mogadishu,477876
Ōita,Oita,JP,33.23333,131.6,Asia/Tokyo,477715
Mauá,Maua,BR,-23.66778,-46.46139,America/Sao_Paulo,477552
Jincheng,Jincheng,CN,35.50222,112.83278,Asia/Shanghai,476945
Taoyuan,Taoyuan,TW,24.99368,121.29696,Asia/Taipei,475798
Eldoret,Eldoret,KE,0.52036,35.26993,Africa/Nairobi,475716
Kansas City,Kansas City,US,39.09973,-94.57857,America/Chicago,475378
Yan’an,Yan'an,CN,36.59889,109.49167,Asia/Shanghai,475234
Kaliningrad,Kaliningrad,RU,54.70639,20.51102,Europe/Kaliningrad,475056
Skopje,Skopje,MK,41.99646,21.43141,Europe/Skopje,474889
Vereeniging,Vereeniging,ZA,-26.67313,27.92615,Africa/Johannesburg,474681
The Hague,The Hague,NL,52.07667,4.29861,Europe/Amsterdam,474292
Long Beach,Long Beach,US,33.76696,-118.18923,America/Los_Angeles,474140
Gaya,Gaya,IN,24.79686,85.00385,Asia/Kolkata,474093
Iloilo,Iloilo,PH,10.69694,122.56444,Asia/Manila,473728
Shouguang,Shouguang,CN,36.88,118.7375,Asia/Shanghai,473620
Jingdezhen,Jingdezhen,CN,29.2947,117.20789,Asia/Shanghai,473561
Murcia,Murcia,ES,37.98704,-1.13004,Europe/Madrid,471982
Mesa,Mesa,US,33.42227,-111.82264,America/Phoenix,471825
Halifax,Halifax,CA,44.64269,-63.57688,America/Halifax,471559
Morogoro,Morogoro,TZ,-6.82102,37.66122,Africa/Dar_es_Salaam,471409
Marikina City,Marikina City,PH,14.6481,121.1133,Asia/Manila,471323
Kenitra,Kenitra,MA,34.26101,-6.5802,Africa/Casablanca,470949
Seeb,Seeb,OM,23.67027,58.18911,Asia/Muscat,470878
Jiaojiang,Jiaojiang,CN,28.69844,121.47331,Asia/Shanghai,470804
Mykolayiv,Mykolayiv,UA,46.97625,31.99296,Europe/Kyiv,470011
Fukuyama,Fukuyama,JP,34.48333,133.36667,Asia/Tokyo,468812
Staten Island,Staten Island,US,40.56233,-74.13986,America/New_York,468730
Nanping,Nanping,CN,26.645,118.17361,Asia/Shanghai,467875
Pereira,Pereira,CO,4.81428,-75.69488,America/Bogota,467269
Ciudad Apodaca,Ciudad Apodaca,MX,25.78195,-100.18839,America/Monterrey,467157
São João de Meriti,Sao Joao de Meriti,BR,-22.80389,-43.37222,America/Sao_Paulo,466536
Ambattur,Ambattur,IN,13.09818,80.16152,Asia/Kolkata,466205
Belford Roxo,Belford Roxo,BR,-22.76417,-43.39944,America/Sao_Paulo,466096
Kanazawa,Kanazawa,JP,36.6,136.61667,Asia/Tokyo,466029
Gonder,Gonder,ET,12.6,37.46667,Africa/Addis_Ababa,466000
Mandaluyong City,Mandaluyong City,PH,14.5832,121.0409,Asia/Manila,465902
Mixco,Mixco,GT,14.63077,-90.60711,America/Guatemala,465773
Longshan,Longshan,CN,42.88545,125.1367,Asia/Shanghai,465249
Ikare,Ikare,NG,7.52591,5.75342,Africa/Lagos,465000
Nova Vida,Nova Vida,AO,-8.90552,13.22213,Africa/Luanda,464985
Vũng Tàu,Vung Tau,VN,10.34599,107.08426,Asia/Ho_Chi_Minh,464860
Maracay,Maracay,VE,10.24972,-67.59475,America/Caracas,464700
Tamale,Tamale,GH,9.40079,-0.8393,Africa/Accra,464316
Heyuan,Heyuan,CN,23.73333,114.68333,Asia/Shanghai,463907
Dĩ An,Di An,VN,10.90682,106.7694,Asia/Ho_Chi_Minh,463023
Kira,Kira,UG,0.4,32.63333,Africa/Kampala,462900
Esna,Esna,EG,25.29336,32.55402,Africa/Cairo,462787
Joinville,Joinville,BR,-26.30444,-48.84556,America/Sao_Paulo,461304
Huangshan,Huangshan,CN,29.71139,118.3125,Asia/Shanghai,460786
Ḩamāh,Hamah,SY,35.13179,36.75783,Asia/Damascus,460602
Jalgaon,Jalgaon,IN,21.00292,75.56602,Asia/Kolkata,460228
Kurnool,Kurnool,IN,15.82887,78.03602,Asia/Kolkata,460184
Yola,Yola,NG,9.20839,12.48146,Africa/Lagos,460000
Rạch Giá,Rach Gia,VN,10.01245,105.08091,Asia/Ho_Chi_Minh,459860
Amagasaki,Amagasaki,JP,34.71667,135.41667,Asia/Tokyo,459593
Santo Domingo de los Colorados,Santo Domingo de los Colorados,EC,-0.25368,-79.17628,America/Guayaquil,458580
Ţarţūs,Tartus,SY,34.88902,35.88659,Asia/Damascus,458327
Karabağlar,Karabaglar,TR,38.382,27.132,Europe/Istanbul,458000
Mek'ele,Mek'ele,ET,13.49667,39.47528,Africa/Addis_Ababa,457900
Nazrēt,Nazret,ET,8.55,39.26667,Africa/Addis_Ababa,456900
Colorado Springs,Colorado Springs,US,38.83388,-104.82136,America/Denver,456568
Niterói,Niteroi,BR,-22.88333,-43.10361,America/Sao_Paulo,456456
Huancayo,Huancayo,PE,-12.06866,-75.21027,America/Lima,456250
Al Hillah,Al Hillah,IQ,32.46367,44.41963,Asia/Baghdad,455700
Mbandaka,Mbandaka,CD,0.04865,18.26034,Africa/Kinshasa,455011
Malanje,Malanje,AO,-9.54015,16.34096,Africa/Luanda,455000
Namp’o,Namp'o,KP,38.7375,125.40778,Asia/Pyongyang,455000
Ciudad General Escobedo,Ciudad General Escobedo,MX,25.79698,-100.31791,America/Monterrey,454967
Bacolod City,Bacolod City,PH,10.66667,122.95,Asia/Manila,454898
Virginia Beach,Virginia Beach,US,36.85293,-75.97799,America/New_York,454808
Wafangdian,Wafangdian,CN,39.61833,122.00806,Asia/Shanghai,454338
Mansilingan,Mansilingan,PH,10.63111,122.97889,Asia/Manila,454150
Kahama,Kahama,TZ,-3.83333,32.6,Africa/Dar_es_Salaam,453654
Hsinchu,Hsinchu,TW,24.80361,120.96861,Asia/Taipei,453536
Katsushika,Katsushika,JP,35.73333,139.85,Asia/Tokyo,453093
Rāmgundam,Ramgundam,IN,18.80084,79.45206,Asia/Kolkata,452261
Batman,Batman,TR,37.88738,41.13221,Europe/Istanbul,452157
Yongji,Yongji,CN,34.86611,110.44028,Asia/Shanghai,452000
Manado,Manado,ID,1.48218,124.84892,Asia/Makassar,451916
Lishui,Lishui,CN,28.46042,119.91029,Asia/Shanghai,451418
Udaipur,Udaipur,IN,24.58584,73.71346,Asia/Kolkata,451100
Warder,Warder,ET,6.97444,45.34083,Africa/Addis_Ababa,450400
Cilegon,Cilegon,ID,-6.0144,106.0542,Asia/Jakarta,450271
Wenshan City,Wenshan City,CN,23.36306,104.25047,Asia/Shanghai,450000
Eslamshahr,Eslamshahr,IR,35.55222,51.23504,Asia/Tehran,450000
Juba,Juba,SS,4.85165,31.58247,Africa/Juba,450000
Muratpaşa,Muratpasa,TR,36.89157,30.76498,Europe/Istanbul,450000
Bắc Giang,Bac Giang,VN,21.27307,106.1946,Asia/Bangkok,450000
Şanlıurfa,Sanliurfa,TR,37.16708,38.79392,Europe/Istanbul,449549
Chengde,Chengde,CN,40.9519,117.95883,Asia/Shanghai,449325
Kursk,Kursk,RU,51.72689,36.18457,Europe/Moscow,448733
Maheshtala,Maheshtala,IN,22.50862,88.25322,Asia/Kolkata,448317
Nam Định,Nam GJinh,VN,20.43389,106.17729,Asia/Bangkok,448225
Constantine,Constantine,DZ,36.365,6.61472,Africa/Algiers,448028
Patiāla,Patiala,IN,30.33625,76.3922,Asia/Kolkata,446246
Boksburg,Boksburg,ZA,-26.21197,28.25958,Africa/Johannesburg,445168
Basuo,Basuo,CN,19.10267,108.66565,Asia/Shanghai,444458
Ensenada,Ensenada,MX,31.87149,-116.60071,America/Tijuana,443807
Elazığ,Elazig,TR,38.67431,39.22321,Europe/Istanbul,443363
Jundiaí,Jundiai,BR,-23.18639,-46.88417,America/Sao_Paulo,443221
Kupang,Kupang,ID,-10.17083,123.60694,Asia/Makassar,442758
Xochimilco,Xochimilco,MX,19.25465,-99.10356,America/Mexico_City,442178
Shyamnagar,Shyamnagar,IN,22.83333,88.36667,Asia/Kolkata,441956
Dasmariñas,Dasmarinas,PH,14.32944,120.93667,Asia/Manila,441876
Zhangjiajie,Zhangjiajie,CN,29.12944,110.47833,Asia/Shanghai,441804
Korhogo,Korhogo,CI,9.45803,-5.62961,Africa/Abidjan,440926
Fujisawa,Fujisawa,JP,35.34926,139.47666,Asia/Tokyo,439728
Bissau,Bissau,GW,11.86357,-15.59767,Africa/Bissau,439704
Sandakan,Sandakan,MY,5.8402,118.1179,Asia/Kuching,439050
Mawlamyine,Mawlamyine,MM,16.49051,97.62825,Asia/Yangon,438861
Laval,Laval,CA,45.56995,-73.692,America/Toronto,438366
Palma,Palma,ES,39.56939,2.65024,Europe/Madrid,438234
Sunch’ŏn,Sunch'on,KP,39.43167,125.93278,Asia/Pyongyang,437000
Sultangazi,Sultangazi,TR,41.10652,28.86847,Europe/Istanbul,436935
Uyo,Uyo,NG,5.05127,7.9335,Africa/Lagos,436606
Bei’an,Bei'an,CN,48.26667,126.6,Asia/Shanghai,436444
Davangere,Davangere,IN,14.46693,75.92694,Asia/Kolkata,435128
Ado-Ekiti,Ado-Ekiti,NG,7.62329,5.22087,Africa/Lagos,435000
Manizales,Manizales,CO,5.0668,-75.50684,America/Bogota,434403
Masan,Masan,KR,35.12725,126.83149,Asia/Seoul,434371
Buôn Ma Thuột,Buon Ma Thuot,VN,12.66747,108.03775,Asia/Ho_Chi_Minh,434256
Ananindeua,Ananindeua,BR,-1.36556,-48.37222,America/Belem,433956
Stavropol,Stavropol,RU,45.03442,41.9642,Europe/Moscow,433931
Shuozhou,Shuozhou,CN,39.31583,112.4225,Asia/Shanghai,433700
Santos,Santos,BR,-23.96083,-46.33361,America/Sao_Paulo,433656
Kashiwa,Kashiwa,JP,35.86224,139.97732,Asia/Tokyo,433436
Ogbomoso,Ogbomoso,NG,8.13373,4.24014,Africa/Lagos,433030
Tel Aviv,Tel Aviv,IL,32.08088,34.78057,Asia/Jerusalem,432892
Goma,Goma,CD,-1.67409,29.22845,Africa/Lubumbashi,432587
Buenaventura,Buenaventura,CO,3.58333,-77,America/Bogota,432385
Welkom,Welkom,ZA,-27.97742,26.73506,Africa/Johannesburg,431944
Sham Shui Po,Sham Shui Po,HK,22.33023,114.15945,Asia/Hong_Kong,431090
Machida,Machida,JP,35.54028,139.45083,Asia/Tokyo,431079
Venustiano Carranza,Venustiano Carranza,MX,19.44361,-99.10499,America/Mexico_City,430978
Zagazig,Zagazig,EG,30.58768,31.502,Africa/Cairo,430445
Vinnytsya,Vinnytsya,UA,49.2322,28.46871,Europe/Kyiv,430091
Mataram,Mataram,ID,-8.58333,116.11667,Asia/Makassar,429651
Ismailia,Ismailia,EG,30.60427,32.27225,Africa/Cairo,429465
Ningde,Ningde,CN,26.66167,119.52278,Asia/Shanghai,429260
Akola,Akola,IN,20.70957,76.9981,Asia/Kolkata,428857
Kima Kieza,Kima Kieza,AO,-8.83411,13.29517,Africa/Luanda,428855
Cusco,Cusco,PE,-13.53188,-71.96701,America/Lima,428450
Jiuquan,Jiuquan,CN,39.74318,98.51736,Asia/Shanghai,428346
Veracruz,Veracruz,MX,19.18095,-96.1429,America/Mexico_City,428323
East Jerusalem,East Jerusalem,PS,31.78336,35.23388,Asia/Hebron,428304
Bryansk,Bryansk,RU,53.27096,34.32143,Europe/Moscow,427236
Maltepe,Maltepe,TR,40.93567,29.15507,Europe/Istanbul,427040
Kuala Terengganu,Kuala Terengganu,MY,5.3302,103.1408,Asia/Kuala_Lumpur,426500
Toyota,Toyota,JP,35.08333,137.15,Asia/Tokyo,426162
Matadi,Matadi,CD,-5.83861,13.46306,Africa/Kinshasa,425662
Al Kharj,Al Kharj,SA,24.15541,47.33457,Asia/Riyadh,425300
Wong Tai Sin,Wong Tai Sin,HK,22.35,114.18333,Asia/Hong_Kong,425235
Minna,Minna,NG,9.61524,6.54776,Africa/Lagos,425000
Mandaluyong,Mandaluyong,PH,14.57837,121.03522,Asia/Manila,425000
Xalapa de Enríquez,Xalapa de Enriquez,MX,19.53124,-96.91589,America/Mexico_City,424755
Rajpur Sonarpur,Rajpur Sonarpur,IN,22.4382,88.43205,Asia/Kolkata,424368
Bratislava,Bratislava,SK,48.14816,17.10674,Europe/Bratislava,423737
Taman Petaling,Taman Petaling,MY,3.19916,101.64983,Asia/Kuala_Lumpur,423062
Shinagawa,Shinagawa,JP,33.63627,133.00572,Asia/Tokyo,422488
Al Ḩasakah,Al Hasakah,SY,36.50237,40.74772,Asia/Damascus,422445
Luxor,Luxor,EG,25.69893,32.6421,Africa/Cairo,422407
London,London,CA,42.98339,-81.23304,America/Toronto,422324
Awasa,Awasa,ET,7.06205,38.47635,Africa/Addis_Ababa,422200
Chimoio,Chimoio,MZ,-19.11639,33.48333,Africa/Maputo,422046
Tando Allahyar,Tando Allahyar,PK,25.4605,68.71745,Asia/Karachi,421923
Daloa,Daloa,CI,6.87735,-6.45022,Africa/Abidjan,421871
Dingxi,Dingxi,CN,35.57088,104.62303,Asia/Shanghai,420614
Bamenda,Bamenda,CM,5.9597,10.14597,Africa/Douala,420445
Tver,Tver,RU,56.85836,35.90057,Europe/Moscow,420065
Thái Nguyên,Thai Nguyen,VN,21.59422,105.84817,Asia/Bangkok,420000
Boa Vista,Boa Vista,BR,2.81972,-60.67333,America/Boa_Vista,419652
Rio Branco,Rio Branco,BR,-9.97472,-67.81,America/Rio_Branco,419452
Oakland,Oakland,US,37.80437,-122.2708,America/Los_Angeles,419267
Christchurch,Christchurch,NZ,-43.53333,172.63333,Pacific/Auckland,419200
Korba,Korba,IN,22.3458,82.69633,Asia/Kolkata,419146
Takamatsu,Takamatsu,JP,34.33333,134.05,Asia/Tokyo,418994
Kowloon City,Kowloon City,HK,22.33047,114.19222,Asia/Hong_Kong,418732
Tirana,Tirana,AL,41.32744,19.81866,Europe/Tirane,418495
San Juan,San Juan,PR,18.46633,-66.10572,America/Puerto_Rico,418140
Alor Setar,Alor Setar,MY,6.12104,100.36014,Asia/Kuala_Lumpur,417800
Tongchuan,Tongchuan,CN,34.8988,108.95056,Asia/Shanghai,417740
Pasay,Pasay,PH,14.53748,121.00144,Asia/Manila,416522
Nuevo Laredo,Nuevo Laredo,MX,27.47629,-99.51639,America/Matamoros,416055
Toyama,Toyama,JP,36.7,137.21667,Asia/Tokyo,415844
Tétouan,Tetouan,MA,35.57845,-5.36837,Africa/Casablanca,415810
Zürich,Zuerich,CH,47.36667,8.55,Europe/Zurich,415367
Việt Trì,Viet Tri,VN,21.32274,105.40198,Asia/Bangkok,415280
Azcapotzalco,Azcapotzalco,MX,19.48698,-99.18594,America/Mexico_City,414711
Tampa,Tampa,US,27.94752,-82.45843,America/New_York,414547
Montes Claros,Montes Claros,BR,-16.735,-43.86167,America/Sao_Paulo,414240
Bunamwaya,Bunamwaya,UG,0.25344,32.55723,Africa/Kampala,413400
Magnitogorsk,Magnitogorsk,RU,53.39808,59.0066,Asia/Yekaterinburg,413351
Tulsa,Tulsa,US,36.15398,-95.99277,America/Chicago,413066
Jhānsi,Jhansi,IN,25.45887,78.57994,Asia/Kolkata,412927
Tseung Kwan O,Tseung Kwan O,HK,22.32789,114.24992,Asia/Hong_Kong,412900
Ciudad Bolívar,Ciudad Bolivar,VE,8.12366,-63.54694,America/Caracas,412619
Kampung Kangkar Teberau,Kampung Kangkar Teberau,MY,1.532,103.7549,Asia/Kuala_Lumpur,412373
Koumassi,Koumassi,CI,5.29716,-3.96753,Africa/Abidjan,412282
San Nicolás de los Garza,San Nicolas de los Garza,MX,25.74167,-100.30222,America/Monterrey,412199
Guyuan,Guyuan,CN,36.00667,106.28083,Asia/Shanghai,411854
Wandsbek,Wandsbek,DE,53.58334,10.08305,Europe/Berlin,411422
Minneapolis,Minneapolis,US,44.97997,-93.26384,America/Chicago,410939
Thoothukudi,Thoothukudi,IN,8.76735,78.13425,Asia/Kolkata,410760
Ardabīl,Ardabil,IR,38.2498,48.2933,Asia/Tehran,410753
Ballari,Ballari,IN,15.14205,76.92398,Asia/Kolkata,410445
Chaoyang,Chaoyang,CN,41.57028,120.45861,Asia/Shanghai,410005
Gaza,Gaza,PS,31.50161,34.46672,Asia/Gaza,410000
Yokosuka,Yokosuka,JP,35.28361,139.66722,Asia/Tokyo,409478
Kom Ombo,Kom Ombo,EG,24.47669,32.94626,Africa/Cairo,409311
Nagasaki,Nagasaki,JP,32.75,129.88333,Asia/Tokyo,409118
Gujangbagh,Gujangbagh,CN,37.10927,79.93433,Asia/Urumqi,408894
Tonalá,Tonala,MX,20.62263,-103.24168,America/Mexico_City,408759
Panama City,Panama City,PA,8.9936,-79.51973,America/Panama,408168
Piracicaba,Piracicaba,BR,-22.72528,-47.64917,America/Sao_Paulo,407252
Uvira,Uvira,CD,-3.39534,29.13779,Africa/Lubumbashi,407092
Hirakata,Hirakata,JP,34.81352,135.64914,Asia/Tokyo,406331
Ivanovo,Ivanovo,RU,56.99988,40.97257,Europe/Moscow,406113
Cumaná,Cumana,VE,10.4639,-64.17859,America/Caracas,405626
Newcastle,Newcastle,ZA,-27.75796,29.9318,Africa/Johannesburg,404838
Gumi,Gumi,KR,36.1136,128.336,Asia/Seoul,404691
Jayapura,Jayapura,ID,-2.53371,140.71813,Asia/Jayapura,404004
Jixi,Jixi,CN,45.29322,130.96217,Asia/Shanghai,403759
Kuching,Kuching,MY,1.55,110.33333,Asia/Kuching,402738
Gifu,Gifu,JP,35.42291,136.76039,Asia/Tokyo,402557
Caruaru,Caruaru,BR,-8.28333,-35.97611,America/Recife,402290
Tongling,Tongling,CN,30.95,117.78333,Asia/Shanghai,402062
Tarlac City,Tarlac City,PH,15.48017,120.59794,Asia/Manila,401892
Toyonaka,Toyonaka,JP,34.78244,135.46932,Asia/Tokyo,401558
Kassala,Kassala,SD,15.45099,36.39998,Africa/Khartoum,401477
Miyazaki,Miyazaki,JP,31.91667,131.41667,Asia/Tokyo,401339
Lekki,Lekki,NG,6.41222,4.0947,Africa/Lagos,401272
Antofagasta,Antofagasta,CL,-23.65094,-70.39752,America/Santiago,401096
Wah Cantt,Wah Cantt,PK,33.77094,72.75116,Asia/Karachi,400733
Bhāgalpur,Bhagalpur,IN,25.24446,86.97183,Asia/Kolkata,400146
Agartala,Agartala,IN,23.83605,91.27939,Asia/Kolkata,400004
Dayrah,Dayrah,AE,25.27143,55.30207,Asia/Dubai,400000
West Jerusalem,West Jerusalem,IL,31.78199,35.21961,Asia/Jerusalem,400000
Bida,Bida,NG,9.08044,6.0099,Africa/Lagos,400000
Saltivka,Saltivka,UA,50.02207,36.34901,Europe/Kyiv,400000
Bunia,Bunia,CD,1.55941,30.25224,Africa/Lubumbashi,399282
Antakya,Antakya,TR,36.20655,36.15722,Europe/Istanbul,399045
Quận Mười,Quan Muoi,VN,10.76823,106.66632,Asia/Ho_Chi_Minh,399000
Kisumu,Kisumu,KE,-0.10221,34.76171,Africa/Nairobi,397957
Luhansk,Luhansk,UA,48.56814,39.30553,Europe/Kyiv,397677
Barinas,Barinas,VE,8.62064,-70.23105,America/Caracas,397279
Wichita,Wichita,US,37.69224,-97.33754,America/Chicago,396119
Al Hoceïma,Al Hoceima,MA,35.25165,-3.93723,Africa/Casablanca,395644
Szczecin,Szczecin,PL,53.42894,14.55302,Europe/Warsaw,395513
Vila Velha,Vila Velha,BR,-20.32972,-40.2925,America/Sao_Paulo,394930
Bologna,Bologna,IT,44.49381,11.33875,Europe/Rome,394843
Sejong,Sejong,KR,36.59245,127.29223,Asia/Seoul,394630
Cazenga,Cazenga,AO,-8.83796,13.28399,Africa/Luanda,394170
Samsun,Samsun,TR,41.27976,36.3361,Europe/Istanbul,394050
Tallinn,Tallinn,EE,59.43696,24.75353,Europe/Tallinn,394024
Tanga,Tanga,TZ,-5.06893,39.09875,Africa/Dar_es_Salaam,393429
El Obeid,El Obeid,SD,13.18421,30.21669,Africa/Khartoum,393311
Diadema,Diadema,BR,-23.68611,-46.62278,America/Sao_Paulo,393237
Lobito,Lobito,AO,-12.3644,13.53601,Africa/Luanda,393079
Saurimo,Saurimo,AO,-9.66078,20.39155,Africa/Luanda,393000
Bello,Bello,CO,6.33732,-75.55795,America/Bogota,392939
Pasto,Pasto,CO,1.21456,-77.27846,America/Bogota,392930
Gaomi,Gaomi,CN,36.38333,119.75278,Asia/Shanghai,391986
Santa Fe,Santa Fe,AR,-31.64881,-60.70868,America/Argentina/Cordoba,391164
San-Pédro,San-Pedro,CI,4.74851,-6.6363,Africa/Abidjan,390654
Makurdi,Makurdi,NG,7.73375,8.52139,Africa/Lagos,390000
Takoradi,Takoradi,GH,4.89816,-1.76029,Africa/Accra,389114
Samut Prakan,Samut Prakan,TH,13.5976,100.5972,Asia/Bangkok,388920
Arlington,Arlington,US,32.73569,-97.10807,America/Chicago,388125
Khamis Mushait,Khamis Mushait,SA,18.3,42.73333,Asia/Riyadh,387553
Ambato,Ambato,EC,-1.24908,-78.61675,America/Guayaquil,387309
Carapicuíba,Carapicuiba,BR,-23.52272,-46.835,America/Sao_Paulo,386984
Petrolina,Petrolina,BR,-9.39861,-40.50083,America/Recife,386791
Ojo de Agua,Ojo de Agua,MX,19.68028,-99.01,America/Mexico_City,386290
Windhoek,Windhoek,NA,-22.55941,17.08323,Africa/Windhoek,386219
Abomey-Calavi,Abomey-Calavi,BJ,6.44852,2.35566,Africa/Porto-Novo,385755
Bochum,Bochum,DE,51.48165,7.21648,Europe/Berlin,385729
Suita,Suita,JP,34.76143,135.51567,Asia/Tokyo,385567
Benito Juárez,Benito Juarez,MX,19.3727,-99.1564,America/Mexico_City,385439
Sector 3,Sector 3,RO,44.4234,26.16874,Europe/Bucharest,385439
Kahramanmaraş,Kahramanmaras,TR,37.5847,36.92641,Europe/Istanbul,384953
Chongzuo,Chongzuo,CN,22.38161,107.3683,Asia/Shanghai,384905
Grajaú,Grajau,BR,-23.76979,-46.67112,America/Sao_Paulo,384873
Okazaki,Okazaki,JP,34.95,137.16667,Asia/Tokyo,384654
Xico,Xico,MX,19.27032,-98.95088,America/Mexico_City,384327
Iztacalco,Iztacalco,MX,19.39528,-99.09778,America/Mexico_City,384326
Kākināda,Kakinada,IN,16.96036,82.23809,Asia/Kolkata,384182
Betim,Betim,BR,-19.96778,-44.19833,America/Sao_Paulo,384000
Las Palmas de Gran Canaria,Las Palmas de Gran Canaria,ES,28.10178,-15.41573,Atlantic/Canary,383516
Cotabato,Cotabato,PH,7.22361,124.24639,Asia/Manila,383383
Bawshar,Bawshar,OM,23.57769,58.39982,Asia/Muscat,383257
Latur,Latur,IN,18.39721,76.56784,Asia/Kolkata,382940
Delmas,Delmas,HT,18.54478,-72.30036,America/Port-au-Prince,382920
Tanzhou,Tanzhou,CN,22.25503,113.46692,Asia/Shanghai,382445
Wellington,Wellington,NZ,-41.28664,174.77557,Pacific/Auckland,381900
Mazatlán,Mazatlan,MX,23.22163,-106.41885,America/Mazatlan,381583
Caxias do Sul,Caxias do Sul,BR,-29.16806,-51.17944,America/Sao_Paulo,381270
Nizhny Tagil,Nizhny Tagil,RU,57.91944,59.965,Asia/Yekaterinburg,381116
Irapuato,Irapuato,MX,20.671,-101.35577,America/Mexico_City,380941
Ichinomiya,Ichinomiya,JP,35.3,136.8,Asia/Tokyo,380073
Aswān,Aswan,EG,24.09082,32.89942,Africa/Cairo,379774
Brno,Brno,CZ,49.19522,16.60796,Europe/Prague,379466
Bauru,Bauru,BR,-22.31472,-49.06056,America/Sao_Paulo,379297
Iaşi,Iasi,RO,47.16667,27.6,Europe/Bucharest,378954
Krugersdorp,Krugersdorp,ZA,-26.08577,27.77515,Africa/Johannesburg,378821
Pānihāti,Panihati,IN,22.69089,88.37404,Asia/Kolkata,378705
Shibganj,Shibganj,BD,25.00146,89.32266,Asia/Dhaka,378701
Iquitos,Iquitos,PE,-3.74814,-73.2529,America/Lima,377609
Toyohashi,Toyohashi,JP,34.76667,137.38333,Asia/Tokyo,377453
Hechuan,Hechuan,CN,29.99228,106.26461,Asia/Shanghai,377213
Utrecht,Utrecht,NL,52.09083,5.12222,Europe/Amsterdam,376435
Rajamahendravaram,Rajamahendravaram,IN,17.00517,81.77784,Asia/Kolkata,376333
Dhule,Dhule,IN,20.9013,74.77737,Asia/Kolkata,375559
Minato,Minato,JP,34.2152,135.1501,Asia/Tokyo,375339
Puchong,Puchong,MY,3,101.61667,Asia/Kuala_Lumpur,375181
Ondo,Ondo,NG,7.09316,4.83528,Africa/Lagos,375000
Rohtak,Rohtak,IN,28.89447,76.58917,Asia/Kolkata,374292
Rustenburg,Rustenburg,ZA,-25.66756,27.24208,Africa/Johannesburg,373695
Bakersfield,Bakersfield,US,35.37329,-119.01871,America/Los_Angeles,373640
Bengkulu,Bengkulu,ID,-3.80044,102.26554,Asia/Jakarta,373591
Yogyakarta,Yogyakarta,ID,-7.80139,110.36472,Asia/Jakarta,373589
Xuanhua,Xuanhua,CN,40.61205,115.06463,Asia/Shanghai,373422
Emalahleni,Emalahleni,ZA,-25.87133,29.23323,Africa/Johannesburg,373403
Bafoussam,Bafoussam,CM,5.47775,10.41759,Africa/Douala,373268
Palu,Palu,ID,-0.90833,119.87083,Asia/Makassar,373218
Thủ Dầu Một,Thu Dau Mot,VN,10.9804,106.6519,Asia/Ho_Chi_Minh,373105
Takasaki,Takasaki,JP,36.33333,139.01667,Asia/Tokyo,372973
Seremban,Seremban,MY,2.7297,101.9381,Asia/Kuala_Lumpur,372917
Miguel Hidalgo,Miguel Hidalgo,MX,19.43411,-99.20024,America/Mexico_City,372889
Nagano,Nagano,JP,36.65,138.18333,Asia/Tokyo,372760
Tawau,Tawau,MY,4.24482,117.89115,Asia/Kuching,372615
Cardiff,Cardiff,GB,51.48,-3.18,Europe/London,372089
Đống Đa,GJong GJa,VN,21.013,105.825,Asia/Bangkok,371606
Chitungwiza,Chitungwiza,ZW,-18.01274,31.07555,Africa/Harare,371246
Abadan,Abadan,IR,30.3392,48.3043,Asia/Tehran,370180
Fenghuang,Fenghuang,CN,27.93557,109.59961,Asia/Shanghai,370000
Umuahia,Umuahia,NG,5.52491,7.49461,Africa/Lagos,370000
Puerto La Cruz,Puerto La Cruz,VE,10.21382,-64.6328,America/Caracas,370000
Uşak,Usak,TR,38.67351,29.4058,Europe/Istanbul,369433
Bharatpur,Bharatpur,NP,27.68027,84.43647,Asia/Kathmandu,369377
Itaquaquecetuba,Itaquaquecetuba,BR,-23.48611,-46.34833,America/Sao_Paulo,369275
Natore,Natore,BD,24.41112,88.98673,Asia/Dhaka,369138
6th of October City,6th of October City,EG,29.81667,31.05,Africa/Cairo,368650
Leicester,Leicester,GB,52.6386,-1.13169,Europe/London,368600
Desna,Desna,UA,50.52207,30.68228,Europe/Kyiv,368500
Sector 6,Sector 6,RO,44.43579,26.01649,Europe/Bucharest,367760
Canberra,Canberra,AU,-35.28346,149.12807,Australia/Sydney,367752
Nara-shi,Nara-shi,JP,34.68505,135.80485,Asia/Tokyo,367353
Florence,Florence,IT,43.77925,11.24626,Europe/Rome,367150
Ahilyanagar,Ahilyanagar,IN,19.09457,74.73843,Asia/Kolkata,367140
Kollam,Kollam,IN,8.88113,76.58469,Asia/Kolkata,367107
Huanggang,Huanggang,CN,30.45143,114.87035,Asia/Shanghai,366769
Olinda,Olinda,BR,-8.00889,-34.85528,America/Recife,366754
Bradford,Bradford,GB,53.79391,-1.75206,Europe/London,366187
Bilāspur,Bilaspur,IN,22.08005,82.15543,Asia/Kolkata,365579
Malabon,Malabon,PH,14.67333,120.93972,Asia/Manila,365525
Cleveland,Cleveland,US,41.4995,-81.69541,America/New_York,365379
Iseyin,Iseyin,NG,7.97022,3.59626,Africa/Lagos,365300
Etobicoke,Etobicoke,CA,43.64415,-79.56985,America/Toronto,365000
Yenagoa,Yenagoa,NG,4.92675,6.26764,Africa/Lagos,365000
Gboko,Gboko,NG,7.32275,9.00108,Africa/Lagos,365000
Samba,Samba,AO,-8.88001,13.19617,Africa/Luanda,364986
Pyeongtaek,Pyeongtaek,KR,36.99472,127.08889,Asia/Seoul,364694
Petare,Petare,VE,10.47679,-66.80786,America/Caracas,364684
Bến Cát,Ben Cat,VN,11.15,106.6,Asia/Ho_Chi_Minh,364578
Anqiu,Anqiu,CN,36.43417,119.1925,Asia/Shanghai,364208
Alanya,Alanya,TR,36.54375,31.99982,Europe/Istanbul,364180
Larkana,Larkana,PK,27.55898,68.21204,Asia/Karachi,364033
Al Qadarif,Al Qadarif,SD,14.03493,35.38344,Africa/Khartoum,363945
Cibinong,Cibinong,ID,-6.48167,106.85417,Asia/Jakarta,363424
Nawabshah,Nawabshah,PK,26.23939,68.40369,Asia/Karachi,363138
New Orleans,New Orleans,US,29.95465,-90.07507,America/Chicago,362701
Keelung,Keelung,TW,25.13089,121.74094,Asia/Taipei,362487
Malmö,Malmoe,SE,55.60587,13.00073,Europe/Stockholm,362133
Jizhou,Jizhou,CN,37.55054,115.56871,Asia/Shanghai,362013
Manukau City,Manukau City,NZ,-36.99282,174.87986,Pacific/Auckland,362000
Blumenau,Blumenau,BR,-26.91944,-49.06611,America/Sao_Paulo,361855
Maradi,Maradi,NE,13.5,7.10174,Africa/Niamey,361702
Ataşehir,Atasehir,TR,40.9833,29.1167,Europe/Istanbul,361615
Nanqiao,Nanqiao,CN,30.91611,121.44944,Asia/Shanghai,361185
Hrodna,Hrodna,BY,53.6758,23.82887,Europe/Minsk,361115
Wuppertal,Wuppertal,DE,51.25627,7.14816,Europe/Berlin,360797
Sukabumi,Sukabumi,ID,-6.91806,106.92667,Asia/Jakarta,360644
Ulan-Ude,Ulan-Ude,RU,51.82648,107.59979,Asia/Irkutsk,360278
Huocheng,Huocheng,CN,44.05305,80.87173,Asia/Urumqi,360000
Ijebu Ode,Ijebu Ode,NG,6.81944,3.91731,Africa/Lagos,360000
Maseru,Maseru,LS,-29.31667,27.48333,Africa/Maseru,359753
Bhilwara,Bhilwara,IN,25.34707,74.64081,Asia/Kolkata,359483
Aurora,Aurora,US,39.72943,-104.83192,America/Denver,359407
Sumqayıt,Sumqayit,AZ,40.58972,49.66861,Asia/Baku,358675
Franca,Franca,BR,-20.53861,-47.40083,America/Sao_Paulo,358539
Vitebsk,Vitebsk,BY,55.1904,30.2049,Europe/Minsk,358395
Taraz,Taraz,KZ,42.89799,71.37334,Asia/Almaty,358153
Yangsan,Yangsan,KR,35.34199,129.03358,Asia/Seoul,358074
Dniprovskyi,Dniprovskyi,UA,50.45366,30.60146,Europe/Kyiv,357900
San Jose del Monte,San Jose del Monte,PH,14.81389,121.04528,Asia/Manila,357828
Abū al-Kahṣīb,Abu al-Kahsib,IQ,30.4431,47.87802,Asia/Baghdad,357771
Gwangmyeong,Gwangmyeong,KR,37.47722,126.86639,Asia/Seoul,357545
Zanjan,Zanjan,IR,36.67642,48.49628,Asia/Tehran,357471
Neiva,Neiva,CO,2.93001,-75.27973,America/Bogota,357392
Iwaki,Iwaki,JP,37.05,140.88333,Asia/Tokyo,357309
Vladimir,Vladimir,RU,56.13854,40.39976,Europe/Moscow,357024
Tete,Tete,MZ,-16.15639,33.58667,Africa/Maputo,357000
Bacoor,Bacoor,PH,14.45896,120.93851,Asia/Manila,356974
Wakayama,Wakayama,JP,34.23333,135.16667,Asia/Tokyo,356729
Brahmapur,Brahmapur,IN,19.31151,84.7929,Asia/Kolkata,356598
Fengshan,Fengshan,TW,22.62659,120.36126,Asia/Taipei,356463
Caucaia,Caucaia,BR,-3.73611,-38.65306,America/Fortaleza,355679
Misratah,Misratah,LY,32.37535,15.09254,Africa/Tripoli,355657
Cuíto,Cuito,AO,-12.38333,16.93333,Africa/Luanda,355423
Benito Juarez,Benito Juarez,MX,19.3984,-99.15766,America/Mexico_City,355017
Kyzylorda,Kyzylorda,KZ,44.85278,65.50917,Asia/Qyzylorda,354800
Kawagoe,Kawagoe,JP,35.90861,139.48528,Asia/Tokyo,354571
Takatsuki,Takatsuki,JP,34.84833,135.61678,Asia/Tokyo,354468
Muzaffarpur,Muzaffarpur,IN,26.12259,85.39055,Asia/Kolkata,354462
Tapachula,Tapachula,MX,14.90541,-92.25891,America/Merida,353706
Lhoka,Lhoka,CN,29.24301,91.77239,Asia/Shanghai,353700
Villahermosa,Villahermosa,MX,17.98625,-92.93928,America/Merida,353577
Cariacica,Cariacica,BR,-20.26389,-40.42,America/Sao_Paulo,353491
Setapak,Setapak,MY,3.207,101.727,Asia/Kuala_Lumpur,353268
Mahilyow,Mahilyow,BY,53.90876,30.34044,Europe/Minsk,353110
Bandar Abbas,Bandar Abbas,IR,27.1865,56.2808,Asia/Tehran,352173
Pravyi Bereh,Pravyi Bereh,UA,47.11498,37.58519,Europe/Kyiv,352088
Yunusobod,Yunusobod,UZ,41.37139,69.27944,Asia/Tashkent,352000
Ras Al Khaimah,Ras Al Khaimah,AE,25.78953,55.9432,Asia/Dubai,351943
Cabimas,Cabimas,VE,10.39907,-71.45206,America/Caracas,351736
Honolulu,Honolulu,US,21.30694,-157.85833,Pacific/Honolulu,350964
Anaheim,Anaheim,US,33.83529,-117.9145,America/Los_Angeles,350742
Tarsus,Tarsus,TR,36.91766,34.89277,Europe/Istanbul,350732
Pengze,Pengze,CN,29.89885,116.54572,Asia/Shanghai,350000
Bahir Dar,Bahir Dar,ET,11.59364,37.39077,Africa/Addis_Ababa,350000
Punāsa,Punasa,IN,22.23507,76.39335,Asia/Kolkata,350000
Al Maḩmūdīyah,Al Mahmudiyah,IQ,33.06221,44.36564,Asia/Baghdad,350000
Diepsloot,Diepsloot,ZA,-25.93312,28.01213,Africa/Johannesburg,350000
Xilinhot,Xilinhot,CN,43.93889,116.07021,Asia/Shanghai,349953
Praia Grande,Praia Grande,BR,-24.00583,-46.40278,America/Sao_Paulo,349935
Quelimane,Quelimane,MZ,-17.87861,36.88833,Africa/Maputo,349842
Arkhangel’sk,Arkhangel'sk,RU,64.5461,40.55183,Europe/Moscow,349742
Muzaffarnagar,Muzaffarnagar,IN,29.47091,77.70332,Asia/Kolkata,349706
Hulunbuir,Hulunbuir,CN,49.21141,119.75582,Asia/Shanghai,349400
Shinjuku,Shinjuku,JP,35.69115,139.70854,Asia/Tokyo,349385
Sikasso,Sikasso,ML,11.31755,-5.66654,Africa/Bamako,349324
Sanandaj,Sanandaj,IR,35.31495,46.99883,Asia/Tehran,349176
Chita,Chita,RU,52.04311,113.49171,Asia/Chita,349005
San Pedro,San Pedro,PH,14.3595,121.0473,Asia/Manila,348968
Campina Grande,Campina Grande,BR,-7.23056,-35.88111,America/Fortaleza,348936
Alicante,Alicante,ES,38.34517,-0.48149,Europe/Madrid,348901
Bimbo,Bimbo,CF,4.25671,18.41583,Africa/Bangui,348802
Kalemyo,Kalemyo,MM,23.19014,94.06405,Asia/Yangon,348573
Belfast,Belfast,GB,54.59682,-5.92541,Europe/London,348005
Long Bien,Long Bien,VN,21.03333,105.9,Asia/Bangkok,347829
Camagüey,Camagueey,CU,21.38083,-77.91694,America/Havana,347562
Daye,Daye,CN,30.08333,114.95,Asia/Shanghai,347406
Bilbao,Bilbao,ES,43.26271,-2.92528,Europe/Madrid,347342
Ambon,Ambon,ID,-3.69583,128.18333,Asia/Jayapura,347288
Chifeng,Chifeng,CN,42.26833,118.96361,Asia/Shanghai,346654
Central Coast,Central Coast,AU,-33.42979,151.37144,Australia/Sydney,346596
Sunshine Coast,Sunshine Coast,AU,-26.65682,153.07955,Australia/Brisbane,346522
Corrientes,Corrientes,AR,-27.46784,-58.8344,America/Argentina/Cordoba,346334
Hŭngnam,Hungnam,KP,39.84198,127.63206,Asia/Pyongyang,346082
Avadi,Avadi,IN,13.1147,80.10981,Asia/Kolkata,345996
Astana,Astana,KZ,51.1801,71.44598,Asia/Almaty,345604
Yunlong,Yunlong,CN,34.25281,117.25167,Asia/Shanghai,345393
Koshigaya,Koshigaya,JP,35.89035,139.78916,Asia/Tokyo,345353
Coventry,Coventry,GB,52.40656,-1.51217,Europe/London,345324
Belgorod,Belgorod,RU,50.60343,36.58091,Europe/Moscow,345289
Kendari,Kendari,ID,-3.9778,122.51507,Asia/Makassar,345107
Toamasina,Toamasina,MG,-18.1492,49.40234,Indian/Antananarivo,345107
Logan City,Logan City,AU,-27.63917,153.10944,Australia/Brisbane,345098
Ōtsu,Otsu,JP,35,135.86667,Asia/Tokyo,345070
Kosti,Kosti,SD,13.1629,32.66347,Africa/Khartoum,345068
Qitaihe,Qitaihe,CN,45.768,130.9953,Asia/Shanghai,345033
Doha,Doha,QA,25.28545,51.53096,Asia/Qatar,344939
Kadapa,Kadapa,IN,14.47995,78.82346,Asia/Kolkata,344893
Nakano,Nakano,JP,35.70449,139.66946,Asia/Tokyo,344880
Turmero,Turmero,VE,10.22856,-67.47421,America/Caracas,344700
Brest,Brest,BY,52.10894,23.71749,Europe/Minsk,344470
Tokorozawa,Tokorozawa,JP,35.79916,139.46903,Asia/Tokyo,344194
Cabanatuan City,Cabanatuan City,PH,15.48586,120.96648,Asia/Manila,343672
Pizhou,Pizhou,CN,34.31139,117.95028,Asia/Shanghai,343421
Darnytsya,Darnytsya,UA,50.41596,30.69534,Europe/Kyiv,343384
Dire Dawa,Dire Dawa,ET,9.59306,41.86611,Africa/Addis_Ababa,343000
Annaba,Annaba,DZ,36.9,7.76667,Africa/Algiers,342703
Nice,Nice,FR,43.70313,7.26608,Europe/Paris,342669
Iligan,Iligan,PH,8.2289,124.24344,Asia/Manila,342618
Soledad,Soledad,CO,10.91843,-74.76459,America/Bogota,342556
Temara,Temara,MA,33.92866,-6.90656,Africa/Casablanca,342345
Shiqi,Shiqi,CN,22.51682,113.38521,Asia/Shanghai,342306
Paulista,Paulista,BR,-7.94083,-34.87306,America/Recife,342167
Obalende,Obalende,NG,6.44694,3.41528,Africa/Lagos,342000
Cirebon,Cirebon,ID,-6.7063,108.557,Asia/Jakarta,341980
Kukatpally,Kukatpally,IN,17.48486,78.41376,Asia/Kolkata,341709
Laixi,Laixi,CN,36.85917,120.52694,Asia/Shanghai,341470
Jhang Sadr,Jhang Sadr,PK,31.26981,72.31687,Asia/Karachi,341210
Dihok,Dihok,IQ,36.86608,42.9879,Asia/Baghdad,340900
Kaluga,Kaluga,RU,54.53063,36.27,Europe/Moscow,340851
Bắc Từ Liêm,Bac Tu Liem,VN,21.06532,105.74661,Asia/Ho_Chi_Minh,340605
Svyatoshyn,Svyatoshyn,UA,50.46341,30.34612,Europe/Kyiv,340399
Celaya,Celaya,MX,20.52181,-100.81399,America/Mexico_City,340387
Serekunda,Serekunda,GM,13.43833,-16.67806,Africa/Banjul,340000
Kafrul,Kafrul,BD,23.78822,90.37359,Asia/Dhaka,339734
Karşıyaka,Karsiyaka,TR,38.45772,27.1142,Europe/Istanbul,339624
Ḩadā’iq al Qubbah,Hada'iq al Qubbah,EG,30.08843,31.28351,Africa/Cairo,339612
Makiyivka,Makiyivka,UA,48.04782,37.92576,Europe/Kyiv,338968
West Raleigh,West Raleigh,US,35.78682,-78.66389,America/New_York,338759
Cuernavaca,Cuernavaca,MX,18.9261,-99.23075,America/Mexico_City,338650
Markham,Markham,CA,43.86682,-79.2663,America/Toronto,338503
Kaesŏng,Kaesong,KP,37.97083,126.55444,Asia/Pyongyang,338155
Uberaba,Uberaba,BR,-19.74833,-47.93194,America/Sao_Paulo,337836
Tungi,Tungi,BD,23.89154,90.40232,Asia/Dhaka,337579
Krasnogvargeisky,Krasnogvargeisky,RU,59.97305,30.47607,Europe/Moscow,337091
Randburg,Randburg,ZA,-26.0941,28.00123,Africa/Johannesburg,337053
Safi,Safi,MA,32.29939,-9.23718,Africa/Casablanca,336883
Simferopol,Simferopol,UA,44.95719,34.11079,Europe/Simferopol,336460
Lublin,Lublin,PL,51.25058,22.57009,Europe/Warsaw,336339
Ganja,Ganja,AZ,40.68157,46.36134,Asia/Baku,335600
San José,San Jose,CR,9.93388,-84.08489,America/Costa_Rica,335007
Orlando,Orlando,US,28.53834,-81.37924,America/New_York,334854
Viña del Mar,Vina del Mar,CL,-33.02457,-71.55183,America/Santiago,334248
Tieling,Tieling,CN,42.29306,123.84139,Asia/Shanghai,333907
Qazvin,Qazvin,IR,36.26877,50.0041,Asia/Tehran,333635
Asahikawa,Asahikawa,JP,43.77063,142.36489,Asia/Tokyo,333530
Kāmārhāti,Kamarhati,IN,22.67111,88.37472,Asia/Kolkata,332965
Tepic,Tepic,MX,21.50733,-104.89332,America/Mazatlan,332863
Wŏnju,Wonju,KR,37.35139,127.94528,Asia/Seoul,332849
Wad Medani,Wad Medani,SD,14.40118,33.51989,Africa/Khartoum,332714
Quận Mười Một,Quan Muoi Mot,VN,10.76383,106.64355,Asia/Ho_Chi_Minh,332536
Nukus,Nukus,UZ,42.45861,59.60576,Asia/Samarkand,332500
Konak,Konak,TR,38.4,27.1,Europe/Istanbul,332277
Maebashi,Maebashi,JP,36.4,139.08333,Asia/Tokyo,332149
Kita,Kita,JP,35.75264,139.73348,Asia/Tokyo,332140
Ciudad Victoria,Ciudad Victoria,MX,23.74061,-99.14364,America/Monterrey,332100
Soledad de Graciano Sánchez,Soledad de Graciano Sanchez,MX,22.18912,-100.93792,America/Mexico_City,332072
Kochi,Kochi,JP,33.55,133.53333,Asia/Tokyo,332059
Bielefeld,Bielefeld,DE,52.03333,8.53333,Europe/Berlin,331906
Dumai,Dumai,ID,1.66711,101.44316,Asia/Jakarta,331832
Blida,Blida,DZ,36.47004,2.8277,Africa/Algiers,331779
Kwai Chung,Kwai Chung,HK,22.36828,114.13877,Asia/Hong_Kong,331600
Mandaue City,Mandaue City,PH,10.32361,123.92222,Asia/Manila,331320
Khorramshahr,Khorramshahr,IR,30.44079,48.18428,Asia/Tehran,330606
Bonn,Bonn,DE,50.73438,7.09549,Europe/Berlin,330579
Mathura,Mathura,IN,27.5035,77.67215,Asia/Kolkata,330511
Hechi,Hechi,CN,24.69285,108.08376,Asia/Shanghai,330131
Bydgoszcz,Bydgoszcz,PL,53.1235,18.00762,Europe/Warsaw,330038
Smolensk,Smolensk,RU,54.77826,32.05088,Europe/Moscow,330025
Oral,Oral,KZ,51.24601,51.42558,Asia/Oral,330000
São Vicente,Sao Vicente,BR,-23.96306,-46.39194,America/Sao_Paulo,329911
Khorramabad,Khorramabad,IR,33.48778,48.35583,Asia/Tehran,329825
Ribeirão das Neves,Ribeirao das Neves,BR,-19.76694,-44.08667,America/Sao_Paulo,329794
Soyapango,Soyapango,SV,13.71024,-89.13989,America/El_Salvador,329708
Tongshan,Tongshan,CN,34.18045,117.15707,Asia/Shanghai,329661
Guédiawaye,Guediawaye,SN,14.77446,-17.40212,Africa/Dakar,329659
São José dos Pinhais,Sao Jose dos Pinhais,BR,-25.5302,-49.20836,America/Sao_Paulo,329628
Plovdiv,Plovdiv,BG,42.15387,24.75001,Europe/Sofia,329489
Ciudad Obregón,Ciudad Obregon,MX,27.48642,-109.94079,America/Hermosillo,329404
Wŏnsan,Wonsan,KP,39.15278,127.44361,Asia/Pyongyang,329207
Brent,Brent,GB,51.55306,-0.3023,Europe/London,329100
Pavlodar,Pavlodar,KZ,52.27601,76.96881,Asia/Almaty,329002
Chānda,Chanda,IN,19.95076,79.29523,Asia/Kolkata,328351
Canoas,Canoas,BR,-29.91778,-51.18361,America/Sao_Paulo,328291
Kōriyama,Koriyama,JP,37.4,140.38333,Asia/Tokyo,327692
Sochi,Sochi,RU,43.59699,39.72477,Europe/Moscow,327608
Aksaray,Aksaray,TR,38.37255,34.02537,Europe/Istanbul,327575
Vijayapura,Vijayapura,IN,16.82442,75.71537,Asia/Kolkata,327427
Chipata,Chipata,ZM,-13.63333,32.65,Africa/Lusaka,327059
Chongjin,Chongjin,KP,41.79556,129.77583,Asia/Pyongyang,327000
Yanji,Yanji,CN,42.88825,129.50241,Asia/Shanghai,326957
Roodepoort,Roodepoort,ZA,-26.1625,27.8725,Africa/Johannesburg,326416
Pucallpa,Pucallpa,PE,-8.37915,-74.55387,America/Lima,326040
Mogi das Cruzes,Mogi das Cruzes,BR,-23.52278,-46.18833,America/Sao_Paulo,325746
Córdoba,Cordoba,ES,37.89155,-4.77275,Europe/Madrid,325708
Birkenhead,Birkenhead,GB,53.39337,-3.01479,Europe/London,325264
Nantes,Nantes,FR,47.21725,-1.55336,Europe/Paris,325070
Ilesa,Ilesa,NG,7.62789,4.74161,Africa/Lagos,325000
Bhatara,Bhatara,BD,23.8,90.45,Asia/Dhaka,324300
Espoo,Espoo,FI,60.2052,24.6522,Europe/Helsinki,323910
Kikuyu,Kikuyu,KE,-1.24627,36.66291,Africa/Nairobi,323881
Kluang,Kluang,MY,2.03046,103.31689,Asia/Kuala_Lumpur,323762
Lincang,Lincang,CN,23.87972,100.09455,Asia/Shanghai,323708
Nottingham,Nottingham,GB,52.9536,-1.15047,Europe/London,323632
Ramiros,Ramiros,AO,-9.06259,13.0456,Africa/Luanda,323576
Al ‘Amārah,Al 'Amarah,IQ,31.83561,47.14483,Asia/Baghdad,323302
Volzhsky,Volzhsky,RU,48.78583,44.77973,Europe/Volgograd,323293
Vaughan,Vaughan,CA,43.8361,-79.49827,America/Toronto,323103
Xingyi,Xingyi,CN,25.09617,104.90639,Asia/Shanghai,322890
Guarujá,Guaruja,BR,-23.99306,-46.25639,America/Sao_Paulo,322750
Shivamogga,Shivamogga,IN,13.93157,75.56791,Asia/Kolkata,322650
Alwar,Alwar,IN,27.56246,76.625,Asia/Kolkata,322568
Uíge,Uige,AO,-7.60874,15.06131,Africa/Luanda,322531
Ixtapaluca,Ixtapaluca,MX,19.31556,-98.88284,America/Mexico_City,322271
Osh,Osh,KG,40.52828,72.7985,Asia/Bishkek,322164
Portoviejo,Portoviejo,EC,-1.05764,-80.45145,America/Guayaquil,321800
Villavicencio,Villavicencio,CO,4.13238,-73.62564,America/Bogota,321717
Man’gyŏngdae-ri,Man'gyongdae-ri,KP,38.99182,125.65871,Asia/Pyongyang,321690
San Miguelito,San Miguelito,PA,9.05032,-79.47068,America/Panama,321501
Pelotas,Pelotas,BR,-31.76997,-52.34101,America/Sao_Paulo,320674
Shāhjānpur,Shahjanpur,IN,27.88165,79.90918,Asia/Kolkata,320434
Lexington,Lexington,US,37.98869,-84.47772,America/New_York,320347
Tantou,Tantou,CN,22.75121,113.83496,Asia/Shanghai,320304
Anápolis,Anapolis,BR,-16.32667,-48.95278,America/Sao_Paulo,319587
Kaech’ŏn,Kaech'on,KP,39.70056,125.89333,Asia/Pyongyang,319554
Jūnāgadh,Junagadh,IN,21.51966,70.45981,Asia/Kolkata,319462
Islington,Islington,GB,51.53622,-0.10304,Europe/London,319143
Holguín,Holguin,CU,20.88722,-76.26306,America/Havana,319102
Ust-Kamenogorsk,Ust-Kamenogorsk,KZ,49.97143,82.60586,Asia/Almaty,319067
Tsuen Wan,Tsuen Wan,HK,22.37137,114.11329,Asia/Hong_Kong,318916
Zinder,Zinder,NE,13.80716,8.9881,Africa/Niamey,318874
Saransk,Saransk,RU,54.18485,45.17166,Europe/Moscow,318841
Al Diwaniyah,Al Diwaniyah,IQ,31.99289,44.92552,Asia/Baghdad,318801
Varna,Varna,BG,43.21912,27.91024,Europe/Sofia,318737
Hafizabad,Hafizabad,PK,32.07095,73.68802,Asia/Karachi,318621
Marne La Vallée,Marne La Vallee,FR,48.83584,2.64241,Europe/Paris,318325
Damanhur,Damanhur,EG,31.03408,30.46823,Africa/Cairo,318207
Chiniot,Chiniot,PK,31.72091,72.97836,Asia/Karachi,318165
Popayán,Popayan,CO,2.43823,-76.61316,America/Bogota,318059
Reading,Reading,GB,51.45625,-0.97113,Europe/London,318014
Geita,Geita,TZ,-2.8725,32.2325,Africa/Dar_es_Salaam,318006
Taubaté,Taubate,BR,-23.02639,-45.55528,America/Sao_Paulo,317915
Constanţa,Constanta,RO,44.18073,28.63432,Europe/Bucharest,317832
New Delhi,New Delhi,IN,28.62137,77.2148,Asia/Kolkata,317797
Thessaloníki,Thessaloniki,GR,40.64072,22.93493,Europe/Athens,317778
Thiès,Thies,SN,14.78944,-16.92602,Africa/Dakar,317763
Naha,Naha,JP,26.213,127.67851,Asia/Tokyo,317625
Pekalongan,Pekalongan,ID,-6.8886,109.6753,Asia/Jakarta,317524
Obolon,Obolon,UA,50.5132,30.5055,Europe/Kyiv,317300
Riverside,Riverside,US,33.95335,-117.39616,America/Los_Angeles,317261
Baicheng,Baicheng,CN,45.61751,122.83302,Asia/Shanghai,316970
Chimbote,Chimbote,PE,-9.07508,-78.59373,America/Lima,316966
Bari,Bari,IT,41.12066,16.86982,Europe/Rome,316491
Barueri,Barueri,BR,-23.51056,-46.87611,America/Sao_Paulo,316473
Corpus Christi,Corpus Christi,US,27.80058,-97.39638,America/Chicago,316239
Thrissur,Thrissur,IN,10.51667,76.21667,Asia/Kolkata,315957
Cherepovets,Cherepovets,RU,59.13333,37.9,Europe/Moscow,315738
Eloy Alfaro,Eloy Alfaro,EC,-2.16919,-79.83987,America/Guayaquil,315724
Hamburg-Nord,Hamburg-Nord,DE,53.58935,9.984,Europe/Berlin,315514
Al-Kut,Al-Kut,IQ,32.5128,45.81817,Asia/Baghdad,315162
Muar,Muar,MY,2.0442,102.5689,Asia/Kuala_Lumpur,314776
Şişli,Sisli,TR,41.06046,28.98717,Europe/Istanbul,314684
Várzea Grande,Varzea Grande,BR,-15.64667,-56.1325,America/Cuiaba,314627
Lexington-Fayette,Lexington-Fayette,US,38.0498,-84.45855,America/New_York,314488
Maroua,Maroua,CM,10.59095,14.31593,Africa/Douala,314122
Kingston upon Hull,Kingston upon Hull,GB,53.7446,-0.33525,Europe/London,314018
Preston,Preston,GB,53.76282,-2.70452,Europe/London,313332
Lianshan,Lianshan,CN,40.76432,120.85327,Asia/Shanghai,313247
Denizli,Denizli,TR,37.77417,29.0875,Europe/Istanbul,313238
Ikeja,Ikeja,NG,6.59651,3.34205,Africa/Lagos,313196
New Cairo,New Cairo,EG,30.03,31.47,Africa/Cairo,313139
Al Qāhirah al Jadīdah,Al Qahirah al Jadidah,EG,30.04214,31.44446,Africa/Cairo,313139
Vitória,Vitoria,BR,-20.31944,-40.33778,America/Sao_Paulo,312656
Palmira,Palmira,CO,3.53944,-76.30361,America/Bogota,312519
Vologda,Vologda,RU,59.2239,39.88398,Europe/Moscow,312420
Iligan City,Iligan City,PH,8.25,124.4,Asia/Manila,312323
Maringá,Maringa,BR,-23.42528,-51.93861,America/Sao_Paulo,311724
Catania,Catania,IT,37.49223,15.07041,Europe/Rome,311584
Jardim Angela,Jardim Angela,BR,-23.71636,-46.76872,America/Sao_Paulo,311432
Nizāmābād,Nizamabad,IN,18.67154,78.0988,Asia/Kolkata,311152
Cincinnati,Cincinnati,US,39.12711,-84.51439,America/New_York,311097
Percut,Percut,ID,3.6253,98.864,Asia/Jakarta,311063
Coatzacoalcos,Coatzacoalcos,MX,18.14905,-94.4447,America/Mexico_City,310698
Santa Ana,Santa Ana,US,33.74557,-117.86783,America/Los_Angeles,310227
Sariwŏn-si,Sariwon-si,KP,38.50722,125.75583,Asia/Pyongyang,310100
Botshabelo,Botshabelo,ZA,-29.26737,26.72595,Africa/Johannesburg,309714
Butuan,Butuan,PH,8.94917,125.54361,Asia/Manila,309709
Shahrīār,Shahriar,IR,35.65884,51.05775,Asia/Tehran,309607
Qods,Qods,IR,35.7214,51.109,Asia/Tehran,309605
Gia Lâm,Gia Lam,VN,21.02,105.939,Asia/Bangkok,309353
Kurgan,Kurgan,RU,55.44905,65.34344,Asia/Yekaterinburg,309285
Tampico,Tampico,MX,22.28519,-97.87777,America/Monterrey,309003
Akowonjo,Akowonjo,NG,6.61012,3.30968,Africa/Lagos,308900
Cabuyao,Cabuyao,PH,14.2726,121.1262,Asia/Manila,308745
Tabora,Tabora,TZ,-5.01622,32.82663,Africa/Dar_es_Salaam,308741
Kasugai,Kasugai,JP,35.24762,136.97229,Asia/Tokyo,308681
An Nhơn,An Nhon,VN,13.88579,109.10823,Asia/Ho_Chi_Minh,308396
Alimosho,Alimosho,NG,6.60656,3.30235,Africa/Lagos,308290
Ciudad Benito Juárez,Ciudad Benito Juarez,MX,25.64724,-100.09582,America/Monterrey,308285
Münster,Muenster,DE,51.96236,7.62571,Europe/Berlin,308258
Mannheim,Mannheim,DE,49.4891,8.46694,Europe/Berlin,307960
Karawang,Karawang,ID,-6.30525,107.3197,Asia/Jakarta,307880
Akita,Akita,JP,39.71667,140.11667,Asia/Tokyo,307672
Suzano,Suzano,BR,-23.5425,-46.31083,America/Sao_Paulo,307429
Tumkūr,Tumkur,IN,13.34136,77.1022,Asia/Kolkata,307359
Chinju,Chinju,KR,35.19278,128.08472,Asia/Seoul,307242
Parbhani,Parbhani,IN,19.26855,76.77081,Asia/Kolkata,307170
Hisar,Hisar,IN,29.15394,75.72294,Asia/Kolkata,307024
Iksan,Iksan,KR,35.94389,126.95444,Asia/Seoul,307000
Fīrozābād,Firozabad,IN,27.15092,78.39781,Asia/Kolkata,306409
Palmas,Palmas,BR,-10.16745,-48.32766,America/Araguaina,306296
Vladikavkaz,Vladikavkaz,RU,43.04101,44.66986,Europe/Moscow,306258
Port-de-Paix,Port-de-Paix,HT,19.93984,-72.83037,America/Port-au-Prince,306217
Damietta,Damietta,EG,31.41648,31.81332,Africa/Cairo,305920
Posadas,Posadas,AR,-27.39184,-55.92379,America/Argentina/Cordoba,305874
Brakpan,Brakpan,ZA,-26.23656,28.36938,Africa/Johannesburg,305692
Stockton,Stockton,US,37.9577,-121.29078,America/Los_Angeles,305658
Yokkaichi,Yokkaichi,JP,34.96667,136.61667,Asia/Tokyo,305424
Kulti,Kulti,IN,23.73166,86.84372,Asia/Kolkata,305405
Tláhuac,Tlahuac,MX,19.28689,-99.00507,America/Mexico_City,305076
Sapele,Sapele,NG,5.89405,5.67666,Africa/Lagos,305000
Pittsburgh,Pittsburgh,US,40.44062,-79.99589,America/New_York,304391
Armenia,Armenia,CO,4.53656,-75.67263,America/Bogota,304314
Santa Catarina,Santa Catarina,MX,25.67325,-100.45813,America/Monterrey,304052
Sumbawanga,Sumbawanga,TZ,-7.96667,31.61667,Africa/Dar_es_Salaam,303986
Orël,Orel,RU,52.96879,36.0791,Europe/Moscow,303696
Akashi,Akashi,JP,34.65524,135.00687,Asia/Tokyo,303601
Hai Bà Trưng,Hai Ba Trung,VN,21.01341,105.84772,Asia/Bangkok,303586
Kurume,Kurume,JP,33.31667,130.51667,Asia/Tokyo,303579
Graz,Graz,AT,47.06733,15.44197,Europe/Vienna,303270
Saint Paul,Saint Paul,US,44.94441,-93.09327,America/Chicago,303176
Nghi Sơn,Nghi Son,VN,19.32746,105.82145,Asia/Bangkok,302210
Karnāl,Karnal,IN,29.69197,76.98448,Asia/Kolkata,302140
Changyi,Changyi,CN,36.85361,119.39083,Asia/Shanghai,302072
Ciudad del Este,Ciudad del Este,PY,-25.5036,-54.65067,America/Asuncion,301815
Rosetta,Rosetta,EG,31.39951,30.41718,Africa/Cairo,301795
Barddhamān,Barddhaman,IN,23.25572,87.85691,Asia/Kolkata,301725
Toshima,Toshima,JP,35.76126,139.74491,Asia/Tokyo,301599
Solwezi,Solwezi,ZM,-12.1688,26.38938,Africa/Lusaka,301370
Hamburg-Mitte,Hamburg-Mitte,DE,53.55,10.01667,Europe/Berlin,301231
Augsburg,Augsburg,DE,48.37154,10.89851,Europe/Berlin,301105
Valladolid,Valladolid,ES,41.65541,-4.72353,Europe/Madrid,300618
Miri,Miri,MY,4.39928,113.99163,Asia/Kuching,300543
Xinyi,Xinyi,CN,34.38424,118.34617,Asia/Shanghai,300511
Mardan,Mardan,PK,34.19794,72.04965,Asia/Karachi,300424
Surgut,Surgut,RU,61.25757,73.41775,Asia/Yekaterinburg,300367
Swansea,Swansea,GB,51.62079,-3.94323,Europe/London,300352
San Pablo,San Pablo,PH,14.0683,121.3256,Asia/Manila,300166
Newcastle upon Tyne,Newcastle upon Tyne,GB,54.97328,-1.61396,Europe/London,300125
Gundupālaiyam,Gundupalaiyam,IN,11.94096,79.80294,Asia/Kolkata,300104
Gatineau,Gatineau,CA,45.47723,-75.70164,America/Toronto,300045
Yangshuo,Yangshuo,CN,24.78081,110.48967,Asia/Shanghai,300000
Biñan,Binan,PH,14.34267,121.08071,Asia/Manila,300000
Malir Cantonment,Malir Cantonment,PK,24.94343,67.20591,Asia/Karachi,300000
Winejok,Winejok,SS,9.01222,27.57081,Africa/Juba,300000
Batikent,Batikent,TR,39.96833,32.73083,Europe/Istanbul,300000
Mérida,Merida,VE,8.57899,-71.16922,America/Caracas,300000
Linqu,Linqu,CN,36.51556,118.53972,Asia/Shanghai,299646
Uruapan,Uruapan,MX,19.41677,-102.05842,America/Mexico_City,299523
Pātan,Patan,NP,27.67658,85.31417,Asia/Kathmandu,299283
Fergana,Fergana,UZ,40.38421,71.78432,Asia/Tashkent,299200
Bahía Blanca,Bahia Blanca,AR,-38.7176,-62.26545,America/Argentina/Buenos_Aires,299101
Santol,Santol,PH,15.16222,120.5675,Asia/Manila,298976
Kaolack,Kaolack,SN,14.15197,-16.07259,Africa/Dakar,298904
Jember,Jember,ID,-8.17211,113.69953,Asia/Jakarta,298585
Aomori,Aomori,JP,40.81667,140.73333,Asia/Tokyo,298394
Bārāsat,Barasat,IN,22.72154,88.48198,Asia/Kolkata,298127
Mulugu,Mulugu,IN,18.191,79.943,Asia/Kolkata,297671
Bihār Sharīf,Bihar Sharif,IN,25.20084,85.52389,Asia/Kolkata,297268
Grozny,Grozny,RU,43.31195,45.68895,Europe/Moscow,297137
Boma,Boma,CD,-5.85098,13.05364,Africa/Kinshasa,297009
Bāli,Bali,IN,22.64859,88.34115,Asia/Kolkata,296973
Pu'er,Pu'er,CN,22.78863,100.97481,Asia/Shanghai,296565
Rāmpur,Rampur,IN,28.81014,79.02699,Asia/Kolkata,296418
Darbhanga,Darbhanga,IN,26.15216,85.89707,Asia/Kolkata,296039
Panipat,Panipat,IN,29.38747,76.96825,Asia/Kolkata,295970
Mwene,Mwene,CD,-9.81697,22.87023,Africa/Lubumbashi,295683
Białystok,Bialystok,PL,53.13333,23.16433,Europe/Warsaw,295683
Rufisque,Rufisque,SN,14.71542,-17.27334,Africa/Dakar,295459
Murmansk,Murmansk,RU,68.96778,33.09922,Europe/Moscow,295374
Tirupati,Tirupati,IN,13.63551,79.41989,Asia/Kolkata,295323
Southend-on-Sea,Southend-on-Sea,GB,51.53782,0.71433,Europe/London,295310
Lincoln,Lincoln,US,40.8,-96.66696,America/Chicago,294757
Phu Quoc,Phu Quoc,VN,10.22409,103.97156,Asia/Ho_Chi_Minh,294419
Baiyin,Baiyin,CN,36.54696,104.17023,Asia/Shanghai,294400
Fukushima,Fukushima,JP,37.75,140.46667,Asia/Tokyo,294237
Bergen,Bergen,NO,60.39299,5.32415,Europe/Oslo,294029
Greater Noida,Greater Noida,IN,28.49615,77.53601,Asia/Kolkata,293908
Noida,Noida,IN,28.58,77.33,Asia/Kolkata,293908
Tambov,Tambov,RU,52.73632,41.44102,Europe/Moscow,293661
Vigo,Vigo,ES,42.23282,-8.72264,Europe/Madrid,293642
Palangkaraya,Palangkaraya,ID,-2.20833,113.91667,Asia/Pontianak,293500
Aizawl,Aizawl,IN,23.72894,92.71791,Asia/Kolkata,293416
Thanh Xuân,Thanh Xuan,VN,20.99472,105.79977,Asia/Bangkok,293292
Al Hufūf,Al Hufuf,SA,25.36467,49.58764,Asia/Riyadh,293179
Cholula,Cholula,MX,19.06406,-98.30352,America/Mexico_City,292881
Gandhinagar,Gandhinagar,IN,23.21667,72.68333,Asia/Kolkata,292797
Semey,Semey,KZ,50.42064,80.25025,Asia/Almaty,292780
Cầu Giấy,Cau Giay,VN,21.03228,105.80073,Asia/Bangkok,292536
Dindigul,Dindigul,IN,10.36896,77.98036,Asia/Kolkata,292512
Ponta Grossa,Ponta Grossa,BR,-25.095,-50.16194,America/Sao_Paulo,292177
Gaozhou,Gaozhou,CN,21.91965,110.85678,Asia/Shanghai,292164
Kamoke,Kamoke,PK,31.97526,74.22304,Asia/Karachi,291980
Limeira,Limeira,BR,-22.56472,-47.40167,America/Sao_Paulo,291869
Thanjavur,Thanjavur,IN,10.78523,79.13909,Asia/Kolkata,291067
Kariega,Kariega,ZA,-33.75562,25.40074,Africa/Johannesburg,291052
Adıyaman,Adiyaman,TR,37.76441,38.27629,Europe/Istanbul,290883
Al Mubarraz,Al Mubarraz,SA,25.40768,49.59028,Asia/Riyadh,290802
Resistencia,Resistencia,AR,-27.46363,-58.98665,America/Argentina/Cordoba,290793
Morioka,Morioka,JP,39.7,141.15,Asia/Tokyo,290700
Atyrau,Atyrau,KZ,47.1048,51.88427,Asia/Atyrau,290700
Sector 2,Sector 2,RO,44.4528,26.13321,Europe/Bucharest,290507
Xiuying,Xiuying,CN,20.00073,110.29359,Asia/Shanghai,290000
San Cristóbal,San Cristobal,VE,7.76593,-72.23576,America/Caracas,289852
Karīmnagar,Karimnagar,IN,18.43915,79.12856,Asia/Kolkata,289821
Victoria,Victoria,CA,48.4359,-123.35155,America/Vancouver,289625
Anchorage,Anchorage,US,61.21806,-149.90028,America/Anchorage,289600
Dewas,Dewas,IN,22.96585,76.05526,Asia/Kolkata,289550
Batna,Batna,DZ,35.55597,6.17414,Africa/Algiers,289504
Kaunas,Kaunas,LT,54.90156,23.90909,Europe/Vilnius,289380
Sonīpat,Sonipat,IN,28.99478,77.01937,Asia/Kolkata,289333
Machala,Machala,EC,-3.25886,-79.95876,America/Guayaquil,289141
Wiesbaden,Wiesbaden,DE,50.08601,8.24435,Europe/Berlin,288850
Zeytinburnu,Zeytinburnu,TR,40.99441,28.90417,Europe/Istanbul,288743
Meads,Meads,US,38.41258,-82.70905,America/New_York,288649
Kabwe,Kabwe,ZM,-14.4469,28.44644,Africa/Lusaka,288598
Cileungsir,Cileungsir,ID,-6.39472,106.95917,Asia/Jakarta,288347
Sinŭiju,Sinuiju,KP,40.10056,124.39806,Asia/Pyongyang,288112
Meguro,Meguro,JP,35.6322,139.70174,Asia/Tokyo,288088
Sector 4,Sector 4,RO,44.37571,26.12085,Europe/Bucharest,287828
Sumida,Sumida,JP,35.73289,139.82085,Asia/Tokyo,287766
Ibaraki,Ibaraki,JP,34.81641,135.56828,Asia/Tokyo,287730
Bắc Ninh,Bac Ninh,VN,21.18608,106.07631,Asia/Bangkok,287658
Ichalkaranji,Ichalkaranji,IN,16.69117,74.46054,Asia/Kolkata,287353
Marienthal,Marienthal,DE,53.56667,10.08333,Europe/Berlin,287101
Phú Mỹ,Phu My,VN,10.63333,107.06667,Asia/Ho_Chi_Minh,287055
Ceilândia,Ceilandia,BR,-15.8091,-48.13096,America/Sao_Paulo,287023
Katowice,Katowice,PL,50.2597,19.02173,Europe/Warsaw,286960
Adapazarı,Adapazari,TR,40.78056,30.40333,Europe/Istanbul,286787
Sultanbeyli,Sultanbeyli,TR,40.96072,29.27067,Europe/Istanbul,286622
Cluj-Napoca,Cluj-Napoca,RO,46.76667,23.6,Europe/Bucharest,286598
Gunpo,Gunpo,KR,37.3675,126.94694,Asia/Seoul,286485
Songea,Songea,TZ,-10.68333,35.65,Africa/Dar_es_Salaam,286285
Butembo,Butembo,CD,0.14164,29.29117,Africa/Lubumbashi,286242
Tacna,Tacna,PE,-18.01465,-70.25362,America/Lima,286240
Sumaré,Sumare,BR,-22.82194,-47.26694,America/Sao_Paulo,286211
Long Xuyên,Long Xuyen,VN,10.38639,105.43518,Asia/Ho_Chi_Minh,286140
Savar,Savar,BD,23.84858,90.25002,Asia/Dhaka,286008
Bathinda,Bathinda,IN,30.20747,74.93893,Asia/Kolkata,285788
Henderson,Henderson,US,36.0397,-114.98194,America/Los_Angeles,285667
Jālna,Jalna,IN,19.84102,75.88636,Asia/Kolkata,285577
Sekondi,Sekondi,GH,4.93422,-1.71454,Africa/Accra,285506
Kyengera,Kyengera,UG,0.29517,32.50159,Africa/Kampala,285400
Greensboro,Greensboro,US,36.07264,-79.79198,America/New_York,285342
Haifa,Haifa,IL,32.81303,34.99928,Asia/Jerusalem,285316
Århus,Arhus,DK,56.15674,10.21076,Europe/Copenhagen,285273
Viamão,Viamao,BR,-30.08111,-51.02333,America/Sao_Paulo,285269
Dengzhou,Dengzhou,CN,32.68273,112.08873,Asia/Shanghai,285032
Artux,Artux,CN,39.70842,76.17971,Asia/Urumqi,285000
Chuncheon,Chuncheon,KR,37.87472,127.73417,Asia/Seoul,284855
Alto Barinas,Alto Barinas,VE,8.5931,-70.2261,America/Caracas,284289
Mbour,Mbour,SN,14.42196,-16.96375,Africa/Dakar,284189
Brighton,Brighton,GB,50.82838,-0.13947,Europe/London,283870
Karlsruhe,Karlsruhe,DE,49.00937,8.40444,Europe/Berlin,283799
Port Moresby,Port Moresby,PG,-9.47723,147.15089,Pacific/Port_Moresby,283733
Santa Maria,Santa Maria,BR,-29.68417,-53.80694,America/Sao_Paulo,283677
Minya,Minya,EG,28.09193,30.75813,Africa/Cairo,283605
Plano,Plano,US,33.01984,-96.69889,America/Chicago,283558
Ichihara,Ichihara,JP,35.51667,140.08333,Asia/Tokyo,283531
Qibao,Qibao,CN,31.15267,121.35688,Asia/Shanghai,283352
Kirāri Sulemānnagar,Kirari Sulemannagar,IN,28.69736,77.0648,Asia/Kolkata,283211
Cainta,Cainta,PH,14.5786,121.1222,Asia/Manila,283172
Pétionville,Petionville,HT,18.5125,-72.28528,America/Port-au-Prince,283052
Satna,Satna,IN,24.57726,80.82719,Asia/Kolkata,282977
Geelong,Geelong,AU,-38.14711,144.36069,Australia/Melbourne,282809
Tegal,Tegal,ID,-6.8694,109.1402,Asia/Jakarta,282781
Chernihiv,Chernihiv,UA,51.50541,31.28656,Europe/Kyiv,282747
Xinyuan,Xinyuan,CN,43.42649,83.24959,Asia/Urumqi,282718
Ba Vì,Ba Vi,VN,21.08333,105.38333,Asia/Bangkok,282600
Valparaíso,Valparaiso,CL,-33.036,-71.62963,America/Santiago,282448
Ica,Ica,PE,-14.07538,-75.73422,America/Lima,282407
Tin Shui Wai,Tin Shui Wai,HK,22.45679,114.00234,Asia/Hong_Kong,282400
Purnia,Purnia,IN,25.77895,87.47422,Asia/Kolkata,282248
Newark,Newark,US,40.73566,-74.17237,America/New_York,281944
Itagüí,Itaguei,CO,6.18461,-75.59913,America/Bogota,281853
Nicolás Romero,Nicolas Romero,MX,19.64177,-99.3068,America/Mexico_City,281799
Gebze,Gebze,TR,40.80276,29.43068,Europe/Istanbul,281436
Lichinga,Lichinga,MZ,-13.31278,35.24056,Africa/Maputo,281341
Narsingdi,Narsingdi,BD,23.92298,90.71768,Asia/Dhaka,281080
Sfax,Sfax,TN,34.74056,10.76028,Africa/Tunis,280566
Zumpango,Zumpango,MX,19.7967,-99.09946,America/Mexico_City,280455
Solomyansk,Solomyansk,UA,50.42838,30.45211,Europe/Kyiv,280400
Merkezefendi,Merkezefendi,TR,37.80544,29.04236,Europe/Istanbul,280341
Madison,Madison,US,43.07305,-89.40123,America/Chicago,280305
Bukhara,Bukhara,UZ,39.77026,64.43069,Asia/Samarkand,280187
Wollongong,Wollongong,AU,-34.424,150.89345,Australia/Sydney,280153
Mingora,Mingora,PK,34.7795,72.36265,Asia/Karachi,279914
Volta Redonda,Volta Redonda,BR,-22.52306,-44.10417,America/Sao_Paulo,279898
Ostrava,Ostrava,CZ,49.83465,18.28204,Europe/Prague,279791
St. Louis,St. Louis,US,38.62727,-90.19789,America/Chicago,279695
Poltava,Poltava,UA,49.58925,34.55367,Europe/Kyiv,279593
Efon-Alaaye,Efon-Alaaye,NG,7.65649,4.92235,Africa/Lagos,279319
Binjai,Binjai,ID,3.6001,98.4854,Asia/Jakarta,279302
Petrozavodsk,Petrozavodsk,RU,61.78491,34.34691,Europe/Moscow,279190
Enshi,Enshi,CN,30.3,109.48333,Asia/Shanghai,279185
Taganrog,Taganrog,RU,47.23627,38.9053,Europe/Moscow,279056
Santa Teresa del Tuy,Santa Teresa del Tuy,VE,10.23291,-66.66474,America/Caracas,278890
South Dublin,South Dublin,IE,53.29026,-6.34151,Europe/Dublin,278749
Quảng Ngãi,Quang Ngai,VN,15.12047,108.79232,Asia/Ho_Chi_Minh,278496
Qarshi,Qarshi,UZ,38.86056,65.78905,Asia/Samarkand,278300
Tanghe,Tanghe,CN,32.68545,112.83234,Asia/Shanghai,278055
Coacalco,Coacalco,MX,19.62923,-99.10689,America/Mexico_City,277959
Sincelejo,Sincelejo,CO,9.3045,-75.3905,America/Bogota,277773
Zoucheng,Zoucheng,CN,35.40056,116.96556,Asia/Shanghai,277400
Khomeynī Shahr,Khomeyni Shahr,IR,32.6856,51.53609,Asia/Tehran,277334
Kostroma,Kostroma,RU,57.76638,40.92828,Europe/Moscow,277280
Imphal,Imphal,IN,24.80805,93.9442,Asia/Kolkata,277196
Gagnoa,Gagnoa,CI,6.13193,-5.9506,Africa/Abidjan,277044
Ulu Bedok,Ulu Bedok,SG,1.33333,103.93333,Asia/Singapore,276990
Bedok New Town,Bedok New Town,SG,1.32639,103.94167,Asia/Singapore,276990
Owo,Owo,NG,7.1962,5.58681,Africa/Lagos,276574
Suncheon,Suncheon,KR,34.9505,127.48784,Asia/Seoul,276375
Fangchenggang,Fangchenggang,CN,21.76945,108.35661,Asia/Shanghai,276315
Komsomolsk-on-Amur,Komsomolsk-on-Amur,RU,50.55034,137.00995,Asia/Vladivostok,275908
Abbottabad,Abbottabad,PK,34.1463,73.21168,Asia/Karachi,275890
Kaili,Kaili,CN,26.58583,107.97972,Asia/Shanghai,275745
Hakodate,Hakodate,JP,41.77583,140.73667,Asia/Tokyo,275730
Yamoussoukro,Yamoussoukro,CI,6.82055,-5.27674,Africa/Abidjan,275686
Bab Ezzouar,Bab Ezzouar,DZ,36.72615,3.18291,Africa/Algiers,275630
Strasbourg,Strasbourg,FR,48.58392,7.74553,Europe/Paris,274845
Pematangsiantar,Pematangsiantar,ID,2.9595,99.0687,Asia/Jakarta,274838
Saugor,Saugor,IN,23.83877,78.73874,Asia/Kolkata,274556
Neihu,Neihu,TW,25.0815,121.58809,Asia/Taipei,274538
Tsu,Tsu,JP,34.73333,136.51667,Asia/Tokyo,274537
Xingning,Xingning,CN,24.1483,115.72272,Asia/Shanghai,274499
Linxia Chengguanzhen,Linxia Chengguanzhen,CN,35.60028,103.20639,Asia/Shanghai,274466
Khmelnytskyi,Khmelnytskyi,UA,49.41835,26.97936,Europe/Kyiv,274452
Kushinagar,Kushinagar,IN,26.74134,83.88689,Asia/Kolkata,274403
Loja,Loja,EC,-3.99313,-79.20422,America/Guayaquil,274112
Tai Po,Tai Po,HK,22.45007,114.16877,Asia/Hong_Kong,274100
Isfara,Isfara,TJ,40.12649,70.62526,Asia/Dushanbe,274000
Luena,Luena,AO,-11.78333,19.91667,Africa/Luanda,273675
Pasarkemis,Pasarkemis,ID,-6.17028,106.53028,Asia/Jakarta,273659
Taboão da Serra,Taboao da Serra,BR,-23.62611,-46.79167,America/Sao_Paulo,273542
Istaravshan,Istaravshan,TJ,39.9142,69.00328,Asia/Dushanbe,273500
Turpan,Turpan,CN,42.94769,89.17886,Asia/Urumqi,273385
Rourkela,Rourkela,IN,22.22496,84.86414,Asia/Kolkata,273317
Yao,Yao,JP,34.61667,135.6,Asia/Tokyo,273213
Banī Suwayf,Bani Suwayf,EG,29.07441,31.09785,Africa/Cairo,273151
Nagar Naluākot,Nagar Naluakot,BD,24.15608,90.7728,Asia/Dhaka,273000
Guantánamo,Guantanamo,CU,20.14444,-75.20917,America/Havana,272801
Baguio,Baguio,PH,16.41639,120.59306,Asia/Manila,272714
Petrópolis,Petropolis,BR,-22.505,-43.17861,America/Sao_Paulo,272691
Ar Rayyān,Ar Rayyan,QA,25.29194,51.42444,Asia/Qatar,272465
Polokwane,Polokwane,ZA,-23.90449,29.46885,Africa/Johannesburg,272461
Ljubljana,Ljubljana,SI,46.05108,14.50513,Europe/Ljubljana,272220
Jalālābād,Jalalabad,AF,34.42647,70.45153,Asia/Kabul,271900
Deir ez-Zor,Deir ez-Zor,SY,35.33588,40.14084,Asia/Damascus,271800
Gijón,Gijon,ES,43.53573,-5.66152,Europe/Madrid,271780
Hafar Al-Batin,Hafar Al-Batin,SA,28.43279,45.97077,Asia/Riyadh,271642
Kakogawachō-honmachi,Kakogawacho-honmachi,JP,34.76943,134.82905,Asia/Tokyo,271634
Sector 5,Sector 5,RO,44.38808,26.07144,Europe/Bucharest,271575
Quận Sáu,Quan Sau,VN,10.7468,106.64903,Asia/Ho_Chi_Minh,271050
Capao Redondo,Capao Redondo,BR,-23.66877,-46.78051,America/Sao_Paulo,270767
Mỹ Tho,My Tho,VN,10.36004,106.35996,Asia/Ho_Chi_Minh,270700
Mito,Mito,JP,36.35,140.45,Asia/Tokyo,270685
Derby,Derby,GB,52.92277,-1.47663,Europe/London,270468
Dessie,Dessie,ET,11.13333,39.63333,Africa/Addis_Ababa,270400
São José,Sao Jose,BR,-27.61528,-48.6275,America/Sao_Paulo,270299
Hạ Long,Ha Long,VN,20.95045,107.07336,Asia/Bangkok,270054
Gelsenkirchen,Gelsenkirchen,DE,51.50508,7.09654,Europe/Berlin,270028
Longling County,Longling County,CN,24.58663,98.68934,Asia/Shanghai,270000
Cherkasy,Cherkasy,UA,49.44452,32.05738,Europe/Kyiv,269836
Malolos,Malolos,PH,14.8443,120.81039,Asia/Manila,269809
Southampton,Southampton,GB,50.90395,-1.40428,Europe/London,269781
Kapar,Kapar,MY,3.13333,101.38333,Asia/Kuala_Lumpur,269627
Çorum,Corum,TR,40.54889,34.95333,Europe/Istanbul,269595
Ghulja,Ghulja,CN,43.91515,81.32151,Asia/Urumqi,269158
Eimsbüttel,Eimsbuettel,DE,53.57416,9.95679,Europe/Berlin,269118
Merlo,Merlo,AR,-34.66536,-58.72744,America/Argentina/Buenos_Aires,268961
Yeosu,Yeosu,KR,34.76062,127.66215,Asia/Seoul,268823
Durg,Durg,IN,21.19147,81.27619,Asia/Kolkata,268806
Fuling,Fuling,CN,29.70997,107.39391,Asia/Shanghai,268658
Mokpo,Mokpo,KR,34.81282,126.39181,Asia/Seoul,268402
Birgañj,Birganj,NP,27.01736,84.88047,Asia/Kathmandu,268273
Yoshkar-Ola,Yoshkar-Ola,RU,56.63877,47.89078,Europe/Moscow,268272
Russeifa,Russeifa,JO,32.01778,36.04639,Asia/Amman,268237
Shibīn al Kawm,Shibin al Kawm,EG,30.55258,31.00904,Africa/Cairo,267945
Parauapebas,Parauapebas,BR,-6.0675,-49.90222,America/Belem,267836
Mirpur Khas,Mirpur Khas,PK,25.5276,69.01255,Asia/Karachi,267833
Sengkang New Town,Sengkang New Town,SG,1.39167,103.89444,Asia/Singapore,267600
Floridablanca,Floridablanca,CO,7.06222,-73.08644,America/Bogota,267591
Tokushima,Tokushima,JP,34.06667,134.56667,Asia/Tokyo,267345
Sterlitamak,Sterlitamak,RU,53.63793,55.9533,Asia/Yekaterinburg,267231
Anantapur,Anantapur,IN,14.67784,77.60813,Asia/Kolkata,267161
Parnamirim,Parnamirim,BR,-5.91556,-35.26278,America/Fortaleza,267036
Gyeongsan-si,Gyeongsan-si,KR,35.82333,128.73778,Asia/Seoul,266951
Sohag,Sohag,EG,26.55695,31.69478,Africa/Cairo,266944
Nagaoka,Nagaoka,JP,37.45,138.85,Asia/Tokyo,266936
Sapopemba,Sapopemba,BR,-23.59556,-46.52472,America/Sao_Paulo,266715
Eixample,Eixample,ES,41.38896,2.16179,Europe/Madrid,266477
Bagerhat,Bagerhat,BD,22.65657,89.79123,Asia/Dhaka,266388
Hà Tĩnh,Ha Tinh,VN,18.34282,105.90569,Asia/Bangkok,266321
Saskatoon,Saskatoon,CA,52.13238,-106.66892,America/Regina,266141
Chengzhong,Chengzhong,CN,30.94454,113.55284,Asia/Shanghai,265886
Djelfa,Djelfa,DZ,34.67279,3.263,Africa/Algiers,265833
Chula Vista,Chula Vista,US,32.64005,-117.0842,America/Los_Angeles,265757
Shimonoseki,Shimonoseki,JP,33.95548,130.93713,Asia/Tokyo,265684
Toledo,Toledo,US,41.66394,-83.55521,America/New_York,265638
Kibaha,Kibaha,TZ,-6.76667,38.91667,Africa/Dar_es_Salaam,265360
Hulan Ergi,Hulan Ergi,CN,47.20417,123.63333,Asia/Shanghai,265344
Tampines Estate,Tampines Estate,SG,1.35806,103.94028,Asia/Singapore,265340
Bordeaux,Bordeaux,FR,44.84124,-0.58046,Europe/Paris,265328
Aachen,Aachen,DE,50.77664,6.08342,Europe/Berlin,265208
Gent,Gent,BE,51.05,3.71667,Europe/Brussels,265086
Gravataí,Gravatai,BR,-29.94218,-50.99278,America/Sao_Paulo,265074
Mantampay,Mantampay,PH,8.16667,124.21667,Asia/Manila,265032
Ratlām,Ratlam,IN,23.33033,75.04032,Asia/Kolkata,264914
Nogales,Nogales,MX,31.30862,-110.94217,America/Hermosillo,264782
El Daein,El Daein,SD,11.46186,26.12583,Africa/Khartoum,264734
Donghai,Donghai,CN,22.94593,115.64204,Asia/Shanghai,264709
Dezful,Dezful,IR,32.38114,48.40581,Asia/Tehran,264709
Gunsan,Gunsan,KR,35.97861,126.71139,Asia/Seoul,264656
Mossoró,Mossoro,BR,-5.1875,-37.34417,America/Fortaleza,264577
Rānipet,Ranipet,IN,12.92471,79.33331,Asia/Kolkata,264330
Brāhmanbāria,Brahmanbaria,BD,23.97464,91.11228,Asia/Dhaka,264326
Porto-Novo,Porto-Novo,BJ,6.49646,2.60359,Africa/Porto-Novo,264320
Chernivtsi,Chernivtsi,UA,48.29045,25.93241,Europe/Kyiv,264298
Jersey City,Jersey City,US,40.72816,-74.07764,America/New_York,264290
Manta,Manta,EC,-0.94937,-80.73137,America/Guayaquil,264281
Reno,Reno,US,39.52963,-119.8138,America/Los_Angeles,264165
Bégoua,Begoua,CF,4.45437,18.53475,Africa/Bangui,264067
Riobamba,Riobamba,EC,-1.66506,-78.65887,America/Guayaquil,264048
Sivas,Sivas,TR,39.74833,37.01611,Europe/Istanbul,264022
Wolverhampton,Wolverhampton,GB,52.58547,-2.12296,Europe/London,263700
Fanling,Fanling,HK,22.49487,114.13949,Asia/Hong_Kong,263200
Chiayi City,Chiayi City,TW,23.47917,120.44889,Asia/Taipei,263188
Dongtai,Dongtai,CN,32.85231,120.30947,Asia/Shanghai,262873
Fuchū,Fuchu,JP,35.67452,139.48216,Asia/Tokyo,262790
Jurong Town,Jurong Town,SG,1.33417,103.72278,Asia/Singapore,262730
Marāgheh,Maragheh,IR,37.39206,46.23909,Asia/Tehran,262604
Marāgheh,Maragheh,IR,35.82916,59.63324,Asia/Tehran,262604
Quilmes,Quilmes,AR,-34.72065,-58.25454,America/Argentina/Buenos_Aires,262379
Fukui-shi,Fukui-shi,JP,36.06443,136.22257,Asia/Tokyo,262328
Lal Bahadur Nagar,Lal Bahadur Nagar,IN,17.34769,78.55757,Asia/Kolkata,261987
Mönchengladbach,Moenchengladbach,DE,51.18539,6.44172,Europe/Berlin,261742
Bagong Silang,Bagong Silang,PH,14.7783,121.04487,Asia/Manila,261729
Zhytomyr,Zhytomyr,UA,50.26235,28.67913,Europe/Kyiv,261624
Karamay,Karamay,CN,45.58473,84.88724,Asia/Urumqi,261445
Sacomã,Sacoma,BR,-23.63083,-46.59817,America/Sao_Paulo,261436
Arrah,Arrah,IN,25.55629,84.66335,Asia/Kolkata,261430
Tongliao,Tongliao,CN,43.6125,122.26528,Asia/Shanghai,261110
Bariadi,Bariadi,TZ,-2.8,33.98333,Africa/Dar_es_Salaam,260927
Antsirabe,Antsirabe,MG,-19.86586,47.03333,Indian/Antananarivo,260907
Chandler,Chandler,US,33.30616,-111.84125,America/Phoenix,260828
Yei,Yei,SS,4.09444,30.67639,Africa/Juba,260720
Chilanzar,Chilanzar,UZ,41.28194,69.18111,Asia/Tashkent,260700
Tampere,Tampere,FI,61.49911,23.78712,Europe/Helsinki,260646
Mahajanga,Mahajanga,MG,-15.71667,46.31667,Indian/Antananarivo,260556
Minato City,Minato City,JP,35.6581,139.7515,Asia/Tokyo,260486
Fort Wayne,Fort Wayne,US,41.1306,-85.12886,America/Indiana/Indianapolis,260326
Plymouth,Plymouth,GB,50.37153,-4.14305,Europe/London,260203
Nianbo,Nianbo,CN,36.48,102.41639,Asia/Shanghai,260184
Baranagar,Baranagar,IN,22.64132,88.37727,Asia/Kolkata,260072
Skardu,Skardu,PK,35.29787,75.63372,Asia/Karachi,260000
Marawi City,Marawi City,PH,8.0034,124.28395,Asia/Manila,259993
Tampines New Town,Tampines New Town,SG,1.34917,103.94972,Asia/Singapore,259900
Qo‘qon,Qo'qon,UZ,40.52861,70.9425,Asia/Tashkent,259700
Jardim Sao Luis,Jardim Sao Luis,BR,-23.68073,-46.7394,America/Sao_Paulo,259377
Tacloban,Tacloban,PH,11.24333,125.00472,Asia/Manila,259353
Rondonópolis,Rondonopolis,BR,-16.47083,-54.63556,America/Cuiaba,259167
Changle,Changle,CN,36.70583,118.8275,Asia/Shanghai,259161
Gajuwaka,Gajuwaka,IN,17.7,83.21667,Asia/Kolkata,258944
Jining,Jining,CN,41.0275,113.10583,Asia/Shanghai,258757
North Shore,North Shore,NZ,-36.8,174.75,Pacific/Auckland,258697
Rishon LeTsiyyon,Rishon LeTsiyyon,IL,31.97102,34.78939,Asia/Jerusalem,258535
Hiratsuka,Hiratsuka,JP,35.32785,139.33735,Asia/Tokyo,258422
Stoke-on-Trent,Stoke-on-Trent,GB,53.00415,-2.18538,Europe/London,258366
Foz do Iguaçu,Foz do Iguacu,BR,-25.54778,-54.58806,America/Sao_Paulo,258248
Buffalo,Buffalo,US,42.88645,-78.87837,America/New_York,258071
Verona,Verona,IT,45.43854,10.9938,Europe/Rome,258031
Ðà Lạt,Da Lat,VN,11.94646,108.44193,Asia/Ho_Chi_Minh,258014
San Salvador de Jujuy,San Salvador de Jujuy,AR,-24.1928,-65.29342,America/Argentina/Jujuy,257970
Durham,Durham,US,35.99403,-78.89862,America/New_York,257636
Etāwah,Etawah,IN,26.77615,79.02133,Asia/Kolkata,257448
Gasteiz / Vitoria,Gasteiz / Vitoria,ES,42.84998,-2.67268,Europe/Madrid,257407
Rugao,Rugao,CN,32.37035,120.57649,Asia/Shanghai,257400
Gómez Palacio,Gomez Palacio,MX,25.56871,-103.4996,America/Monterrey,257352
Cascavel,Cascavel,BR,-24.95583,-53.45528,America/Sao_Paulo,257172
St. Petersburg,St. Petersburg,US,27.77086,-82.67927,America/New_York,257083
L'Hospitalet de Llobregat,L'Hospitalet de Llobregat,ES,41.35967,2.10028,Europe/Madrid,257038
Gdynia,Gdynia,PL,54.51889,18.53188,Europe/Warsaw,257000
Cilacap,Cilacap,ID,-7.72639,109.00944,Asia/Jakarta,256996
Irvine,Irvine,US,33.66946,-117.82311,America/Los_Angeles,256927
Kitchener,Kitchener,CA,43.42537,-80.5112,America/Toronto,256885
Suicheng,Suicheng,CN,33.8963,117.93307,Asia/Shanghai,256665
Nada,Nada,CN,19.52134,109.57895,Asia/Shanghai,256652
Latina,Latina,ES,40.38897,-3.74569,Europe/Madrid,256644
Los Mochis,Los Mochis,MX,25.79097,-108.99825,America/Mazatlan,256613
Bratsk,Bratsk,RU,56.1325,101.61417,Asia/Irkutsk,256600
Pachuca de Soto,Pachuca de Soto,MX,20.11697,-98.73329,America/Mexico_City,256584
Chingola,Chingola,ZM,-12.52897,27.88382,Africa/Lusaka,256560
Sumy,Sumy,UA,50.91741,34.79906,Europe/Kyiv,256474
Milton Keynes,Milton Keynes,GB,52.04172,-0.75583,Europe/London,256385
Indaiatuba,Indaiatuba,BR,-23.08842,-47.2119,America/Sao_Paulo,256223
Laredo,Laredo,US,27.50641,-99.50754,America/Chicago,256153
Vila Flor,Vila Flor,AO,-8.98007,13.30781,Africa/Luanda,256066
Germiston,Germiston,ZA,-26.23481,28.17665,Africa/Johannesburg,255863
Ñuñoa,Nunoa,CL,-33.44735,-70.58279,America/Santiago,255823
Parakou,Parakou,BJ,9.33716,2.63031,Africa/Porto-Novo,255478
Isiro,Isiro,CD,2.77391,27.61603,Africa/Lubumbashi,255409
Sari,Sari,IR,36.56332,53.06009,Asia/Tehran,255396
Kenema,Kenema,SL,7.87687,-11.19025,Africa/Freetown,255110
Banda Aceh,Banda Aceh,ID,5.54167,95.33333,Asia/Jakarta,255029
Oaxaca,Oaxaca,MX,17.06025,-96.72544,America/Mexico_City,255029
Mossamedes,Mossamedes,AO,-15.19611,12.15222,Africa/Luanda,255000
Al Madīnah,Al Madinah,IQ,30.96324,47.26998,Asia/Baghdad,255000
Ikot Ekpene,Ikot Ekpene,NG,5.18194,7.71481,Africa/Lagos,254806
Yanzhou,Yanzhou,CN,35.55278,116.82861,Asia/Shanghai,254788
Woodlands,Woodlands,SG,1.43801,103.78877,Asia/Singapore,254440
Hanam,Hanam,KR,37.54,127.20556,Asia/Seoul,254415
Mueang Nonthaburi,Mueang Nonthaburi,TH,13.86075,100.51477,Asia/Bangkok,254375
Sorong,Sorong,ID,-0.87956,131.26104,Asia/Jayapura,254294
Saint-Louis,Saint-Louis,SN,16.01793,-16.48962,Africa/Dakar,254171
Batu Caves,Batu Caves,MY,3.238,101.682,Asia/Kuala_Lumpur,254083
Novo Hamburgo,Novo Hamburgo,BR,-29.67833,-51.13056,America/Sao_Paulo,253841
Jurong West,Jurong West,SG,1.35028,103.72278,Asia/Singapore,253840
Cox’s Bāzār,Cox's Bazar,BD,21.43973,92.00955,Asia/Dhaka,253788
Carabanchel,Carabanchel,ES,40.39094,-3.7242,Europe/Madrid,253678
Cotia,Cotia,BR,-23.60389,-46.91917,America/Sao_Paulo,253608
Petaẖ Tiqva,Petah Tiqva,IL,32.08707,34.88747,Asia/Jerusalem,253529
Marg‘ilon,Marg'ilon,UZ,40.47237,71.72463,Asia/Tashkent,253500
Ambarnath,Ambarnath,IN,19.2,73.16667,Asia/Kolkata,253475
Godomè,Godome,BJ,6.38948,2.34581,Africa/Porto-Novo,253262
Naihāti,Naihati,IN,22.89396,88.41521,Asia/Kolkata,253221
Braşov,Brasov,RO,45.64861,25.60613,Europe/Bucharest,253200
Xuân Lộc,Xuan Loc,VN,10.93333,107.23333,Asia/Ho_Chi_Minh,253140
Vitória da Conquista,Vitoria da Conquista,BR,-14.86611,-40.83944,America/Bahia,253137
Laohekou,Laohekou,CN,32.38583,111.66778,Asia/Shanghai,253112
Richards Bay,Richards Bay,ZA,-28.78301,32.03768,Africa/Johannesburg,252968
Qina,Qina,EG,26.16418,32.72671,Africa/Cairo,252883
Bharatpur,Bharatpur,IN,27.21731,77.49009,Asia/Kolkata,252838
Vantaa,Vantaa,FI,60.29414,25.04099,Europe/Helsinki,252724
Porto,Porto,PT,41.1485,-8.61097,Europe/Lisbon,252687
Kiel,Kiel,DE,54.32133,10.13489,Europe/Berlin,252668
Hobart,Hobart,AU,-42.87936,147.32941,Australia/Hobart,252639
El Fasher,El Fasher,SD,13.62793,25.34936,Africa/Khartoum,252609
Thiès Nones,Thies Nones,SN,14.78333,-16.96667,Africa/Dakar,252320
Suihua,Suihua,CN,46.64814,126.96656,Asia/Shanghai,252245
Los Teques,Los Teques,VE,10.34954,-67.04266,America/Caracas,252242
Santiago del Estero,Santiago del Estero,AR,-27.80047,-64.26285,America/Argentina/Cordoba,252192
Sétif,Setif,DZ,36.19112,5.41373,Africa/Algiers,252127
Begusarai,Begusarai,IN,25.41853,86.13389,Asia/Kolkata,252008
Borūjerd,Borujerd,IR,33.8973,48.7516,Asia/Tehran,251958
Qarchak,Qarchak,IR,35.42873,51.57757,Asia/Tehran,251834
Afyonkarahisar,Afyonkarahisar,TR,38.75667,30.54333,Europe/Istanbul,251799
İskenderun,Iskenderun,TR,36.58718,36.17347,Europe/Istanbul,251682
Santiago de Surco,Santiago de Surco,PE,-12.13588,-77.00742,America/Lima,251648
Thika,Thika,KE,-1.03326,37.06933,Africa/Nairobi,251407
San Fernando,San Fernando,PH,15.03425,120.68445,Asia/Manila,251248
Menongue,Menongue,AO,-14.6585,17.69099,Africa/Luanda,251178
Holosiyiv,Holosiyiv,UA,50.34433,30.55178,Europe/Kyiv,251021
Ḩayy Khildā,Hayy Khilda,JO,31.99202,35.84002,Asia/Amman,251000
Jimma,Jimma,ET,7.67344,36.83441,Africa/Addis_Ababa,250900
Governador Valadares,Governador Valadares,BR,-18.85111,-41.94944,America/Sao_Paulo,250878
Timişoara,Timisoara,RO,45.75372,21.22571,Europe/Bucharest,250849
Embu das Artes,Embu das Artes,BR,-23.64889,-46.85222,America/Sao_Paulo,250691
Santa Clara,Santa Clara,CU,22.40711,-79.96581,America/Havana,250512
Iwo,Iwo,NG,7.63527,4.18156,Africa/Lagos,250443
A Coruña,A Coruna,ES,43.37135,-8.396,Europe/Madrid,250438
Libertad,Libertad,PH,8.94417,125.50194,Asia/Manila,250353
Altona,Altona,DE,53.55,9.93333,Europe/Berlin,250192
La Paz,La Paz,MX,24.14231,-110.31316,America/Mazatlan,250141
Kelar,Kelar,IQ,34.62805,45.31852,Asia/Baghdad,250000
Colonia del Valle,Colonia del Valle,MX,19.38611,-99.16204,America/Mexico_City,250000
Niš,Nis,RS,43.32472,21.90333,Europe/Belgrade,250000
Singa,Singa,SD,13.1483,33.93117,Africa/Khartoum,250000
Tarakan,Tarakan,ID,3.31332,117.59152,Asia/Makassar,249960
San Bernardo,San Bernardo,CL,-33.59217,-70.6996,America/Santiago,249858
Sōka,Soka,JP,35.83643,139.79957,Asia/Tokyo,249645
Mzuzu,Mzuzu,MW,-11.46556,34.02071,Africa/Blantyre,249564
Navotas,Navotas,PH,14.66667,120.95,Asia/Manila,249463
Tiruvottiyūr,Tiruvottiyur,IN,13.15823,80.30181,Asia/Kolkata,249446
Cidade Ademar,Cidade Ademar,BR,-23.67379,-46.65681,America/Sao_Paulo,249218
Burnaby,Burnaby,CA,49.26636,-122.95263,America/Vancouver,249125
Lubbock,Lubbock,US,33.57786,-101.85517,America/Chicago,249042
Thị Trấn Đông Triều,Thi Tran GJong Trieu,VN,21.08242,106.5138,Asia/Bangkok,248896
Thuqbah,Thuqbah,SA,26.26022,50.20486,Asia/Riyadh,248888
Yamagata,Yamagata,JP,38.23333,140.36667,Asia/Tokyo,248772
Tehuacán,Tehuacan,MX,18.46422,-97.39735,America/Mexico_City,248716
Guarenas,Guarenas,VE,10.47027,-66.61934,America/Caracas,248588
Montpellier,Montpellier,FR,43.61093,3.87635,Europe/Paris,248252
Jimeta,Jimeta,NG,9.27949,12.45819,Africa/Lagos,248148
Częstochowa,Czestochowa,PL,50.79646,19.12409,Europe/Warsaw,248125
Gāndhīdhām,Gandhidham,IN,23.08333,70.13333,Asia/Kolkata,247992
Beibei,Beibei,CN,29.82739,106.43645,Asia/Shanghai,247702
Insein,Insein,MM,16.88874,96.10257,Asia/Yangon,247675
City of Westminster,City of Westminster,GB,51.4975,-0.1357,Europe/London,247614
Gilbert,Gilbert,US,33.35283,-111.78903,America/Phoenix,247542
Chemnitz,Chemnitz,DE,50.8357,12.92922,Europe/Berlin,247220
Paraná,Parana,AR,-31.73271,-60.52897,America/Argentina/Cordoba,247139
San Miguel,San Miguel,SV,13.48261,-88.18211,America/El_Salvador,247126
Probolinggo,Probolinggo,ID,-7.7543,113.2159,Asia/Jakarta,246980
Shijie,Shijie,CN,23.09546,113.79195,Asia/Shanghai,246960
Chitato,Chitato,AO,-7.3,20.73333,Africa/Luanda,246880
Orsk,Orsk,RU,51.23206,58.48802,Asia/Yekaterinburg,246836
Vanderbijlpark,Vanderbijlpark,ZA,-26.71171,27.83795,Africa/Johannesburg,246754
Coro,Coro,VE,11.40769,-69.67822,America/Caracas,246657
Americana,Americana,BR,-22.73917,-47.33139,America/Sao_Paulo,246655
Colombo,Colombo,BR,-25.29167,-49.22417,America/Sao_Paulo,246540
Hami,Hami,CN,42.83393,93.50601,Asia/Urumqi,246373
Gaborone,Gaborone,BW,-24.65451,25.90859,Africa/Gaborone,246325
Al ‘Āshir min Ramaḑān,Al 'Ashir min Ramadan,EG,30.29636,31.74633,Africa/Cairo,246148
Singkawang,Singkawang,ID,0.90925,108.98463,Asia/Pontianak,246112
Mau,Mau,IN,25.94167,83.56111,Asia/Kolkata,246050
Puerto Montt,Puerto Montt,CL,-41.4693,-72.94237,America/Santiago,245902
Northampton,Northampton,GB,52.25,-0.88333,Europe/London,245899
Juliaca,Juliaca,PE,-15.5,-70.13333,America/Lima,245675
Fuji,Fuji,JP,35.16667,138.68333,Asia/Tokyo,245392
Gyeongju,Gyeongju,KR,35.84278,129.21167,Asia/Seoul,245365
Sinfra,Sinfra,CI,6.62103,-5.91144,Africa/Abidjan,245226
Syktyvkar,Syktyvkar,RU,61.66393,50.8163,Europe/Moscow,245083
Gorgān,Gorgan,IR,36.8427,54.44391,Asia/Tehran,244937
Nizhnevartovsk,Nizhnevartovsk,RU,60.9344,76.5531,Asia/Yekaterinburg,244937
Groningen,Groningen,NL,53.21917,6.56667,Europe/Amsterdam,244807
Biratnagar,Biratnagar,NP,26.45505,87.27007,Asia/Kathmandu,244750
Braunschweig,Braunschweig,DE,52.26594,10.52673,Europe/Berlin,244715
Valera,Valera,VE,9.31778,-70.60361,America/Caracas,244708
São José de Ribamar,Sao Jose de Ribamar,BR,-2.55572,-44.05992,America/Fortaleza,244579
Sīkar,Sikar,IN,27.61206,75.13996,Asia/Kolkata,244497
Bago,Bago,MM,17.33521,96.48135,Asia/Yangon,244376
Magdeburg,Magdeburg,DE,52.13129,11.63189,Europe/Berlin,244329
Baruta,Baruta,VE,10.43424,-66.87558,America/Caracas,244216
Puente de Vallecas,Puente de Vallecas,ES,40.39354,-3.662,Europe/Madrid,244151
Magé,Mage,BR,-22.65278,-43.04056,America/Sao_Paulo,244092
Trabzon,Trabzon,TR,41.005,39.72694,Europe/Istanbul,244083
Tri-Cities,Tri-Cities,US,46.2454,-119.19617,America/Los_Angeles,244036
Jessore,Jessore,BD,23.16971,89.21371,Asia/Dhaka,243987
Manisa,Manisa,TR,38.61202,27.42647,Europe/Istanbul,243971
Rivne,Rivne,UA,50.62036,26.23695,Europe/Kyiv,243873
Arapiraca,Arapiraca,BR,-9.7525,-36.66111,America/Maceio,243661
Musaffah,Musaffah,AE,24.35893,54.48267,Asia/Dubai,243341
Brasilandia,Brasilandia,BR,-23.44859,-46.68839,America/Sao_Paulo,243273
Sasebo,Sasebo,JP,33.16834,129.72502,Asia/Tokyo,243223
Angarsk,Angarsk,RU,52.55968,103.91413,Asia/Irkutsk,243158
Mar’ino,Mar'ino,RU,55.65,37.71667,Europe/Moscow,243000
Ramagundam,Ramagundam,IN,18.755,79.474,Asia/Kolkata,242979
Hāpur,Hapur,IN,28.72985,77.78068,Asia/Kolkata,242920
Chigasaki,Chigasaki,JP,35.33638,139.40434,Asia/Tokyo,242798
Chōfu,Chofu,JP,35.65924,139.54837,Asia/Tokyo,242614
Huayin,Huayin,CN,34.56528,110.06639,Asia/Shanghai,242488
Berbera,Berbera,SO,10.43959,45.01432,Africa/Mogadishu,242344
Jiyuan,Jiyuan,CN,35.08912,112.58815,Asia/Shanghai,242143
Yamato,Yamato,JP,35.47276,139.45101,Asia/Tokyo,242065
Man,Man,CI,7.41251,-7.55383,Africa/Abidjan,241969
Bahawalnagar,Bahawalnagar,PK,29.99835,73.25272,Asia/Karachi,241873
Novorossiysk,Novorossiysk,RU,44.73188,37.76176,Europe/Moscow,241856
Tsukuba,Tsukuba,JP,36.08333,140.11667,Asia/Tokyo,241656
Arica,Arica,CL,-18.47552,-70.30058,America/Santiago,241653
Peñalolén,Penalolen,CL,-33.46836,-70.53411,America/Santiago,241599
Hải Dương,Hai Duong,VN,20.94099,106.33302,Asia/Bangkok,241373
Winston-Salem,Winston-Salem,US,36.09986,-80.24422,America/New_York,241218
Farrukhābād,Farrukhabad,IN,27.39134,79.5793,Asia/Kolkata,241152
Matsumoto,Matsumoto,JP,36.23333,137.96667,Asia/Tokyo,241145
Sancaktepe,Sancaktepe,TR,41.00244,29.23187,Europe/Istanbul,241000
Alappuzha,Alappuzha,IN,9.49004,76.3264,Asia/Kolkata,240991
Itapevi,Itapevi,BR,-23.54889,-46.93417,America/Sao_Paulo,240961
Katihar,Katihar,IN,25.53852,87.57044,Asia/Kolkata,240838
Marília,Marilia,BR,-22.21389,-49.94583,America/Sao_Paulo,240590
Buenaventura,Buenaventura,CO,3.8801,-77.03116,America/Bogota,240387
Lankaran,Lankaran,AZ,38.75428,48.85062,Asia/Baku,240300
Ciudad Ojeda,Ciudad Ojeda,VE,10.20161,-71.3148,America/Caracas,240283
Glendale,Glendale,US,33.53865,-112.18599,America/Phoenix,240126
Navegantes,Navegantes,AO,-12.58997,13.39123,Africa/Luanda,240075
Bunkyo,Bunkyo,JP,35.5331,139.4217,Asia/Tokyo,240069
Itaboraí,Itaborai,BR,-22.74444,-42.85944,America/Sao_Paulo,240040
Klang,Klang,MY,3.03667,101.44333,Asia/Kuala_Lumpur,240016
Almendares,Almendares,CU,23.11012,-82.42322,America/Havana,240000
Golestān,Golestan,IR,35.5183,51.1819,Asia/Tehran,240000
Vyhurivshchyna-Troyeshchyna,Vyhurivshchyna-Troyeshchyna,UA,50.51137,30.60251,Europe/Kyiv,240000
Khimki,Khimki,RU,55.9001,37.42848,Europe/Moscow,239967
Horlivka,Horlivka,UA,48.29986,38.01709,Europe/Kyiv,239828
Nacala,Nacala,MZ,-14.56257,40.68538,Africa/Maputo,239808
Xiantao,Xiantao,CN,30.3708,113.44294,Asia/Shanghai,239406
Nalchik,Nalchik,RU,43.49806,43.61889,Europe/Moscow,239300
Hachinohe,Hachinohe,JP,40.5,141.5,Asia/Tokyo,239046
Osan,Osan,KR,37.15222,127.07056,Asia/Seoul,238788
Fuencarral,Fuencarral,ES,40.5,-3.68333,Europe/Madrid,238765
Lille,Lille,FR,50.63391,3.05512,Europe/Paris,238695
Neyagawa,Neyagawa,JP,34.76615,135.62759,Asia/Tokyo,238549
Ormoc,Ormoc,PH,11.00639,124.6075,Asia/Manila,238545
Magdalena Contreras,Magdalena Contreras,MX,19.33212,-99.21118,America/Mexico_City,238431
Nāgarpur,Nagarpur,BD,24.05783,89.87696,Asia/Dhaka,238422
Kasulu,Kasulu,TZ,-4.57667,30.1025,Africa/Dar_es_Salaam,238321
Ngaoundéré,Ngaoundere,CM,7.32765,13.58472,Africa/Douala,238196
Ivano-Frankivsk,Ivano-Frankivsk,UA,48.92312,24.71248,Europe/Kyiv,238196
Cabo Frio,Cabo Frio,BR,-22.88717,-42.02622,America/Sao_Paulo,238166
Balıkesir,Balikesir,TR,39.64917,27.88611,Europe/Istanbul,238151
Temuco,Temuco,CL,-38.73628,-72.59738,America/Santiago,238129
Norfolk,Norfolk,US,36.84681,-76.28522,America/New_York,238005
Krefeld,Krefeld,DE,51.33645,6.55381,Europe/Berlin,237984
Halle (Saale),Halle (Saale),DE,51.48158,11.97947,Europe/Berlin,237865
Juazeiro,Juazeiro,BR,-9.41167,-40.49861,America/Bahia,237821
Sri Ganganagar,Sri Ganganagar,IN,29.92009,73.87496,Asia/Kolkata,237780
Amarapura,Amarapura,MM,21.90709,96.04894,Asia/Yangon,237618
Kilamba,Kilamba,AO,-8.84861,13.275,Africa/Luanda,237528
Āmol,Amol,IR,36.46961,52.35072,Asia/Tehran,237528
Freiburg,Freiburg,DE,47.9959,7.85222,Europe/Berlin,237460
Athlone,Athlone,ZA,-33.96722,18.50214,Africa/Johannesburg,237414
Batangas,Batangas,PH,13.7567,121.0584,Asia/Manila,237370
Al Jubayl,Al Jubayl,SA,27.0174,49.62251,Asia/Riyadh,237274
Tŏkch’ŏn,Tokch'on,KP,39.75261,126.25798,Asia/Pyongyang,237133
Oldham,Oldham,GB,53.54051,-2.1183,Europe/London,237110
Pathein,Pathein,MM,16.77919,94.73212,Asia/Yangon,237089
Hialeah,Hialeah,US,25.8576,-80.27811,America/New_York,237069
Sylhet,Sylhet,BD,24.89904,91.87198,Asia/Dhaka,237000
Paarl,Paarl,ZA,-33.73378,18.97523,Africa/Johannesburg,236910
Garland,Garland,US,32.91262,-96.63888,America/Chicago,236897
Podgorica,Podgorica,ME,42.44124,19.26309,Europe/Podgorica,236852
Scottsdale,Scottsdale,US,33.50921,-111.89903,America/Phoenix,236839
Irving,Irving,US,32.81402,-96.94889,America/Chicago,236607
Centurion,Centurion,ZA,-25.85891,28.18577,Africa/Johannesburg,236580
Qingzhou,Qingzhou,CN,36.69667,118.47972,Asia/Shanghai,236406
Pākdasht,Pakdasht,IR,35.47854,51.6834,Asia/Tehran,236319
Kajang,Kajang,MY,2.99424,101.78875,Asia/Kuala_Lumpur,236240
Padangsidempuan,Padangsidempuan,ID,1.37952,99.27146,Asia/Jakarta,236217
Campo Limpo,Campo Limpo,BR,-23.63634,-46.76565,America/Sao_Paulo,236162
Yuci,Yuci,CN,37.68028,112.73194,Asia/Shanghai,235929
Sant Martí,Sant Marti,ES,41.41814,2.19933,Europe/Madrid,235719
Eindhoven,Eindhoven,NL,51.44083,5.47778,Europe/Amsterdam,235691
Boise,Boise,US,43.6135,-116.20345,America/Boise,235684
Rewa,Rewa,IN,24.53256,81.29234,Asia/Kolkata,235654
Yakutsk,Yakutsk,RU,62.03114,129.72288,Asia/Yakutsk,235600
Bole,Bole,CN,44.89334,82.06993,Asia/Shanghai,235585
Muzaffargarh,Muzaffargarh,PK,30.07258,71.19379,Asia/Karachi,235541
Chesapeake,Chesapeake,US,36.81904,-76.27494,America/New_York,235429
Uluberiya,Uluberiya,IN,22.4756,88.09898,Asia/Kolkata,235345
Dali,Dali,CN,25.58474,100.21229,Asia/Shanghai,235305
Najafābād,Najafabad,IR,32.63464,51.36525,Asia/Tehran,235281
Thành Phố Bà Rịa,Thanh Pho Ba Ria,VN,10.49626,107.1685,Asia/Ho_Chi_Minh,235192
Kediri,Kediri,ID,-7.81667,112.01667,Asia/Jakarta,235143
Georgetown,Georgetown,GY,6.80448,-58.15527,America/Guyana,235017
Kismayo,Kismayo,SO,-0.35817,42.54536,Africa/Mogadishu,234852
North Las Vegas,North Las Vegas,US,36.19886,-115.1175,America/Los_Angeles,234807
Elche,Elche,ES,38.26218,-0.70107,Europe/Madrid,234765
Sivakasi,Sivakasi,IN,9.44999,77.79797,Asia/Kolkata,234704
Kindu,Kindu,CD,-2.94373,25.92237,Africa/Lubumbashi,234651
Maracanaú,Maracanau,BR,-3.87667,-38.62556,America/Fortaleza,234509
Nizhnekamsk,Nizhnekamsk,RU,55.63794,51.81502,Europe/Moscow,234297
Hortolândia,Hortolandia,BR,-22.85833,-47.22,America/Sao_Paulo,234259
Karur,Karur,IN,10.95771,78.08095,Asia/Kolkata,234191
Lubuklinggau,Lubuklinggau,ID,-3.2945,102.8614,Asia/Jakarta,234166
Craiova,Craiova,RO,44.31667,23.8,Europe/Bucharest,234140
Rāichūr,Raichur,IN,16.20546,77.35567,Asia/Kolkata,234073
Pallāvaram,Pallavaram,IN,12.96796,80.15025,Asia/Kolkata,233984
Yongkang,Yongkang,TW,23.02444,120.25556,Asia/Taipei,233730
Bo,Bo,SL,7.96472,-11.73833,Africa/Freetown,233684
Granada,Granada,ES,37.18817,-3.60667,Europe/Madrid,233532
Ooty,Ooty,IN,11.4134,76.69521,Asia/Kolkata,233426
Saga,Saga,JP,33.23333,130.3,Asia/Tokyo,233301
Magugpo Poblacion,Magugpo Poblacion,PH,7.4475,125.8046,Asia/Manila,233254
Dzerzhinsk,Dzerzhinsk,RU,56.24422,43.45543,Europe/Moscow,233126
Pemba,Pemba,MZ,-12.97395,40.51775,Africa/Maputo,232932
Geoje,Geoje,KR,34.81379,128.70556,Asia/Seoul,232921
Teluk Intan,Teluk Intan,MY,4.02219,101.02083,Asia/Kuala_Lumpur,232800
Singida,Singida,TZ,-4.81629,34.74358,Africa/Dar_es_Salaam,232459
Kigoma,Kigoma,TZ,-4.87694,29.62667,Africa/Dar_es_Salaam,232388
Fremont,Fremont,US,37.54827,-121.98857,America/Los_Angeles,232206
Kampong Baharu Cheras Batu Sebelas,Kampong Baharu Cheras Batu Sebelas,MY,3.05,101.76667,Asia/Kuala_Lumpur,232100
Jiayuguan,Jiayuguan,CN,39.81121,98.28618,Asia/Shanghai,231853
Taytay,Taytay,PH,14.55883,121.13285,Asia/Manila,231460
Phổ Yên,Pho Yen,VN,21.41978,105.8899,Asia/Bangkok,231363
Neuquén,Neuquen,AR,-38.95078,-68.0592,America/Argentina/Salta,231198
Divinópolis,Divinopolis,BR,-20.14355,-44.89065,America/Sao_Paulo,231091
Türkmenabat,Tuerkmenabat,TM,39.07328,63.57861,Asia/Ashgabat,230861
Shibuya,Shibuya,JP,35.6589,139.70665,Asia/Tokyo,230609
Sơn Tây,Son Tay,VN,21.14053,105.50686,Asia/Bangkok,230577
Ninh Hòa,Ninh Hoa,VN,12.49187,109.12495,Asia/Ho_Chi_Minh,230566
Pasir Mas,Pasir Mas,MY,6.04934,102.13987,Asia/Kuala_Lumpur,230424
Purwokerto,Purwokerto,ID,-7.42139,109.23444,Asia/Jakarta,230235
José C. Paz,Jose C. Paz,AR,-34.51541,-58.76813,America/Argentina/Buenos_Aires,230208
Marka,Marka,SO,1.71594,44.77166,Africa/Mogadishu,230100
Pāli,Pali,IN,25.77276,73.32335,Asia/Kolkata,230075
Ḩalwān,Halwan,EG,29.84144,31.30084,Africa/Cairo,230000
Atani,Atani,NG,6.01277,6.74768,Africa/Lagos,230000
Mariupol,Mariupol,UA,47.09514,37.54131,Europe/Kyiv,230000
Changzheng,Changzheng,CN,31.23913,121.36779,Asia/Shanghai,229925
Kasukabe,Kasukabe,JP,35.98308,139.74966,Asia/Tokyo,229792
Paris 15 Vaugirard,Paris 15 Vaugirard,FR,48.8412,2.3003,Europe/Paris,229713
Windsor,Windsor,CA,42.30008,-83.01654,America/Toronto,229660
Hosūr,Hosur,IN,12.73647,77.83264,Asia/Kolkata,229528
Spokane,Spokane,US,47.65966,-117.42908,America/Los_Angeles,229447
Tripoli,Tripoli,LB,34.43352,35.84415,Asia/Beirut,229398
Longueuil,Longueuil,CA,45.5152,-73.46818,America/Toronto,229330
Ordu,Ordu,TR,40.97782,37.89047,Europe/Istanbul,229214
San Fernando de Apure,San Fernando de Apure,VE,7.88963,-67.47181,America/Caracas,229197
Croix-des-Bouquets,Croix-des-Bouquets,HT,18.57677,-72.22625,America/Port-au-Prince,229127
Lucena,Lucena,PH,13.93139,121.61722,Asia/Manila,228758
Ipatinga,Ipatinga,BR,-19.46833,-42.53667,America/Sao_Paulo,228746
Yishun New Town,Yishun New Town,SG,1.43333,103.83111,Asia/Singapore,228730
Vizianagaram,Vizianagaram,IN,18.11692,83.41148,Asia/Kolkata,228720
Jinchang,Jinchang,CN,38.50062,102.19379,Asia/Shanghai,228561
Phan Thiết,Phan Thiet,VN,10.92889,108.10208,Asia/Ho_Chi_Minh,228536
Netanya,Netanya,IL,32.33291,34.85992,Asia/Jerusalem,228204
Ciudad Lineal,Ciudad Lineal,ES,40.44505,-3.65132,Europe/Madrid,228171
Meycauayan,Meycauayan,PH,14.73694,120.96083,Asia/Manila,228023
Bexley,Bexley,GB,51.44162,0.14866,Europe/London,228000
Aliayabiagba,Aliayabiagba,NG,6.45,3.33333,Africa/Lagos,228000
Nassau,Nassau,BS,25.05823,-77.34306,America/Nassau,227940
San Lorenzo,San Lorenzo,PY,-25.33968,-57.50879,America/Asuncion,227876
Rennes,Rennes,FR,48.11109,-1.67431,Europe/Paris,227830
Mohammedia,Mohammedia,MA,33.68607,-7.38298,Africa/Casablanca,227799
Guatire,Guatire,VE,10.474,-66.54241,America/Caracas,227666
Tanjung Pinang,Tanjung Pinang,ID,0.91667,104.45833,Asia/Jakarta,227663
Hougang New Town,Hougang New Town,SG,1.35667,103.89083,Asia/Singapore,227560
Baton Rouge,Baton Rouge,US,30.44332,-91.18747,America/Chicago,227470
Sete Lagoas,Sete Lagoas,BR,-19.46583,-44.24667,America/Sao_Paulo,227397
Sosnowiec,Sosnowiec,PL,50.28682,19.10385,Europe/Warsaw,227295
Diez de Octubre,Diez de Octubre,CU,23.0881,-82.3597,America/Havana,227293
Turkistan,Turkistan,KZ,43.29458,68.25685,Asia/Almaty,227098
Klerksdorp,Klerksdorp,ZA,-26.85213,26.66672,Africa/Johannesburg,227039
Upper West Side,Upper West Side,US,40.78705,-73.97542,America/New_York,226989
Staryy Oskol,Staryy Oskol,RU,51.3025,37.84613,Europe/Moscow,226977
Ageo,Ageo,JP,35.97145,139.61382,Asia/Tokyo,226940
Gusau,Gusau,NG,12.17024,6.66412,Africa/Lagos,226857
Neue Neustadt,Neue Neustadt,DE,52.15,11.63333,Europe/Berlin,226851
Kamyanske,Kamyanske,UA,48.51716,34.60617,Europe/Kyiv,226845
Ashdod,Ashdod,IL,31.79213,34.64966,Asia/Jerusalem,226838
Radom,Radom,PL,51.40253,21.14714,Europe/Warsaw,226794
Paya Terubong,Paya Terubong,MY,5.37278,100.27972,Asia/Kuala_Lumpur,226712
Richmond,Richmond,US,37.55376,-77.46026,America/New_York,226610
Chang-hua,Chang-hua,TW,24.07327,120.56276,Asia/Taipei,226564
Changhua,Changhua,TW,24.0692,120.5512,Asia/Taipei,226564
Điện Bàn,GJien Ban,VN,15.88853,108.25447,Asia/Ho_Chi_Minh,226564
Takarazuka,Takarazuka,JP,34.79936,135.35697,Asia/Tokyo,226432
Nzérékoré,Nzerekore,GN,7.75624,-8.8179,Africa/Conakry,226426
Regina,Regina,CA,50.45008,-104.6178,America/Regina,226404
Cà Mau,Ca Mau,VN,9.17682,105.15242,Asia/Ho_Chi_Minh,226372
Shrīrāmpur,Shrirampur,IN,22.75278,88.34222,Asia/Kolkata,226317
Fendou,Fendou,CN,46.64142,124.86283,Asia/Shanghai,226298
Sabzevar,Sabzevar,IR,36.2126,57.68191,Asia/Tehran,226183
Huanggang,Huanggang,CN,23.67704,116.99961,Asia/Shanghai,225956
Quthbullapur,Quthbullapur,IN,17.50107,78.45818,Asia/Kolkata,225816
Mubi,Mubi,NG,10.26858,13.26701,Africa/Lagos,225705
Rio Verde,Rio Verde,BR,-17.79806,-50.92806,America/Sao_Paulo,225696
Águas Lindas de Goiás,Aguas Lindas de Goias,BR,-15.76194,-48.28167,America/Sao_Paulo,225693
Presidente Prudente,Presidente Prudente,BR,-22.12556,-51.38889,America/Sao_Paulo,225668
Varāmīn,Varamin,IR,35.3242,51.6457,Asia/Tehran,225628
Sector 1,Sector 1,RO,44.49239,26.04831,Europe/Bucharest,225453
Somerset West,Somerset West,ZA,-34.08401,18.82113,Africa/Johannesburg,225289
Luton,Luton,GB,51.87967,-0.41748,Europe/London,225262
Ternopil,Ternopil,UA,49.55404,25.59067,Europe/Kyiv,225238
Juazeiro do Norte,Juazeiro do Norte,BR,-7.21306,-39.31528,America/Fortaleza,225230
Bitung,Bitung,ID,1.44059,125.12824,Asia/Makassar,225134
Mymensingh,Mymensingh,BD,24.75636,90.40646,Asia/Dhaka,225126
Blagoveshchensk,Blagoveshchensk,RU,50.27593,127.52637,Asia/Yakutsk,225091
Nadiād,Nadiad,IN,22.69385,72.86157,Asia/Kolkata,225071
Kumba,Kumba,CM,4.6363,9.4469,Africa/Douala,225046
Košice,Kosice,SK,48.71441,21.25802,Europe/Bratislava,225044
Kremenchuk,Kremenchuk,UA,49.06253,33.40484,Europe/Kyiv,224997
Jingling,Jingling,CN,30.65,113.1,Asia/Shanghai,224871
Nāgercoil,Nagercoil,IN,8.17899,77.43227,Asia/Kolkata,224849
Sucre,Sucre,BO,-19.03332,-65.26274,America/La_Paz,224838
Mutare,Mutare,ZW,-18.9707,32.67086,Africa/Harare,224802
Ōta,Ota,JP,36.3,139.36667,Asia/Tokyo,224358
Karāwalnagar,Karawalnagar,IN,28.72712,77.27047,Asia/Kolkata,224281
Puerto Vallarta,Puerto Vallarta,MX,20.617,-105.23018,America/Mexico_City,224166
Minamirinkan,Minamirinkan,JP,35.49527,139.44279,Asia/Tokyo,224015
Atsugi,Atsugi,JP,35.44272,139.36931,Asia/Tokyo,223960
Heihe,Heihe,CN,50.24413,127.49016,Asia/Shanghai,223832
Mango,Mango,IN,22.8275,86.21639,Asia/Kolkata,223805
Paramaribo,Paramaribo,SR,5.86638,-55.16682,America/Paramaribo,223757
Narayanganj,Narayanganj,BD,23.61352,90.50298,Asia/Dhaka,223622
NIA Valencia,NIA Valencia,PH,7.90639,125.09417,Asia/Manila,223620
Tongchuanshi,Tongchuanshi,CN,35.07474,109.08495,Asia/Shanghai,223603
Concepción,Concepcion,CL,-36.82699,-73.04977,America/Santiago,223574
Ramadi,Ramadi,IQ,33.42056,43.30778,Asia/Baghdad,223500
Paradise,Paradise,US,36.09719,-115.14666,America/Los_Angeles,223167
Tacoma,Tacoma,US,47.25288,-122.44429,America/Los_Angeles,222906
Mainz,Mainz,DE,49.98185,8.28008,Europe/Berlin,222889
Velikiy Novgorod,Velikiy Novgorod,RU,58.52131,31.27104,Europe/Moscow,222868
Sungai Buloh,Sungai Buloh,MY,3.21,101.561,Asia/Kuala_Lumpur,222858
Puerto Princesa,Puerto Princesa,PH,9.73917,118.73528,Asia/Manila,222673
Xintai,Xintai,CN,35.90056,117.75194,Asia/Shanghai,222459
El Tigre,El Tigre,VE,8.88902,-64.2527,America/Caracas,222450
Haeju,Haeju,KP,38.04056,125.71472,Asia/Pyongyang,222396
Formosa,Formosa,AR,-26.18489,-58.17313,America/Argentina/Cordoba,222226
Ikire,Ikire,NG,7.36983,4.1863,Africa/Lagos,222160
La Ceiba,La Ceiba,HN,15.75971,-86.78221,America/Tegucigalpa,222055
Tilburg,Tilburg,NL,51.55551,5.0913,Europe/Amsterdam,221947
Ba Dinh,Ba Dinh,VN,21.03652,105.82684,Asia/Bangkok,221893
Murwāra,Murwara,IN,23.83776,80.39405,Asia/Kolkata,221883
Moshi,Moshi,TZ,-3.35,37.33333,Africa/Dar_es_Salaam,221733
Kanchipuram,Kanchipuram,IN,12.83515,79.70006,Asia/Kolkata,221715
Sousse,Sousse,TN,35.82539,10.63699,Africa/Tunis,221715
Batu,Batu,ID,-7.87,112.52833,Asia/Jakarta,221714
Tuluá,Tulua,CO,4.08466,-76.19536,America/Bogota,221684
Soyo,Soyo,AO,-6.1349,12.36894,Africa/Luanda,221555
Sóc Trăng,Soc Trang,VN,9.59995,105.97193,Asia/Ho_Chi_Minh,221430
Kankan,Kankan,GN,10.38542,-9.30568,Africa/Conakry,221428
Shakhty,Shakhty,RU,47.71916,40.21603,Europe/Moscow,221312
Mbarara,Mbarara,UG,-0.60467,30.64851,Africa/Kampala,221300
Olongapo,Olongapo,PH,14.82917,120.28278,Asia/Manila,221178
Ibarra,Ibarra,EC,0.34881,-78.12462,America/Guayaquil,221149
Banja Luka,Banja Luka,BA,44.77879,17.20629,Europe/Sarajevo,221106
Rufisque est,Rufisque est,SN,14.7162,-17.27283,Africa/Dakar,221066
Neyshābūr,Neyshabur,IR,36.21329,58.79575,Asia/Tehran,220929
Sāveh,Saveh,IR,35.0213,50.3566,Asia/Tehran,220762
Wuxue,Wuxue,CN,29.85058,115.5525,Asia/Shanghai,220661
Chí Linh,Chi Linh,VN,21.06667,106.31667,Asia/Ho_Chi_Minh,220421
Campeche,Campeche,MX,19.84073,-90.51676,America/Merida,220389
Quận Ba,Quan Ba,VN,10.77494,106.68628,Asia/Ho_Chi_Minh,220375
Singrauli,Singrauli,IN,24.19973,82.67535,Asia/Kolkata,220257
Fuencarral-El Pardo,Fuencarral-El Pardo,ES,40.4984,-3.7314,Europe/Madrid,220085
Shevchenkivskyi,Shevchenkivskyi,UA,50.46408,30.46576,Europe/Kyiv,220077
Mirzāpur,Mirzapur,IN,25.1449,82.56534,Asia/Kolkata,220029
Oviedo,Oviedo,ES,43.36029,-5.84476,Europe/Madrid,220027
Bandar Seri Alam,Bandar Seri Alam,MY,1.50434,103.87525,Asia/Kuala_Lumpur,220000
Messina,Messina,IT,38.19394,15.55256,Europe/Rome,219948
Dehiwala-Mount Lavinia,Dehiwala-Mount Lavinia,LK,6.84019,79.87116,Asia/Colombo,219827
Kropyvnytskyi,Kropyvnytskyi,UA,48.50834,32.26618,Europe/Kyiv,219676
Kharagpur,Kharagpur,IN,22.33971,87.32501,Asia/Kolkata,219665
Kabinda,Kabinda,CD,-6.13791,24.48179,Africa/Lubumbashi,219396
Jacobabad,Jacobabad,PK,28.28187,68.43761,Asia/Karachi,219315
Tunduma,Tunduma,TZ,-9.3,32.76667,Africa/Dar_es_Salaam,219309
Binangonan,Binangonan,PH,14.4646,121.1929,Asia/Manila,219204
Oberhausen,Oberhausen,DE,51.47805,6.8625,Europe/Berlin,219176
Chon Buri,Chon Buri,TH,13.3622,100.98345,Asia/Bangkok,219164
Santa Luzia,Santa Luzia,BR,-19.76972,-43.85139,America/Sao_Paulo,219132
Prokop’yevsk,Prokop'yevsk,RU,53.91518,86.71891,Asia/Novokuznetsk,219000
Samambaia,Samambaia,BR,-15.88231,-48.10428,America/Sao_Paulo,218840
Erfurt,Erfurt,DE,50.97734,11.03536,Europe/Berlin,218793
Esmeraldas,Esmeraldas,EC,0.9592,-79.65397,America/Guayaquil,218727
Terrassa,Terrassa,ES,41.56667,2.01667,Europe/Madrid,218535
Barking,Barking,GB,51.53333,0.08333,Europe/London,218534
Wuhai,Wuhai,CN,39.68442,106.81583,Asia/Shanghai,218427
Imperatriz,Imperatriz,BR,-5.52639,-47.49167,America/Fortaleza,218106
Koutiala,Koutiala,ML,12.38723,-5.46507,Africa/Bamako,218031
Eluru,Eluru,IN,16.71311,81.10437,Asia/Kolkata,218020
Rāniganj,Raniganj,IN,17.42841,78.49361,Asia/Kolkata,217910
San Pedro de Macorís,San Pedro de Macoris,DO,18.4539,-69.30864,America/Santo_Domingo,217899
Galaţi,Galati,RO,45.43687,28.05028,Europe/Bucharest,217851
Badalona,Badalona,ES,41.45004,2.24741,Europe/Madrid,217741
Mokotów,Mokotow,PL,52.1934,21.03487,Europe/Warsaw,217683
Taiping,Taiping,MY,4.85,100.73333,Asia/Kuala_Lumpur,217647
Yintai,Yintai,CN,35.11524,109.09702,Asia/Shanghai,217509
Yamuna Nagar,Yamuna Nagar,IN,30.12796,77.28371,Asia/Kolkata,217071
Cabo de Santo Agostinho,Cabo de Santo Agostinho,BR,-8.28773,-35.02925,America/Recife,216969
Arakawa,Arakawa,JP,35.73825,139.78047,Asia/Tokyo,216900
Pangkalpinang,Pangkalpinang,ID,-2.12914,106.11377,Asia/Jakarta,216893
Jamaica,Jamaica,US,40.69149,-73.80569,America/New_York,216866
Buenavista,Buenavista,MX,19.60833,-99.16944,America/Mexico_City,216776
Gilgit,Gilgit,PK,35.91869,74.31245,Asia/Karachi,216760
Rybinsk,Rybinsk,RU,58.04562,38.83811,Europe/Moscow,216724
Santa Rosa,Santa Rosa,PH,14.31222,121.11139,Asia/Manila,216650
Trondheim,Trondheim,NO,63.43049,10.39506,Europe/Oslo,216518
Raurkela Industrial Township,Raurkela Industrial Township,IN,22.19994,84.86176,Asia/Kolkata,216410
Porlamar,Porlamar,VE,10.95771,-63.86971,America/Caracas,216234
San Bernardino,San Bernardino,US,34.10834,-117.28977,America/Los_Angeles,216108
Ciudad Acuña,Ciudad Acuna,MX,29.32322,-100.95217,America/Matamoros,216099
Oulu,Oulu,FI,65.01236,25.46816,Europe/Helsinki,216066
Sinop,Sinop,BR,-11.86417,-55.5025,America/Cuiaba,216029
Bidar,Bidar,IN,17.90802,77.51524,Asia/Kolkata,216020
Vykhino-Zhulebino,Vykhino-Zhulebino,RU,55.70196,37.81178,Europe/Moscow,216000
Lutsk,Lutsk,UA,50.75784,25.35024,Europe/Kyiv,215986
San Cristóbal de las Casas,San Cristobal de las Casas,MX,16.73006,-92.63825,America/Merida,215874
Zelenograd,Zelenograd,RU,55.9825,37.18139,Europe/Moscow,215727
Archway,Archway,GB,51.56733,-0.13415,Europe/London,215667
Wangsa Maju,Wangsa Maju,MY,3.20056,101.73972,Asia/Kuala_Lumpur,215600
Salt Lake City,Salt Lake City,US,40.76078,-111.89105,America/Denver,215548
Biysk,Biysk,RU,52.53423,85.19661,Asia/Barnaul,215430
Novi Sad,Novi Sad,RS,45.25167,19.83694,Europe/Belgrade,215400
Jinzhou,Jinzhou,CN,39.1,121.71667,Asia/Shanghai,215386
Jiutepec,Jiutepec,MX,18.88139,-99.17778,America/Mexico_City,215357
Longgang,Longgang,CN,22.72289,114.26326,Asia/Shanghai,215273
Monclova,Monclova,MX,26.90687,-101.42056,America/Monterrey,215271
Tân An,Tan An,VN,10.53589,106.41366,Asia/Ho_Chi_Minh,215250
Ma On Shan,Ma On Shan,HK,22.40613,114.24079,Asia/Hong_Kong,215200
Commonwealth,Commonwealth,PH,14.6969,121.08006,Asia/Manila,215034
Huntsville,Huntsville,US,34.7304,-86.58594,America/Chicago,215006
Jabaquara,Jabaquara,BR,-23.65055,-46.64591,America/Sao_Paulo,214958
Ziguinchor,Ziguinchor,SN,12.56801,-16.27326,Africa/Dakar,214874
Kŭlob,Kulob,TJ,37.91459,69.78454,Asia/Dushanbe,214700
Citeureup,Citeureup,ID,-6.48556,106.88194,Asia/Jakarta,214668
Centralniy,Centralniy,RU,59.93111,30.36072,Europe/Moscow,214625
Sa Dec,Sa Dec,VN,10.29085,105.75635,Asia/Ho_Chi_Minh,214610
Kure,Kure,JP,34.23222,132.56658,Asia/Tokyo,214592
Shagamu,Shagamu,NG,6.8485,3.64633,Africa/Lagos,214558
Bnei Brak,Bnei Brak,IL,32.08074,34.8338,Asia/Jerusalem,214444
Khouribga,Khouribga,MA,32.88108,-6.9063,Africa/Casablanca,214241
Yingtan,Yingtan,CN,28.23333,117,Asia/Shanghai,214229
Des Moines,Des Moines,US,41.60054,-93.60911,America/Chicago,214133
Marcory,Marcory,CI,5.31198,-3.99363,Africa/Abidjan,214061
Cartagena,Cartagena,ES,37.60197,-0.98397,Europe/Madrid,213943
Quevedo,Quevedo,EC,-1.02881,-79.46264,America/Guayaquil,213842
Oakville,Oakville,CA,43.45011,-79.68292,America/Toronto,213759
Naz̧arābād,Nazarabad,IR,35.95411,50.60607,Asia/Tehran,213388
Munger,Munger,IN,25.37459,86.47455,Asia/Kolkata,213303
Jacareí,Jacarei,BR,-23.30528,-45.96583,America/Sao_Paulo,213110
Jerez de la Frontera,Jerez de la Frontera,ES,36.68645,-6.13606,Europe/Madrid,212879
El Jadida,El Jadida,MA,33.25682,-8.50882,Africa/Casablanca,212863
Zitong,Zitong,CN,30.1782,105.82991,Asia/Shanghai,212819
Loa Janan,Loa Janan,ID,-0.58295,117.09503,Asia/Makassar,212816
Târgu Mureş,Targu Mures,RO,46.54245,24.55747,Europe/Bucharest,212752
Fontana,Fontana,US,34.09223,-117.43505,America/Los_Angeles,212704
Rancagua,Rancagua,CL,-34.1691,-70.74053,America/Santiago,212695
Zhubei,Zhubei,TW,24.83833,121.00778,Asia/Taipei,212695
Mallawī,Mallawi,EG,27.73264,30.84129,Africa/Cairo,212628
Pasuruan,Pasuruan,ID,-7.6453,112.9075,Asia/Jakarta,212466
Cape Coast,Cape Coast,GH,5.10535,-1.2466,Africa/Accra,212426
Bukit Mertajam,Bukit Mertajam,MY,5.36301,100.4667,Asia/Kuala_Lumpur,212329
Lipa City,Lipa City,PH,13.9411,121.1631,Asia/Manila,212287
Lübeck,Luebeck,DE,53.86893,10.68729,Europe/Berlin,212207
Luojiang,Luojiang,CN,31.30497,104.50484,Asia/Shanghai,212186
Sepang,Sepang,MY,2.6931,101.7498,Asia/Kuala_Lumpur,212050
Cobán,Coban,GT,15.47025,-90.37455,America/Guatemala,212047
Maricá,Marica,BR,-22.91944,-42.81861,America/Sao_Paulo,211986
Cao Lãnh,Cao Lanh,VN,10.46017,105.63294,Asia/Ho_Chi_Minh,211912
Isesaki,Isesaki,JP,36.31667,139.2,Asia/Tokyo,211850
Sabadell,Sabadell,ES,41.54329,2.10942,Europe/Madrid,211734
Jaraguá,Jaragua,BR,-23.44077,-46.73774,America/Sao_Paulo,211610
Taito,Taito,JP,35.70749,139.7788,Asia/Tokyo,211444
Nandyāl,Nandyal,IN,15.47799,78.4836,Asia/Kolkata,211424
Santa Cruz de Tenerife,Santa Cruz de Tenerife,ES,28.46824,-16.25462,Atlantic/Canary,211359
Panchkula,Panchkula,IN,30.69461,76.8504,Asia/Kolkata,211355
Esenyurt,Esenyurt,TR,41.02697,28.67732,Europe/Istanbul,211330
Modesto,Modesto,US,37.6391,-120.99688,America/Los_Angeles,211266
Panabo,Panabo,PH,7.30806,125.68417,Asia/Manila,211242
Lijiang,Lijiang,CN,26.86879,100.22072,Asia/Shanghai,211151
Konibodom,Konibodom,TJ,40.29414,70.43122,Asia/Dushanbe,211100
Hailar,Hailar,CN,49.2,119.7,Asia/Shanghai,211066
Itaquera,Itaquera,BR,-23.53194,-46.44417,America/Sao_Paulo,210960
Kabankalan,Kabankalan,PH,9.9839,122.81423,Asia/Manila,210893
Burhānpur,Burhanpur,IN,21.30868,76.23026,Asia/Kolkata,210886
Abha,Abha,SA,18.21639,42.50528,Asia/Riyadh,210886
Burgas,Burgas,BG,42.50651,27.46886,Europe/Sofia,210646
Pskov,Pskov,RU,57.81922,28.33181,Europe/Moscow,210501
Morvi,Morvi,IN,22.81731,70.8377,Asia/Kolkata,210451
Daliang,Daliang,CN,22.84067,113.2503,Asia/Shanghai,210411
Quilicura,Quilicura,CL,-33.36799,-70.71388,America/Santiago,210410
Beni Mellal,Beni Mellal,MA,32.33725,-6.34983,Africa/Casablanca,210397
Ashuganj City,Ashuganj City,BD,24.04016,91.0117,Asia/Dhaka,210356
Sidi Bel Abbes,Sidi Bel Abbes,DZ,35.18994,-0.63085,Africa/Algiers,210146
Arroyo Naranjo,Arroyo Naranjo,CU,23.03811,-82.37703,America/Havana,210053
Jebel Ali,Jebel Ali,AE,25.00255,55.10811,Asia/Dubai,210000
Bogra,Bogra,BD,24.85098,89.37108,Asia/Dhaka,210000
Kostanay,Kostanay,KZ,53.21435,63.62463,Asia/Qostanay,210000
Richmond,Richmond,CA,49.17003,-123.13683,America/Vancouver,209937
Rochester,Rochester,US,43.15478,-77.61556,America/New_York,209802
Kanggye,Kanggye,KP,40.96946,126.58523,Asia/Pyongyang,209530
Chungju,Chungju,KR,36.97666,127.9287,Asia/Seoul,209483
Anand,Anand,IN,22.55251,72.9552,Asia/Kolkata,209410
São Leopoldo,Sao Leopoldo,BR,-29.76028,-51.14722,America/Sao_Paulo,209229
Bade,Bade,TW,24.92981,121.28372,Asia/Taipei,209148
Luziânia,Luziania,BR,-16.2525,-47.95028,America/Sao_Paulo,209129
Oruro,Oruro,BO,-17.97153,-67.0932,America/La_Paz,208684
Bachuan,Bachuan,CN,29.84863,106.05046,Asia/Shanghai,208520
La Romana,La Romana,DO,18.42332,-68.96635,America/Santo_Domingo,208437
Shashamane,Shashamane,ET,7.2,38.6,Africa/Addis_Ababa,208400
Hangu,Hangu,CN,39.24889,117.78917,Asia/Shanghai,208369
Ongole,Ongole,IN,15.50357,80.04454,Asia/Kolkata,208344
Pamplona,Pamplona,ES,42.81687,-1.64323,Europe/Madrid,208243
Maryvale,Maryvale,US,33.50199,-112.17765,America/Phoenix,208189
Gangneung,Gangneung,KR,37.75266,128.87239,Asia/Seoul,208161
Portsmouth,Portsmouth,GB,50.79899,-1.09125,Europe/London,208100
Gandajika,Gandajika,CD,-6.74504,23.95328,Africa/Lubumbashi,208051
Gunan,Gunan,CN,29.0231,106.648,Asia/Shanghai,208010
Phan Rang-Tháp Chàm,Phan Rang-Thap Cham,VN,11.56432,108.98858,Asia/Ho_Chi_Minh,207998
Ciputat,Ciputat,ID,-6.2375,106.69556,Asia/Jakarta,207858
Kasangati,Kasangati,UG,0.43803,32.60246,Africa/Kampala,207800
Sirjan,Sirjan,IR,29.45137,55.6809,Asia/Tehran,207645
Arlington,Arlington,US,38.88101,-77.10428,America/New_York,207627
Bishoftu,Bishoftu,ET,8.75225,38.97846,Africa/Addis_Ababa,207400
Nishi-Tokyo-shi,Nishi-Tokyo-shi,JP,35.72526,139.5383,Asia/Tokyo,207388
Bobruysk,Bobruysk,BY,53.14636,29.20552,Europe/Minsk,207351
Changam-ch’on,Changam-ch'on,KP,40.60611,128.78194,Asia/Pyongyang,207299
Bila Tserkva,Bila Tserkva,UA,49.8004,30.12851,Europe/Kyiv,207273
Oxnard,Oxnard,US,34.1975,-119.17705,America/Los_Angeles,207254
Ciampea,Ciampea,ID,-6.55472,106.70083,Asia/Jakarta,207212
Hurghada,Hurghada,EG,27.25738,33.81291,Africa/Cairo,207132
Móstoles,Mostoles,ES,40.32234,-3.86496,Europe/Madrid,207095
Columbus,Columbus,US,32.46098,-84.98771,America/New_York,206922
Mantilla,Mantilla,CU,23.06794,-82.34143,America/Havana,206918
Dosquebradas,Dosquebradas,CO,4.83916,-75.66727,America/Bogota,206693
Toledo,Toledo,PH,10.3773,123.6386,Asia/Manila,206692
Turku,Turku,FI,60.45148,22.26869,Europe/Helsinki,206655
Worcester,Worcester,US,42.26259,-71.80229,America/New_York,206518
Pagadian,Pagadian,PH,7.8257,123.437,Asia/Manila,206483
Epworth,Epworth,ZW,-17.89,31.1475,Africa/Harare,206368
San Felipe,San Felipe,VE,10.3401,-68.74297,America/Caracas,206270
Dinajpur,Dinajpur,BD,25.62745,88.63779,Asia/Dhaka,206234
Hosapete,Hosapete,IN,15.26954,76.3871,Asia/Kolkata,206167
Việt Yên,Viet Yen,VN,21.26667,106.13333,Asia/Ho_Chi_Minh,205900
Ifakara,Ifakara,TZ,-8.13333,36.68333,Africa/Dar_es_Salaam,205843
Sumbe,Sumbe,AO,-11.20605,13.84371,Africa/Luanda,205832
Ségou,Segou,ML,13.44032,-6.25947,Africa/Bamako,205787
Kon Tum,Kon Tum,VN,14.35451,108.00759,Asia/Ho_Chi_Minh,205762
Itabuna,Itabuna,BR,-14.78556,-39.28028,America/Bahia,205660
Latacunga,Latacunga,EC,-0.93424,-78.6152,America/Guayaquil,205624
Nāngloi Jāt,Nangloi Jat,IN,28.67957,77.06799,Asia/Kolkata,205596
Kishiwada,Kishiwada,JP,34.46667,135.36667,Asia/Tokyo,205561
Jinghong,Jinghong,CN,22.00265,100.7697,Asia/Shanghai,205523
Mdantsane,Mdantsane,ZA,-32.93324,27.77656,Africa/Johannesburg,205504
Itaim Paulista,Itaim Paulista,BR,-23.50308,-46.38566,America/Sao_Paulo,205295
São Carlos,Sao Carlos,BR,-22.0175,-47.89083,America/Sao_Paulo,205035
Qā’em Shahr,Qa'em Shahr,IR,36.46306,52.86007,Asia/Tehran,204953
Shikarpur,Shikarpur,PK,27.95558,68.63823,Asia/Karachi,204938
Ternate,Ternate,ID,0.79065,127.38424,Asia/Jayapura,204920
Gongheyong,Gongheyong,CN,22.75923,113.79452,Asia/Shanghai,204881
Linz,Linz,AT,48.30639,14.28611,Europe/Vienna,204846
Dhangaḍhi̇̄,Dhangadhi,NP,28.70159,80.58991,Asia/Kathmandu,204788
Nanchuan,Nanchuan,CN,29.15201,107.10335,Asia/Shanghai,204775
Córdoba,Cordoba,MX,18.8842,-96.92559,America/Mexico_City,204721
Bishan,Bishan,CN,29.59491,106.22476,Asia/Shanghai,204702
Biskra,Biskra,DZ,34.85038,5.72805,Africa/Algiers,204661
Xizhi,Xizhi,TW,25.06615,121.65985,Asia/Taipei,204619
Gaoping,Gaoping,CN,30.77576,106.10294,Asia/Shanghai,204368
Trieste,Trieste,IT,45.64953,13.77678,Europe/Rome,204338
Mpanda,Mpanda,TZ,-6.34379,31.06951,Africa/Dar_es_Salaam,204338
Moreno Valley,Moreno Valley,US,33.93752,-117.23059,America/Los_Angeles,204198
Secunderabad,Secunderabad,IN,17.50427,78.54263,Asia/Kolkata,204182
Punggol,Punggol,SG,1.41444,103.90694,Asia/Singapore,204150
Sodo,Sodo,ET,6.86,37.76159,Africa/Addis_Ababa,204100
Zliten,Zliten,LY,32.46739,14.56874,Africa/Tripoli,203790
Padua,Padua,IT,45.40797,11.88586,Europe/Rome,203725
Karnaphuli,Karnaphuli,BD,22.69056,92.23472,Asia/Dhaka,203697
Las Tunas,Las Tunas,CU,20.96135,-76.95192,America/Havana,203684
Matsue,Matsue,JP,35.48333,133.05,Asia/Tokyo,203616
Bayamón,Bayamon,PR,18.39856,-66.15572,America/Puerto_Rico,203499
Gimpo-si,Gimpo-si,KR,37.62361,126.71417,Asia/Seoul,203391
Lauro de Freitas,Lauro de Freitas,BR,-12.89444,-38.32722,America/Bahia,203331
Deoghar,Deoghar,IN,24.48983,86.69902,Asia/Kolkata,203123
Fianarantsoa,Fianarantsoa,MG,-21.45267,47.08569,Indian/Antananarivo,203105
Vasyl'evsky Ostrov,Vasyl'evsky Ostrov,RU,59.94091,30.25377,Europe/Moscow,203058
Sobral,Sobral,BR,-3.68611,-40.34972,America/Fortaleza,203023
Chāndpur,Chandpur,BD,23.22714,90.65433,Asia/Dhaka,203000
Atsiaman,Atsiaman,GH,5.69775,-0.32824,Africa/Accra,202932
Bandundu Province,Bandundu Province,CD,-3.31687,17.38063,Africa/Kinshasa,202904
Osmaniye,Osmaniye,TR,37.07417,36.24778,Europe/Istanbul,202837
Bābol,Babol,IR,36.55102,52.6786,Asia/Tehran,202796
Cabo San Lucas,Cabo San Lucas,MX,22.89088,-109.91238,America/Mazatlan,202694
Little Rock,Little Rock,US,34.74648,-92.28959,America/Chicago,202591
Çorlu,Corlu,TR,41.16069,27.80093,Europe/Istanbul,202578
Madiun,Madiun,ID,-7.6298,111.5239,Asia/Jakarta,202544
Iringa,Iringa,TZ,-7.76667,35.7,Africa/Dar_es_Salaam,202490
Debrecen,Debrecen,HU,47.53167,21.62444,Europe/Budapest,202402
Chāpra,Chapra,IN,25.78031,84.74709,Asia/Kolkata,202352
Motijheel,Motijheel,BD,23.72772,90.41919,Asia/Dhaka,202308
Barishal,Barishal,BD,22.70497,90.37013,Asia/Dhaka,202242
Richmond Hill,Richmond Hill,CA,43.87111,-79.43725,America/Toronto,202022
Fayetteville,Fayetteville,US,35.05266,-78.87836,America/New_York,201963
Al Khums,Al Khums,LY,32.64861,14.26191,Africa/Tripoli,201943
Huntington Beach,Huntington Beach,US,33.6603,-117.99923,America/Los_Angeles,201899
Favoriten,Favoriten,AT,48.16116,16.38233,Europe/Vienna,201882
Koronadal,Koronadal,PH,6.50306,124.84694,Asia/Manila,201844
Geneva,Geneva,CH,46.20222,6.14569,Europe/Zurich,201741
Tallahassee,Tallahassee,US,30.43826,-84.28073,America/New_York,201731
Swindon,Swindon,GB,51.55797,-1.78116,Europe/London,201669
Rengasdengklok,Rengasdengklok,ID,-6.15917,107.29806,Asia/Jakarta,201463
Rio Claro,Rio Claro,BR,-22.41139,-47.56139,America/Sao_Paulo,201418
Salatiga,Salatiga,ID,-7.33194,110.49278,Asia/Jakarta,201369
Cajamarca,Cajamarca,PE,-7.16378,-78.50027,America/Lima,201329
Townsville,Townsville,AU,-19.26639,146.80569,Australia/Brisbane,201313
Thanh Khê,Thanh Khe,VN,16.0706,108.19102,Asia/Ho_Chi_Minh,201240
La Pintana,La Pintana,CL,-33.58331,-70.63419,America/Santiago,201178
Daşoguz,Dasoguz,TM,41.83625,59.96661,Asia/Ashgabat,201142
Yonkers,Yonkers,US,40.9304,-73.89789,America/New_York,201116
Glendale,Glendale,US,34.14251,-118.25508,America/Los_Angeles,201020
Dadu,Dadu,PK,26.73033,67.7769,Asia/Karachi,201017
Arba Minch,Arba Minch,ET,6.03333,37.55,Africa/Addis_Ababa,201000
Banjar,Banjar,ID,-7.1955,107.4313,Asia/Jakarta,200970
Petropavl,Petropavl,KZ,54.87343,69.15065,Asia/Almaty,200920
Cypress,Cypress,US,29.96911,-95.69717,America/Chicago,200839
Khandwa,Khandwa,IN,21.82427,76.35086,Asia/Kolkata,200738
Aurora,Aurora,US,41.76058,-88.32007,America/Chicago,200661
Puri,Puri,IN,19.79825,85.82494,Asia/Kolkata,200564
Morena,Morena,IN,26.49892,77.99534,Asia/Kolkata,200482
Nicosia,Nicosia,CY,35.17284,33.35397,Asia/Nicosia,200452
Brescia,Brescia,IT,45.53558,10.21472,Europe/Rome,200423
Nasīm Shahr,Nasim Shahr,IR,35.56504,51.16332,Asia/Tehran,200393
Nasimshahr,Nasimshahr,IR,35.56528,51.1583,Asia/Tehran,200393
Ugep,Ugep,NG,5.80865,8.08098,Africa/Lagos,200276
Kamina,Kamina,CD,-8.73508,24.99798,Africa/Lubumbashi,200184
Yanbu,Yanbu,SA,24.08954,38.0618,Asia/Riyadh,200161
Nagareyama,Nagareyama,JP,35.8563,139.90266,Asia/Tokyo,200136
Charleroi,Charleroi,BE,50.41136,4.44448,Europe/Brussels,200132
Lạng Sơn,Lang Son,VN,21.85264,106.76101,Asia/Bangkok,200108
São José,Sao Jose,BR,-28.21344,-49.16383,America/Sao_Paulo,200000
Nyingchi,Nyingchi,CN,29.64885,94.35509,Asia/Shanghai,200000
Yuen Long San Hui,Yuen Long San Hui,HK,22.43333,114.03333,Asia/Hong_Kong,200000
Yuen Long,Yuen Long,HK,22.44518,114.02621,Asia/Hong_Kong,200000
Sumedang,Sumedang,ID,-6.85861,107.91639,Asia/Jakarta,200000
Gyānpur,Gyanpur,IN,25.33268,82.46637,Asia/Kolkata,200000
Az Zāwīyah,Az Zawiyah,LY,32.7571,12.72764,Africa/Tripoli,200000
Salé Al Jadida,Sale Al Jadida,MA,33.99722,-6.74047,Africa/Casablanca,200000
Bandar Sunway,Bandar Sunway,MY,3.0693,101.6074,Asia/Kuala_Lumpur,200000
Bandar Utama,Bandar Utama,MY,3.14818,101.61407,Asia/Kuala_Lumpur,200000
Bukit Jalil,Bukit Jalil,MY,3.04913,101.68036,Asia/Kuala_Lumpur,200000
Chakwama,Chakwama,NG,11.55965,9.66407,Africa/Lagos,200000
Shahkot,Shahkot,PK,31.5709,73.48531,Asia/Karachi,200000
Severnyy,Severnyy,RU,55.93583,37.54889,Europe/Moscow,200000
El Dibir,El Dibir,SO,11.76667,51.21667,Africa/Mogadishu,200000
Rayon KTZ,Rayon KTZ,UA,49.94349,36.36959,Europe/Kyiv,200000
Beiliu,Beiliu,CN,22.70722,110.34917,Asia/Shanghai,199769
Iquique,Iquique,CL,-20.21326,-70.15027,America/Santiago,199587
Thuận Thanh,Thuan Thanh,VN,21.046,106.079,Asia/Bangkok,199577
Balakovo,Balakovo,RU,52.02639,47.79671,Europe/Saratov,199572
Armavir,Armavir,RU,44.99849,41.11472,Europe/Moscow,199548
Yachiyo,Yachiyo,JP,35.73531,140.12445,Asia/Tokyo,199498
Saidpur,Saidpur,BD,25.77769,88.89169,Asia/Dhaka,199422
Quận Bốn,Quan Bon,VN,10.76684,106.70574,Asia/Ho_Chi_Minh,199329
Arīsh,Arish,EG,31.13159,33.79844,Africa/Cairo,199243
Rawang,Rawang,MY,3.3213,101.5767,Asia/Kuala_Lumpur,199095
Dudley,Dudley,GB,52.5,-2.08333,Europe/London,199059
Mushin,Mushin,NG,6.52799,3.35411,Africa/Lagos,199000
Yuzhno-Sakhalinsk,Yuzhno-Sakhalinsk,RU,46.9543,142.73559,Asia/Sakhalin,198973
Hagen,Hagen,DE,51.36081,7.47168,Europe/Berlin,198972
Guacara,Guacara,VE,10.22609,-67.877,America/Caracas,198883
Valparaíso de Goiás,Valparaiso de Goias,BR,-16.06583,-47.97861,America/Sao_Paulo,198861
Gliwice,Gliwice,PL,50.29761,18.67658,Europe/Warsaw,198835
Changji,Changji,CN,44.00782,87.30461,Asia/Urumqi,198776
Kodaira,Kodaira,JP,35.72603,139.48508,Asia/Tokyo,198739
Plano Piloto,Plano Piloto,BR,-15.79411,-47.8825,America/Sao_Paulo,198697
Amarillo,Amarillo,US,35.222,-101.8313,America/Chicago,198645
Bulandshahr,Bulandshahr,IN,28.40392,77.85773,Asia/Kolkata,198612
Lusail,Lusail,QA,25.4175,51.5075,Asia/Qatar,198600
Aberdeen,Aberdeen,GB,57.14369,-2.09814,Europe/London,198590
Taranto,Taranto,IT,40.46438,17.24707,Europe/Rome,198585
Capiatá,Capiata,PY,-25.3552,-57.44545,America/Asuncion,198553
Gorontalo,Gorontalo,ID,0.5375,123.0625,Asia/Makassar,198539
Zango,Zango,AO,-9.01212,13.38437,Africa/Luanda,198538
Duyun,Duyun,CN,26.26667,107.51667,Asia/Shanghai,198516
Naivasha,Naivasha,KE,-0.71383,36.43261,Africa/Nairobi,198444
Kaiyuan,Kaiyuan,CN,23.69767,103.30372,Asia/Shanghai,198423
Rzeszów,Rzeszow,PL,50.04132,21.99901,Europe/Warsaw,198317
Rostock,Rostock,DE,54.0887,12.14049,Europe/Berlin,198293
Parma,Parma,IT,44.79935,10.32618,Europe/Rome,198292
Sibu,Sibu,MY,2.3,111.81667,Asia/Kuching,198239
Arnavutköy,Arnavutkoey,TR,41.18355,28.7402,Europe/Istanbul,198165
Itami,Itami,JP,34.78427,135.40126,Asia/Tokyo,198138
Podil,Podil,UA,50.46936,30.51627,Europe/Kyiv,198123
Mentougou,Mentougou,CN,39.93819,116.09307,Asia/Shanghai,197772
Bhind,Bhind,IN,26.56671,78.78728,Asia/Kolkata,197585
Akron,Akron,US,41.08144,-81.51901,America/New_York,197542
Talca,Talca,CL,-35.4232,-71.64974,America/Santiago,197479
Kassel,Kassel,DE,51.31667,9.5,Europe/Berlin,197230
Ciudad Madero,Ciudad Madero,MX,22.2475,-97.83665,America/Monterrey,197216
Gemena,Gemena,CD,3.25651,19.77234,Africa/Kinshasa,197159
Bhālswa Jahangirpur,Bhalswa Jahangirpur,IN,28.73558,77.16682,Asia/Kolkata,197148
Lushui,Lushui,CN,25.8232,98.85853,Asia/Shanghai,197000
Bīrjand,Birjand,IR,32.86628,59.22114,Asia/Tehran,196982
Toruń,Torun,PL,53.01375,18.59814,Europe/Warsaw,196935
Almería,Almeria,ES,36.83814,-2.45974,Europe/Madrid,196851
Jijiang,Jijiang,CN,29.28993,106.25001,Asia/Shanghai,196787
Huánuco,Huanuco,PE,-9.92882,-76.23989,America/Lima,196627
Higashihiroshima,Higashihiroshima,JP,34.40861,132.73682,Asia/Tokyo,196608
İzmit,Izmit,TR,40.76499,29.92928,Europe/Istanbul,196571
Reims,Reims,FR,49.26526,4.02853,Europe/Paris,196565
Hanfeng,Hanfeng,CN,31.16946,108.4031,Asia/Shanghai,196528
Vancouver,Vancouver,US,45.63873,-122.66149,America/Los_Angeles,196442
Birmingham,Birmingham,US,33.52066,-86.80249,America/Chicago,196357
Laayoune,Laayoune,EH,27.1418,-13.18797,Africa/El_Aaiun,196331
Khammam,Khammam,IN,17.24767,80.14368,Asia/Kolkata,196283
H̱olon,Holon,IL,32.01034,34.77918,Asia/Jerusalem,196282
Middelburg,Middelburg,ZA,-25.77507,29.46482,Africa/Johannesburg,196263
Icheon-si,Icheon-si,KR,37.27917,127.4425,Asia/Seoul,196230
Phra Pradaeng,Phra Pradaeng,TH,13.65855,100.53362,Asia/Bangkok,196129
Moundou,Moundou,TD,8.57437,16.07722,Africa/Ndjamena,196124
Sambhal,Sambhal,IN,28.58498,78.56959,Asia/Kolkata,196109
Lhokseumawe,Lhokseumawe,ID,5.1801,97.1507,Asia/Jakarta,196067
Bhiwāni,Bhiwani,IN,28.79304,76.13968,Asia/Kolkata,196057
Engels,Engels,RU,51.48389,46.10528,Europe/Saratov,196011
Ciudad Lázaro Cárdenas,Ciudad Lazaro Cardenas,MX,17.96256,-102.19887,America/Mexico_City,196003
Mocuba,Mocuba,MZ,-16.8375,36.98556,Africa/Maputo,196001
Hetauda,Hetauda,NP,27.42839,85.03219,Asia/Kathmandu,195951
Durrës,Durres,AL,41.32355,19.45469,Europe/Tirane,195920
Suzuka,Suzuka,JP,34.88333,136.58333,Asia/Tokyo,195670
Hub,Hub,PK,25.02555,66.88534,Asia/Karachi,195661
La Plata,La Plata,AR,-34.92126,-57.95442,America/Argentina/Buenos_Aires,195443
Janakpur,Janakpur,NP,26.72882,85.92628,Asia/Kathmandu,195438
Kamirenjaku,Kamirenjaku,JP,35.69423,139.55495,Asia/Tokyo,195391
Panvel,Panvel,IN,18.98878,73.11013,Asia/Kolkata,195373
Peicheng,Peicheng,CN,34.73611,116.92472,Asia/Shanghai,195363
Maharagama,Maharagama,LK,6.848,79.9265,Asia/Colombo,195355
Montgomery,Montgomery,US,32.36681,-86.29997,America/Chicago,195287
Liège,Liege,BE,50.63373,5.56749,Europe/Brussels,195278
Kumagaya,Kumagaya,JP,36.13497,139.39004,Asia/Tokyo,195277
Guri-si,Guri-si,KR,37.5986,127.1394,Asia/Seoul,195236
Ambāla,Ambala,IN,30.36099,76.79782,Asia/Kolkata,195153
Grand Rapids,Grand Rapids,US,42.96336,-85.66809,America/Detroit,195097
Prato,Prato,IT,43.8805,11.09699,Europe/Rome,195089
Kumarapalayam,Kumarapalayam,IN,11.44495,77.71102,Asia/Kolkata,195071
Butwāl,Butwal,NP,27.70055,83.44836,Asia/Kathmandu,195054
Langsa,Langsa,ID,4.4683,97.9683,Asia/Jakarta,194730
Kayes,Kayes,ML,14.44776,-11.44393,Africa/Bamako,194716
Kafr ash Shaykh,Kafr ash Shaykh,EG,31.11174,30.93991,Africa/Cairo,194569
Çiğli,Cigli,TR,38.49645,27.07029,Europe/Istanbul,194525
Tébessa,Tebessa,DZ,35.40417,8.12417,Africa/Algiers,194461
Kuala Kubu Baharu,Kuala Kubu Baharu,MY,3.5638,101.6581,Asia/Kuala_Lumpur,194387
Karuri,Karuri,KE,-1.17641,36.7564,Africa/Nairobi,194342
Karuri,Karuri,KE,-0.7,37.18333,Africa/Nairobi,194342
Manéah,Maneah,GN,9.73333,-13.41667,Africa/Conakry,194297
Severodvinsk,Severodvinsk,RU,64.55825,39.82971,Europe/Moscow,194292
Kowloon City Centre,Kowloon City Centre,HK,22.32979,114.18889,Asia/Hong_Kong,194290
Matuga,Matuga,KE,-4.168,39.57068,Africa/Nairobi,194252
Düzce,Duezce,TR,40.83889,31.16389,Europe/Istanbul,194097
Nnewi,Nnewi,NG,6.01962,6.91729,Africa/Lagos,193987
Yamaguchi,Yamaguchi,JP,34.18333,131.46667,Asia/Tokyo,193966
Alcalá de Henares,Alcala de Henares,ES,40.48205,-3.35996,Europe/Madrid,193751
Başakşehir,Basaksehir,TR,41.106,28.791,Europe/Istanbul,193750
Ezhou,Ezhou,CN,30.4,114.83333,Asia/Shanghai,193652
Zhengding,Zhengding,CN,38.14501,114.56556,Asia/Shanghai,193524
Būkān,Bukan,IR,36.521,46.2089,Asia/Tehran,193501
Taguatinga,Taguatinga,BR,-15.83326,-48.05506,America/Sao_Paulo,193367
Braga,Braga,PT,41.5514,-8.42311,Europe/Lisbon,193324
Garhi Khairo,Garhi Khairo,PK,28.05717,67.97898,Asia/Karachi,193297
Luanshya,Luanshya,ZM,-13.13667,28.41661,Africa/Lusaka,193293
Bang Khae,Bang Khae,TH,13.69301,100.40755,Asia/Bangkok,193002
Bago City,Bago City,PH,10.53333,122.83333,Asia/Manila,192993
Yongchuan,Yongchuan,CN,29.35376,105.89392,Asia/Shanghai,192954
Uji,Uji,JP,34.89044,135.80325,Asia/Tokyo,192925
Machilīpatnam,Machilipatnam,IN,16.18747,81.13888,Asia/Kolkata,192827
Hepu,Hepu,CN,21.65921,109.20011,Asia/Shanghai,192813
Aihui,Aihui,CN,49.97946,127.48119,Asia/Shanghai,192764
Hyesan,Hyesan,KP,41.40167,128.17778,Asia/Pyongyang,192680
Bayamo,Bayamo,CU,20.37368,-76.64272,America/Havana,192632
Kielce,Kielce,PL,50.87033,20.62752,Europe/Warsaw,192468
Pār Naogaon,Par Naogaon,BD,24.80418,88.94875,Asia/Dhaka,192464
Fuding,Fuding,CN,27.32734,120.21399,Asia/Shanghai,192352
Nossa Senhora do Socorro,Nossa Senhora do Socorro,BR,-10.855,-37.12611,America/Maceio,192330
Castanhal,Castanhal,BR,-1.29389,-47.92639,America/Belem,192256
Cidade Tiradentes,Cidade Tiradentes,BR,-23.58481,-46.40084,America/Sao_Paulo,192177
Zabrze,Zabrze,PL,50.32492,18.78576,Europe/Warsaw,192177
Hamilton,Hamilton,NZ,-37.78333,175.28333,Pacific/Auckland,192100
Bojnūrd,Bojnurd,IR,37.47473,57.32903,Asia/Tehran,192041
Surulere,Surulere,NG,6.50153,3.35808,Africa/Lagos,191920
Humen,Humen,CN,22.81899,113.67306,Asia/Shanghai,191891
Benfica,Benfica,AO,-8.94432,13.16431,Africa/Luanda,191828
Hat Yai,Hat Yai,TH,7.00836,100.47668,Asia/Bangkok,191696
Haicheng,Haicheng,CN,40.85158,122.74754,Asia/Shanghai,191651
Curug,Curug,ID,-6.26583,106.55639,Asia/Jakarta,191406
Barrancabermeja,Barrancabermeja,CO,7.06528,-73.85472,America/Bogota,191403
Zlatoust,Zlatoust,RU,55.17182,59.65471,Asia/Yekaterinburg,191366
Mukono,Mukono,UG,0.35333,32.75528,Africa/Kampala,191300
Angren,Angren,UZ,41.01667,70.14361,Asia/Tashkent,191300
Ciudad del Carmen,Ciudad del Carmen,MX,18.64592,-91.82991,America/Merida,191238
Nova Friburgo,Nova Friburgo,BR,-22.28194,-42.53111,America/Sao_Paulo,191158
Khairpur Mir’s,Khairpur Mir's,PK,27.52948,68.75915,Asia/Karachi,191044
Business Bay,Business Bay,AE,25.18544,55.26969,Asia/Dubai,191000
Khujand,Khujand,TJ,40.28256,69.62216,Asia/Dushanbe,191000
Peoria,Peoria,US,33.5806,-112.23738,America/Phoenix,190985
Ashaiman,Ashaiman,GH,5.69951,-0.03484,Africa/Accra,190972
Providence,Providence,US,41.82399,-71.41283,America/New_York,190934
Palopo,Palopo,ID,-2.9925,120.19694,Asia/Makassar,190867
Mahesāna,Mahesana,IN,23.59864,72.38472,Asia/Kolkata,190753
Knoxville,Knoxville,US,35.96064,-83.92074,America/New_York,190740
Rangel,Rangel,AO,-8.82644,13.26285,Africa/Luanda,190569
Fuenlabrada,Fuenlabrada,ES,40.28419,-3.79415,Europe/Madrid,190496
Hino,Hino,JP,35.67306,139.40028,Asia/Tokyo,190435
Jhelum,Jhelum,PK,32.93448,73.73102,Asia/Karachi,190425
Mahbūbnagar,Mahbubnagar,IN,16.74385,77.98597,Asia/Kolkata,190400
Cork,Cork,IE,51.89797,-8.47061,Europe/Dublin,190384
Beipiao,Beipiao,CN,41.79194,120.77917,Asia/Shanghai,190315
Pak Kret,Pak Kret,TH,13.91179,100.49774,Asia/Bangkok,190272
Cẩm Phả,Cam Pha,VN,21.01004,107.27345,Asia/Bangkok,190232
Al Fallūjah,Al Fallujah,IQ,33.34913,43.78599,Asia/Baghdad,190159
Jinshanlu,Jinshanlu,CN,47.8505,88.13286,Asia/Urumqi,190064
Ise-Ekiti,Ise-Ekiti,NG,7.46478,5.42333,Africa/Lagos,190063
Bontang,Bontang,ID,0.1324,117.4854,Asia/Makassar,189968
Saddiqabad,Saddiqabad,PK,28.3091,70.12652,Asia/Karachi,189876
Kofu,Kofu,JP,35.66667,138.56667,Asia/Tokyo,189591
Numazu,Numazu,JP,35.1,138.86667,Asia/Tokyo,189486
Jōetsu,Joetsu,JP,37.14828,138.23642,Asia/Tokyo,189430
Planaltina,Planaltina,BR,-15.61791,-47.64874,America/Sao_Paulo,189412
Sunrise Manor,Sunrise Manor,US,36.21108,-115.07306,America/Los_Angeles,189372
Sambalpur,Sambalpur,IN,21.46527,83.97573,Asia/Kolkata,189366
Syzran,Syzran,RU,53.1585,48.4681,Europe/Samara,189338
Danshui,Danshui,TW,25.17196,121.4429,Asia/Taipei,189271
Bytom,Bytom,PL,50.34802,18.93282,Europe/Warsaw,189186
Mwene-Ditu,Mwene-Ditu,CD,-7.00906,23.45278,Africa/Lubumbashi,189177
Panalanoy,Panalanoy,PH,11.25111,125.00639,Asia/Manila,189090
Santarém,Santarem,BR,-2.44306,-54.70833,America/Santarem,189047
Guixi,Guixi,CN,30.33355,107.34545,Asia/Shanghai,188980
Odawara,Odawara,JP,35.25556,139.15972,Asia/Tokyo,188856
Camaçari,Camacari,BR,-12.6975,-38.32417,America/Bahia,188758
Labuan Bajo,Labuan Bajo,ID,-8.4964,119.8877,Asia/Makassar,188724
Anjō,Anjo,JP,34.95828,137.08054,Asia/Tokyo,188693
Boyeros,Boyeros,CU,23.0072,-82.4017,America/Havana,188593
George,George,ZA,-33.963,22.46173,Africa/Johannesburg,188580
Tottori-shi,Tottori-shi,JP,35.5,134.23333,Asia/Tokyo,188465
Leganés,Leganes,ES,40.32718,-3.7635,Europe/Madrid,188425
Acarigua,Acarigua,VE,9.55451,-69.19564,America/Caracas,188278
Hosa’ina,Hosa'ina,ET,7.54978,37.85374,Africa/Addis_Ababa,188200
Sai Mai,Sai Mai,TH,13.92068,100.64552,Asia/Bangkok,188123
Yawnghwe,Yawnghwe,MM,20.65973,96.93376,Asia/Yangon,188083
Mabalacat City,Mabalacat City,PH,15.22303,120.57117,Asia/Manila,188050
Riohacha,Riohacha,CO,11.54444,-72.90722,America/Bogota,188014
Santa Bárbara d'Oeste,Santa Barbara d'Oeste,BR,-22.75361,-47.41361,America/Sao_Paulo,188000
Laizhou,Laizhou,CN,37.18073,119.94217,Asia/Shanghai,188000
Rio Grande,Rio Grande,BR,-32.035,-52.09861,America/Sao_Paulo,187838
Grand Prairie,Grand Prairie,US,32.74596,-96.99778,America/Chicago,187809
Sorsogon,Sorsogon,PH,12.97389,123.99333,Asia/Manila,187670
Ait Melloul,Ait Melloul,MA,30.34164,-9.50356,Africa/Casablanca,187652
Sutton,Sutton,GB,51.35,-0.2,Europe/London,187600
Shreveport,Shreveport,US,32.52515,-93.75018,America/Chicago,187593
Choa Chu Kang New Town,Choa Chu Kang New Town,SG,1.3825,103.74972,Asia/Singapore,187550
Getafe,Getafe,ES,40.30571,-3.73295,Europe/Madrid,187525
Quận Năm,Quan Nam,VN,10.75567,106.66745,Asia/Ho_Chi_Minh,187510
Bhusawal,Bhusawal,IN,21.04365,75.78506,Asia/Kolkata,187421
Miraflores,Miraflores,PE,-12.11331,-77.03274,America/Lima,187401
Alvorada,Alvorada,BR,-30.00018,-51.07632,America/Sao_Paulo,187315
Chilpancingo,Chilpancingo,MX,17.55228,-99.50124,America/Mexico_City,187251
Cachoeiro de Itapemirim,Cachoeiro de Itapemirim,BR,-20.84889,-41.11278,America/Sao_Paulo,187019
Donaustadt,Donaustadt,AT,48.2333,16.46002,Europe/Vienna,187007
Pinar del Río,Pinar del Rio,CU,22.41649,-83.69657,America/Havana,186990
Huixing,Huixing,CN,29.68403,106.61486,Asia/Shanghai,186972
Kırıkkale,Kirikkale,TR,39.84528,33.50639,Europe/Istanbul,186960
Batumi,Batumi,GE,41.64077,41.6306,Asia/Tbilisi,186949
Burlington,Burlington,CA,43.38621,-79.83713,America/Toronto,186948
Pābna,Pabna,BD,24.00644,89.2372,Asia/Dhaka,186781
Brownsville,Brownsville,US,25.90175,-97.49748,America/Chicago,186738
Changyuan,Changyuan,CN,29.40499,105.58827,Asia/Shanghai,186653
Cienfuegos,Cienfuegos,CU,22.14681,-80.4481,America/Havana,186644
Beersheba,Beersheba,IL,31.25181,34.7913,Asia/Jerusalem,186600
El Oued,El Oued,DZ,33.35608,6.86319,Africa/Algiers,186525
Overland Park,Overland Park,US,38.98223,-94.67079,America/Chicago,186515
Raebareli,Raebareli,IN,26.2309,81.23315,Asia/Kolkata,186433
Shangri-La,Shangri-La,CN,27.82511,99.70779,Asia/Shanghai,186400
Springs,Springs,ZA,-26.25,28.4,Africa/Johannesburg,186394
Newport News,Newport News,US,36.98038,-76.42975,America/New_York,186247
Yangcheng,Yangcheng,CN,29.99968,106.25604,Asia/Shanghai,186242
Mopti,Mopti,ML,14.4843,-4.18296,Africa/Bamako,186187
Khuraybat as Sūq,Khuraybat as Suq,JO,31.87913,35.92098,Asia/Amman,186158
Zawiya,Zawiya,LY,32.75222,12.72778,Africa/Tripoli,186123
Zamora de Hidalgo,Zamora de Hidalgo,MX,19.98404,-102.28634,America/Mexico_City,186102
Haridwar,Haridwar,IN,29.94791,78.16025,Asia/Kolkata,186079
Ad-Damazin,Ad-Damazin,SD,11.7891,34.3592,Africa/Khartoum,186051
Dunhuang,Dunhuang,CN,40.16667,94.68333,Asia/Shanghai,186027
Jing’an,Jing'an,CN,22.21072,113.29218,Asia/Shanghai,186000
Le Havre,Le Havre,FR,49.49346,0.10785,Europe/Paris,185972
Verhunskyi,Verhunskyi,UA,48.58573,39.37158,Europe/Kyiv,185593
Phusro,Phusro,IN,23.75644,86.0051,Asia/Kolkata,185555
Donostia / San Sebastián,San Sebastian,ES,43.31283,-1.97499,Europe/Madrid,185357
Poza Rica de Hidalgo,Poza Rica de Hidalgo,MX,20.53315,-97.45946,America/Mexico_City,185242
Bilbeis,Bilbeis,EG,30.42039,31.56223,Africa/Cairo,185237
Roxas City,Roxas City,PH,11.58528,122.75111,Asia/Manila,185236
Paris 20 Ménilmontant,Paris 20 Menilmontant,FR,48.8646,2.3984,Europe/Paris,185140
Kütahya,Kuetahya,TR,39.42417,29.98333,Europe/Istanbul,185008
Potsdam,Potsdam,DE,52.39886,13.06566,Europe/Berlin,184754
Modena,Modena,IT,44.64783,10.92539,Europe/Rome,184732
Bolu,Bolu,TR,40.73583,31.60611,Europe/Istanbul,184682
Toyokawa,Toyokawa,JP,34.81667,137.4,Asia/Tokyo,184661
Adoni,Adoni,IN,15.62788,77.27495,Asia/Kolkata,184625
Izumi,Izumi,JP,34.48333,135.43333,Asia/Tokyo,184615
Santa Anita - Los Ficus,Santa Anita - Los Ficus,PE,-12.05048,-76.97335,America/Lima,184614
Zaoyang,Zaoyang,CN,32.12722,112.75417,Asia/Shanghai,184509
Paltan,Paltan,BD,23.73625,90.41426,Asia/Dhaka,184492
Ivory Park,Ivory Park,ZA,-25.9957,28.1971,Africa/Johannesburg,184383
Al Qāmishlī,Al Qamishli,SY,37.05215,41.23142,Asia/Damascus,184231
Padalarang,Padalarang,ID,-6.83778,107.47278,Asia/Jakarta,184182
Abakan,Abakan,RU,53.7154,91.42593,Asia/Krasnoyarsk,184168
Pemalang,Pemalang,ID,-6.89193,109.38263,Asia/Jakarta,184149
Breda,Breda,NL,51.58656,4.77596,Europe/Amsterdam,184126
Vĩnh Châu,Vinh Chau,VN,9.32439,105.98006,Asia/Ho_Chi_Minh,183918
Burewala,Burewala,PK,30.16667,72.65,Asia/Karachi,183915
Baishan,Baishan,CN,41.93853,126.41965,Asia/Shanghai,183880
Sūjāngarh,Sujangarh,IN,27.7,74.46667,Asia/Kolkata,183808
Tachikawa,Tachikawa,JP,35.7091,139.41891,Asia/Tokyo,183581
Cergy-Pontoise,Cergy-Pontoise,FR,49.03894,2.07805,Europe/Paris,183430
Unaizah,Unaizah,SA,26.1,44,Asia/Riyadh,183319
Mobile,Mobile,US,30.69436,-88.04305,America/Chicago,183289
St Helens,St Helens,GB,53.45,-2.73333,Europe/London,183200
Tanjungbalai,Tanjungbalai,ID,2.96667,99.8,Asia/Jakarta,183170
Fort Lauderdale,Fort Lauderdale,US,26.12231,-80.14338,America/New_York,183146
Lembang,Lembang,ID,-6.81167,107.6175,Asia/Jakarta,183130
Paris 18 Buttes-Montmartre,Paris 18 Buttes-Montmartre,FR,48.8925,2.3444,Europe/Paris,183127
Sants-Montjuïc,Sants-Montjuic,ES,41.37263,2.1546,Europe/Madrid,183120
Oradea,Oradea,RO,47.0458,21.91833,Europe/Bucharest,183105
Saarbrücken,Saarbruecken,DE,49.23262,7.00982,Europe/Berlin,182971
Bunda,Bunda,TZ,-2.02153,33.87109,Africa/Dar_es_Salaam,182970
Skikda,Skikda,DZ,36.87617,6.90921,Africa/Algiers,182903
Mīāneh,Mianeh,IR,37.421,47.715,Asia/Tehran,182848
Tirmiz,Tirmiz,UZ,37.22417,67.27833,Asia/Samarkand,182800
Jaraguá do Sul,Jaragua do Sul,BR,-26.48611,-49.06667,America/Sao_Paulo,182660
Cúa,Cua,VE,10.16245,-66.88248,America/Caracas,182558
Sirsa,Sirsa,IN,29.53489,75.02898,Asia/Kolkata,182534
Kamensk-Ural’skiy,Kamensk-Ural'skiy,RU,56.40626,61.93347,Asia/Yekaterinburg,182500
Cidade Dutra,Cidade Dutra,BR,-23.72576,-46.7024,America/Sao_Paulo,182459
Reggio Calabria,Reggio Calabria,IT,38.11047,15.66129,Europe/Rome,182455
Dinapur Nizamat,Dinapur Nizamat,IN,25.63847,85.05118,Asia/Kolkata,182429
Santa Clarita,Santa Clarita,US,34.39166,-118.54259,America/Los_Angeles,182371
Carletonville,Carletonville,ZA,-26.36094,27.39767,Africa/Johannesburg,182304
Dubréka,Dubreka,GN,9.79111,-13.52333,Africa/Conakry,182296
Banhā,Banha,EG,30.45977,31.1842,Africa/Cairo,182254
Bahraigh,Bahraigh,IN,27.57429,81.59474,Asia/Kolkata,182218
Ash Shaţrah,Ash Shatrah,IQ,31.40906,46.1727,Asia/Baghdad,182175
Quarto Oggiaro,Quarto Oggiaro,IT,45.51314,9.14343,Europe/Rome,182118
Tsing Yi Town,Tsing Yi Town,HK,22.35,114.1,Asia/Hong_Kong,182100
Guarapuava,Guarapuava,BR,-25.39048,-51.46541,America/Sao_Paulo,182093
Monywa,Monywa,MM,22.10856,95.13583,Asia/Yangon,182011
Mwala,Mwala,KE,-1.35255,37.45482,Africa/Nairobi,181896
Kāraikkudi,Karaikkudi,IN,10.06615,78.76784,Asia/Kolkata,181851
Araure,Araure,VE,9.58144,-69.23851,America/Caracas,181820
Sultan Pur Majra,Sultan Pur Majra,IN,28.68966,77.07648,Asia/Kolkata,181554
Zhenping,Zhenping,CN,33.03457,112.22763,Asia/Shanghai,181528
Anda,Anda,CN,46.44867,125.30161,Asia/Shanghai,181271
Paris 13 Gobelins,Paris 13 Gobelins,FR,48.8322,2.3561,Europe/Paris,181271
Petropavlovsk-Kamchatsky,Petropavlovsk-Kamchatsky,RU,53.06393,158.62751,Asia/Kamchatka,181216
Wādī as Sīr,Wadi as Sir,JO,31.9545,35.81831,Asia/Amman,181212
Fardīs,Fardis,IR,35.7555,50.9967,Asia/Tehran,181174
Chattanooga,Chattanooga,US,35.04563,-85.30968,America/New_York,181099
Guna,Guna,IN,24.64691,77.3113,Asia/Kolkata,180935
Odense,Odense,DK,55.39594,10.38831,Europe/Copenhagen,180863
Singosari,Singosari,ID,-7.8924,112.6658,Asia/Jakarta,180740
Sacaba,Sacaba,BO,-17.39799,-66.03825,America/La_Paz,180726
Quetzaltenango,Quetzaltenango,GT,14.84462,-91.52316,America/Guatemala,180706
Chandannagar,Chandannagar,IN,22.86225,88.36796,Asia/Kolkata,180623
Baharampur,Baharampur,IN,24.10473,88.25155,Asia/Kolkata,180547
Ploieşti,Ploiesti,RO,44.95,26.01667,Europe/Bucharest,180540
Berazategui,Berazategui,AR,-34.76531,-58.21278,America/Argentina/Buenos_Aires,180523
Shahuwadi,Shahuwadi,IN,16.90993,73.94654,Asia/Kolkata,180322
Madanapalle,Madanapalle,IN,13.5503,78.50288,Asia/Kolkata,180180
Tangail,Tangail,BD,24.24984,89.91655,Asia/Dhaka,180144
Shulin,Shulin,TW,24.99085,121.42199,Asia/Taipei,180044
Edirne,Edirne,TR,41.67719,26.55597,Europe/Istanbul,180002
Nepean,Nepean,CA,45.33619,-75.7225,America/Toronto,180000
Pingwu County,Pingwu County,CN,32.40732,104.52738,Asia/Shanghai,180000
Kyaukpyu,Kyaukpyu,MM,19.42793,93.55134,Asia/Yangon,180000
Yasenevo,Yasenevo,RU,55.60686,37.51991,Europe/Moscow,180000
Phúc Yên,Phuc Yen,VN,21.23695,105.70483,Asia/Bangkok,180000
Shivpuri,Shivpuri,IN,25.42378,77.66223,Asia/Kolkata,179977
Yangju,Yangju,KR,37.83311,127.06169,Asia/Seoul,179923
Praga Południe,Praga Poludnie,PL,52.24424,21.08545,Europe/Warsaw,179836
Pirituba,Pirituba,BR,-23.48982,-46.7322,America/Sao_Paulo,179724
Kasama,Kasama,ZM,-10.21289,31.18084,Africa/Lusaka,179636
Surendranagar,Surendranagar,IN,22.72706,71.64856,Asia/Kolkata,179628
Alexandra,Alexandra,ZA,-26.10528,28.09884,Africa/Johannesburg,179624
Obuase,Obuase,GH,6.20228,-1.66796,Africa/Accra,179604
Desnyanskyi,Desnyanskyi,UA,51.50631,31.3168,Europe/Kyiv,179600
Novozavodskyi,Novozavodskyi,UA,51.4893,31.25634,Europe/Kyiv,179600
Tsentralnyi,Tsentralnyi,UA,47.09833,37.54838,Europe/Kyiv,179582
Passo Fundo,Passo Fundo,BR,-28.26278,-52.40667,America/Sao_Paulo,179529
Legaspi,Legaspi,PH,13.14125,123.74073,Asia/Manila,179481
Phú Quốc,Phu Quoc,VN,10.28715,104.01047,Asia/Ho_Chi_Minh,179480
Podolsk,Podolsk,RU,55.42419,37.55472,Europe/Moscow,179400
Purwakarta,Purwakarta,ID,-6.55694,107.44333,Asia/Jakarta,179233
Jizzax,Jizzax,UZ,40.13351,67.82956,Asia/Samarkand,179200
Ferraz de Vasconcelos,Ferraz de Vasconcelos,BR,-23.54083,-46.36861,America/Sao_Paulo,179198
Ila Orangun,Ila Orangun,NG,8.01714,4.90421,Africa/Lagos,179192
Thị Trấn Đại Từ,Thi Tran GJai Tu,VN,21.63384,105.63766,Asia/Ho_Chi_Minh,179192
Neyveli,Neyveli,IN,11.60877,79.4994,Asia/Kolkata,179150
Angra dos Reis,Angra dos Reis,BR,-23.00667,-44.31806,America/Sao_Paulo,179120
Qianjiang,Qianjiang,CN,30.421,112.8919,Asia/Shanghai,179079
Hamm,Hamm,DE,51.68033,7.82089,Europe/Berlin,178967
Si Racha,Si Racha,TH,13.17283,100.93159,Asia/Bangkok,178916
Tiaret,Tiaret,DZ,35.37103,1.31699,Africa/Algiers,178915
La Rioja,La Rioja,AR,-29.41328,-66.85637,America/Argentina/La_Rioja,178872
Silchar,Silchar,IN,24.82733,92.79787,Asia/Kolkata,178865
Amadora,Amadora,PT,38.75382,-9.23083,Europe/Lisbon,178858
Cuautitlán,Cuautitlan,MX,19.67052,-99.17989,America/Mexico_City,178847
Ipswich,Ipswich,GB,52.05917,1.15545,Europe/London,178835
Njeru,Njeru,UG,0.44166,33.17917,Africa/Kampala,178800
Toliara,Toliara,MG,-23.35,43.66667,Indian/Antananarivo,178725
Paris 19 Buttes-Chaumont,Paris 19 Buttes-Chaumont,FR,48.8817,2.3822,Europe/Paris,178691
Saki,Saki,NG,8.66762,3.39393,Africa/Lagos,178677
Chlef,Chlef,DZ,36.16525,1.33452,Africa/Algiers,178616
Fontanar,Fontanar,CU,23.02389,-82.408,America/Havana,178601
Seogwipo,Seogwipo,KR,33.25333,126.56181,Asia/Seoul,178552
Concepcion,Concepcion,PH,15.32546,120.65723,Asia/Manila,178549
East Flatbush,East Flatbush,US,40.65371,-73.93042,America/New_York,178464
Spring Valley,Spring Valley,US,36.10803,-115.245,America/Los_Angeles,178395
Metro,Metro,ID,-5.11306,105.30667,Asia/Jakarta,178381
Livingstone,Livingstone,ZM,-17.84194,25.85425,Africa/Lusaka,178361
Potchefstroom,Potchefstroom,ZA,-26.71667,27.1,Africa/Johannesburg,178285
Santa Rosa,Santa Rosa,US,38.44047,-122.71443,America/Los_Angeles,178127
Ciudad Camilo Cienfuegos,Ciudad Camilo Cienfuegos,CU,23.16076,-82.32798,America/Havana,178041
Paris 13e Arrondissement,Paris 13e Arrondissement,FR,48.8262,2.35986,Europe/Paris,177833
Sambizanga,Sambizanga,AO,-8.78883,13.27506,Africa/Luanda,177808
Proddatūr,Proddatur,IN,14.7502,78.54813,Asia/Kolkata,177797
Sittwe,Sittwe,MM,20.14624,92.89835,Asia/Yangon,177743
Dundo,Dundo,AO,-7.36643,20.81557,Africa/Luanda,177604
Basel,Basel,CH,47.55839,7.57327,Europe/Zurich,177595
Meiktila,Meiktila,MM,20.87776,95.85844,Asia/Yangon,177442
Gulu,Gulu,UG,2.77457,32.29899,Africa/Kampala,177400
Nijmegen,Nijmegen,NL,51.8425,5.85278,Europe/Amsterdam,177359
Tovuz,Tovuz,AZ,40.99249,45.62838,Asia/Baku,177200
Idkū,Idku,EG,31.3073,30.2981,Africa/Cairo,177152
Uppsala,Uppsala,SE,59.85882,17.63889,Europe/Stockholm,177074
Hugli,Hugli,IN,22.90877,88.39674,Asia/Kolkata,177005
Hashtsāl,Hashtsal,IN,28.63406,77.05771,Asia/Kolkata,176877
Bragança Paulista,Braganca Paulista,BR,-22.9527,-46.54418,America/Sao_Paulo,176811
Teresópolis,Teresopolis,BR,-22.4167,-42.97822,America/Sao_Paulo,176692
San Luis Río Colorado,San Luis Rio Colorado,MX,32.4555,-114.77037,America/Hermosillo,176685
Santa Ana,Santa Ana,SV,13.98827,-89.55685,America/El_Salvador,176661
Eugene,Eugene,US,44.05207,-123.08675,America/Los_Angeles,176654
Nador,Nador,MA,35.16813,-2.93352,Africa/Casablanca,176600
Al Muharraq,Al Muharraq,BH,26.25722,50.61194,Asia/Bahrain,176583
Bielsko-Biala,Bielsko-Biala,PL,49.82245,19.04686,Europe/Warsaw,176515
Marsá Maţrūḩ,Marsa Matruh,EG,31.3529,27.23725,Africa/Cairo,176498
Almere Stad,Almere Stad,NL,52.37025,5.21413,Europe/Amsterdam,176432
Burgos,Burgos,ES,42.34106,-3.70184,Europe/Madrid,176418
Gijang,Gijang,KR,35.24417,129.21389,Asia/Seoul,176388
Lander,Lander,VE,10.18333,-66.7,America/Caracas,176346
Saint-Étienne,Saint-Etienne,FR,45.43389,4.39,Europe/Paris,176280
Amroha,Amroha,IN,28.90314,78.46984,Asia/Kolkata,176253
Narashino,Narashino,JP,35.68184,140.04152,Asia/Tokyo,176197
Béjaïa,Bejaia,DZ,36.75587,5.08433,Africa/Algiers,176139
Zhenzhou,Zhenzhou,CN,32.28034,119.16999,Asia/Shanghai,176006
Tempe,Tempe,US,33.41477,-111.90931,America/Phoenix,175826
Xindi,Xindi,CN,29.81667,113.46667,Asia/Shanghai,175761
Oceanside,Oceanside,US,33.19587,-117.37948,America/Los_Angeles,175691
Bella Vista,Bella Vista,DO,18.45539,-69.9454,America/Santo_Domingo,175683
Fengcheng,Fengcheng,CN,29.82587,107.06019,Asia/Shanghai,175576
Salem,Salem,US,44.9429,-123.0351,America/Los_Angeles,175535
Wigan,Wigan,GB,53.54296,-2.63706,Europe/London,175405
Garden Grove,Garden Grove,US,33.77391,-117.94145,America/Los_Angeles,175393
Karaman,Karaman,TR,37.18111,33.215,Europe/Istanbul,175390
Oshawa,Oshawa,CA,43.90012,-78.84957,America/Toronto,175383
Khowy,Khowy,IR,38.5503,44.9521,Asia/Tehran,175370
Siverek,Siverek,TR,37.75503,39.31667,Europe/Istanbul,175341
Palhoça,Palhoca,BR,-27.64528,-48.66778,America/Sao_Paulo,175272
Rancho Cucamonga,Rancho Cucamonga,US,34.1064,-117.59311,America/Los_Angeles,175236
Cape Coral,Cape Coral,US,26.56285,-81.94953,America/New_York,175229
Tân Châu,Tan Chau,VN,10.79832,105.23887,Asia/Ho_Chi_Minh,175211
Jiutai,Jiutai,CN,44.15127,125.82975,Asia/Shanghai,175115
Chhindwāra,Chhindwara,IN,22.05697,78.93958,Asia/Kolkata,175052
Khānaqīn,Khanaqin,IQ,34.3482,45.39065,Asia/Baghdad,175000
Naga,Naga,PH,13.61917,123.18139,Asia/Manila,174931
Tomakomai,Tomakomai,JP,42.63694,141.60333,Asia/Tokyo,174806
Tambaram,Tambaram,IN,12.9246,80.12707,Asia/Kolkata,174787
San Miguel de Allende,San Miguel de Allende,MX,20.91528,-100.74389,America/Mexico_City,174615
Cianjur,Cianjur,ID,-6.82222,107.13944,Asia/Jakarta,174587
Pamulang,Pamulang,ID,-6.34278,106.73833,Asia/Jakarta,174557
Hitachi,Hitachi,JP,36.6,140.65,Asia/Tokyo,174508
Timon,Timon,BR,-5.09417,-42.83667,America/Fortaleza,174465
Bhetia,Bhetia,IN,22.79321,86.14098,Asia/Kolkata,174355
Pathānkot,Pathankot,IN,32.27484,75.65287,Asia/Kolkata,174306
Badlapur,Badlapur,IN,19.15516,73.26553,Asia/Kolkata,174226
Cikupa,Cikupa,ID,-6.23639,106.50833,Asia/Jakarta,174041
Puerto Cabello,Puerto Cabello,VE,10.47306,-68.0125,America/Caracas,174000
Latkrabang,Latkrabang,TH,13.72784,100.74609,Asia/Bangkok,173987
Sakura,Sakura,JP,35.71667,140.23333,Asia/Tokyo,173740
Ube,Ube,JP,33.94306,131.25111,Asia/Tokyo,173733
Daule,Daule,EC,-1.86032,-79.97683,America/Guayaquil,173684
Bayjī,Bayji,IQ,34.92915,43.48878,Asia/Baghdad,173677
Cuddalore,Cuddalore,IN,11.75617,79.76693,Asia/Kolkata,173636
Santander,Santander,ES,43.46589,-3.80493,Europe/Madrid,173635
Tlemcen,Tlemcen,DZ,34.87833,-1.315,Africa/Algiers,173531
Shimla,Shimla,IN,31.10442,77.16662,Asia/Kolkata,173503
Shāhīn Shahr,Shahin Shahr,IR,32.85788,51.5529,Asia/Tehran,173329
Croydon,Croydon,GB,51.38333,-0.1,Europe/London,173314
Myeik,Myeik,MM,12.43954,98.60028,Asia/Yangon,173298
East New York,East New York,US,40.66677,-73.88236,America/New_York,173198
Khān Yūnis,Khan Yunis,PS,31.34018,34.30627,Asia/Gaza,173183
Dharān,Dharan,NP,26.81436,87.27972,Asia/Kathmandu,173096
Mülheim,Muelheim,DE,51.43218,6.87967,Europe/Berlin,173050
Albacete,Albacete,ES,38.99424,-1.85643,Europe/Madrid,173050
Bata,Bata,GQ,1.86391,9.76582,Africa/Malabo,173046
Kamakura,Kamakura,JP,35.31085,139.54698,Asia/Tokyo,172929
Chicoloapan,Chicoloapan,MX,19.41687,-98.90202,America/Mexico_City,172919
Gadag-Betageri,Gadag-Betageri,IN,15.4167,75.6167,Asia/Kolkata,172813
Licheng,Licheng,CN,23.29549,113.82465,Asia/Shanghai,172775
Izumo,Izumo,JP,35.36667,132.76667,Asia/Tokyo,172775
Gadag,Gadag,IN,15.42977,75.62971,Asia/Kolkata,172612
Ongata Rongai,Ongata Rongai,KE,-1.3953,36.764,Africa/Nairobi,172569
Lang'ata,Lang'ata,KE,-1.3666,36.73324,Africa/Nairobi,172569
Tunja,Tunja,CO,5.54481,-73.35756,America/Bogota,172548
Quillacollo,Quillacollo,BO,-17.39228,-66.27838,America/La_Paz,172405
Alcorcón,Alcorcon,ES,40.34582,-3.82487,Europe/Madrid,172384
Gisenyi,Gisenyi,RW,-1.70278,29.25639,Africa/Kigali,172357
Isparta,Isparta,TR,37.76444,30.55222,Europe/Istanbul,172334
Warrington,Warrington,GB,53.39254,-2.58024,Europe/London,172330
Klaipėda,Klaipeda,LT,55.7068,21.13912,Europe/Vilnius,172292
Walsall,Walsall,GB,52.58528,-1.98396,Europe/London,172141
Herne,Herne,DE,51.5388,7.22572,Europe/Berlin,172108
Lyublino,Lyublino,RU,55.67738,37.76005,Europe/Moscow,172000
Mansfield,Mansfield,GB,53.13333,-1.2,Europe/London,171958
Reggio nell'Emilia,Reggio nell'Emilia,IT,44.69825,10.63125,Europe/Rome,171944
Castelló de la Plana,Castello de la Plana,ES,39.98567,-0.04935,Europe/Madrid,171857
Kēng Tung,Keng Tung,MM,21.63093,99.92676,Asia/Yangon,171620
Sioux Falls,Sioux Falls,US,43.54369,-96.72796,America/Chicago,171544
Prizren,Prizren,XK,42.21389,20.73972,Europe/Belgrade,171464
Dongling,Dongling,CN,41.81444,123.57583,Asia/Shanghai,171454
Ungaran,Ungaran,ID,-7.13972,110.405,Asia/Jakarta,171378
Urayasu,Urayasu,JP,35.65879,139.90055,Asia/Tokyo,171362
Baranovichi,Baranovichi,BY,53.13253,26.00774,Europe/Minsk,171361
Long Khánh,Long Khanh,VN,10.92655,107.24783,Asia/Ho_Chi_Minh,171276
Dagupan,Dagupan,PH,16.04313,120.33325,Asia/Manila,171271
Ontario,Ontario,US,34.06334,-117.65089,America/Los_Angeles,171214
Watthana,Watthana,TH,13.72978,100.58536,Asia/Bangkok,171150
Verāval,Veraval,IN,20.9077,70.36786,Asia/Kolkata,171121
Navsari,Navsari,IN,20.94237,72.92467,Asia/Kolkata,171109
Imabari,Imabari,JP,34.07001,133.00023,Asia/Tokyo,170986
Mansa,Mansa,ZM,-11.19976,28.89431,Africa/Lusaka,170965
Fort Collins,Fort Collins,US,40.58526,-105.08442,America/Denver,170924
Bảo Lộc,Bao Loc,VN,11.54798,107.80772,Asia/Ho_Chi_Minh,170920
Kulim,Kulim,MY,5.36499,100.56177,Asia/Kuala_Lumpur,170889
Oshodi,Oshodi,NG,6.55504,3.34363,Africa/Lagos,170870
Ramat Gan,Ramat Gan,IL,32.08227,34.81065,Asia/Jerusalem,170822
Bahadurgarh,Bahadurgarh,IN,28.69287,76.93555,Asia/Kolkata,170767
Haldia,Haldia,IN,22.06046,88.10975,Asia/Kolkata,170695
Temirtau,Temirtau,KZ,50.05197,72.95497,Asia/Almaty,170600
East Helsinki,East Helsinki,FI,60.21043,25.08289,Europe/Helsinki,170557
Ibirité,Ibirite,BR,-20.02194,-44.05889,America/Sao_Paulo,170537
Carolina,Carolina,PR,18.38078,-65.95739,America/Puerto_Rico,170404
Rāiganj,Raiganj,IN,25.61281,88.12449,Asia/Kolkata,170252
Malāyer,Malayer,IR,34.30158,48.82166,Asia/Tehran,170237
Springfield,Springfield,US,37.21533,-93.29824,America/Chicago,170188
Sunderland,Sunderland,GB,54.90465,-1.38222,Europe/London,170134
Takaoka,Takaoka,JP,36.75,137.01667,Asia/Tokyo,170077
Malda,Malda,IN,25.00447,88.14573,Asia/Kolkata,170039
Guadalupe,Guadalupe,MX,22.74678,-102.5188,America/Mexico_City,170029
Araçatuba,Aracatuba,BR,-21.20889,-50.43278,America/Sao_Paulo,170024
Nishio,Nishio,JP,34.86667,137.05,Asia/Tokyo,169984
San Luis,San Luis,AR,-33.2914,-66.32467,America/Argentina/San_Luis,169947
Ouargla,Ouargla,DZ,31.94932,5.32502,Africa/Algiers,169928
Olsztyn,Olsztyn,PL,53.78376,20.49272,Europe/Warsaw,169793
Kipushi,Kipushi,CD,-11.76097,27.25135,Africa/Lubumbashi,169635
Yuen Long Kau Hui,Yuen Long Kau Hui,HK,22.44831,114.03199,Asia/Hong_Kong,169600
Laiyang,Laiyang,CN,36.97583,120.71361,Asia/Shanghai,169594
Jaunpur,Jaunpur,IN,25.75356,82.68689,Asia/Kolkata,169572
Khlong Sam Wa,Khlong Sam Wa,TH,13.87139,100.73719,Asia/Bangkok,169489
Harburg,Harburg,DE,53.46057,9.98388,Europe/Berlin,169221
Chūō,Chuo,JP,35.67004,139.77544,Asia/Tokyo,169179
Mufulira,Mufulira,ZM,-12.54982,28.24071,Africa/Lusaka,169136
Deoli,Deoli,IN,28.50254,77.23117,Asia/Kolkata,169122
Jaffna,Jaffna,LK,9.66845,80.00742,Asia/Colombo,169102
Arad,Arad,RO,46.18333,21.31667,Europe/Bucharest,169065
Chetumal,Chetumal,MX,18.51957,-88.30397,America/Cancun,169028
Bharūch,Bharuch,IN,21.69482,72.9805,Asia/Kolkata,169007
Gurúè,Gurue,MZ,-15.46694,36.97778,Africa/Maputo,168971
San Miguel,San Miguel,AR,-34.54335,-58.71229,America/Argentina/Buenos_Aires,168762
Hirosaki,Hirosaki,JP,40.59306,140.4725,Asia/Tokyo,168739
Pilsen,Pilsen,CZ,49.74747,13.37759,Europe/Prague,168733
Chalco,Chalco,MX,19.26174,-98.89775,America/Mexico_City,168720
Toulon,Toulon,FR,43.12442,5.92836,Europe/Paris,168701
Vila Andrade,Vila Andrade,BR,-23.62623,-46.72828,America/Sao_Paulo,168669
Hoshiārpur,Hoshiarpur,IN,31.53723,75.91269,Asia/Kolkata,168653
Poços de Caldas,Pocos de Caldas,BR,-21.78778,-46.56139,America/Sao_Paulo,168641
Calabozo,Calabozo,VE,8.92416,-67.42929,America/Caracas,168605
Jabālyā,Jabalya,PS,31.5272,34.48347,Asia/Gaza,168568
Cuauhtémoc,Cuauhtemoc,MX,28.4063,-106.86667,America/Chihuahua,168482
Araraquara,Araraquara,BR,-21.79444,-48.17556,America/Sao_Paulo,168468
Yopal,Yopal,CO,5.33573,-72.3939,America/Bogota,168433
Ituzaingó,Ituzaingo,AR,-27.58504,-56.68707,America/Argentina/Cordoba,168419
Florencia,Florencia,CO,1.61549,-75.60412,America/Bogota,168346
Porto Seguro,Porto Seguro,BR,-16.44972,-39.06472,America/Bahia,168326
Tây Hồ,Tay Ho,VN,21.06895,105.81053,Asia/Bangkok,168300
Moratuwa,Moratuwa,LK,6.773,79.8816,Asia/Colombo,168280
Angers,Angers,FR,47.47156,-0.55202,Europe/Paris,168279
Ilford,Ilford,GB,51.55765,0.07278,Europe/London,168168
Rio das Ostras,Rio das Ostras,BR,-22.52694,-41.945,America/Sao_Paulo,168099
Horta-Guinardó,Horta-Guinardo,ES,41.41849,2.1677,Europe/Madrid,168092
Pátra,Patra,GR,38.2462,21.73508,Europe/Athens,168034
Rutchenkivskyi,Rutchenkivskyi,UA,47.97597,37.69677,Europe/Kyiv,168029
Đồng Xoài,GJong Xoai,VN,11.53495,106.88324,Asia/Ho_Chi_Minh,168000
Jamālpur,Jamalpur,BD,24.91965,89.94812,Asia/Dhaka,167900
Kushiro,Kushiro,JP,42.975,144.37472,Asia/Tokyo,167875
Berezniki,Berezniki,RU,59.4091,56.8204,Asia/Yekaterinburg,167748
Awka,Awka,NG,6.21269,7.07199,Africa/Lagos,167738
Volgodonsk,Volgodonsk,RU,47.51141,42.15269,Europe/Moscow,167731
Hollywood,Hollywood,US,34.09834,-118.32674,America/Los_Angeles,167664
Oyama,Oyama,JP,36.3,139.8,Asia/Tokyo,167647
Ijero-Ekiti,Ijero-Ekiti,NG,7.81514,5.06716,Africa/Lagos,167632
Jīnd,Jind,IN,29.31577,76.31502,Asia/Kolkata,167592
Miass,Miass,RU,55.04552,60.10756,Asia/Yekaterinburg,167500
Fortechnyi,Fortechnyi,UA,48.49865,32.25365,Europe/Kyiv,167451
Tuguegarao,Tuguegarao,PH,17.61577,121.72285,Asia/Manila,167297
Carúpano,Carupano,VE,10.66516,-63.25387,America/Caracas,167187
Kumbakonam,Kumbakonam,IN,10.96209,79.39124,Asia/Kolkata,167155
Plumbon,Plumbon,ID,-6.705,108.47278,Asia/Jakarta,167105
Darmstadt,Darmstadt,DE,49.87167,8.65027,Europe/Berlin,167029
Mary,Mary,TM,37.59378,61.83031,Asia/Ashgabat,167027
Novocherkassk,Novocherkassk,RU,47.4222,40.09373,Europe/Moscow,166974
Elk Grove,Elk Grove,US,38.4088,-121.37162,America/Los_Angeles,166913
Mohali,Mohali,IN,30.67995,76.72211,Asia/Kolkata,166864
Linhares,Linhares,BR,-19.39111,-40.07222,America/Sao_Paulo,166786
Sampit,Sampit,ID,-2.5315,112.9496,Asia/Pontianak,166773
Clarksville,Clarksville,US,36.52977,-87.35945,America/Chicago,166722
Wan Chai,Wan Chai,HK,22.28142,114.17258,Asia/Hong_Kong,166695
Linköping,Linkoeping,SE,58.41086,15.62157,Europe/Stockholm,166673
Iwata,Iwata,JP,34.7,137.85,Asia/Tokyo,166672
Pembroke Pines,Pembroke Pines,US,26.00315,-80.22394,America/New_York,166611
Maicao,Maicao,CO,11.37837,-72.2395,America/Bogota,166603
Obihiro,Obihiro,JP,42.91722,143.20444,Asia/Tokyo,166536
Fatehpur,Fatehpur,IN,25.92774,80.81266,Asia/Kolkata,166480
Osnabrück,Osnabrueck,DE,52.27264,8.0498,Europe/Berlin,166462
Calama,Calama,CL,-22.45667,-68.92371,America/Santiago,166334
Nou Barris,Nou Barris,ES,41.44163,2.17727,Europe/Madrid,166310
Nepalgunj,Nepalgunj,NP,28.05,81.61667,Asia/Kathmandu,166258
Comitán,Comitan,MX,16.24004,-92.13668,America/Merida,166178
Ocumare del Tuy,Ocumare del Tuy,VE,10.1182,-66.77513,America/Caracas,166072
Niiza,Niiza,JP,35.82088,139.55791,Asia/Tokyo,166017
Greater Sudbury,Greater Sudbury,CA,46.49,-80.99001,America/Toronto,166004
Ulanhot,Ulanhot,CN,46.08333,122.08333,Asia/Shanghai,165846
Khobar,Khobar,SA,26.27944,50.20833,Asia/Riyadh,165799
Songcheng,Songcheng,CN,26.88194,120.00111,Asia/Shanghai,165730
Deer Valley,Deer Valley,US,33.68393,-112.13488,America/Phoenix,165656
São Caetano do Sul,Sao Caetano do Sul,BR,-23.62306,-46.55111,America/Sao_Paulo,165655
Sawangan,Sawangan,ID,-6.40278,106.77444,Asia/Jakarta,165631
Bang Khun Thian,Bang Khun Thian,TH,13.66302,100.43416,Asia/Bangkok,165491
Murfreesboro,Murfreesboro,US,35.84562,-86.39027,America/Chicago,165430
Pindamonhangaba,Pindamonhangaba,BR,-22.92389,-45.46167,America/Sao_Paulo,165428
Bushehr,Bushehr,IR,28.96887,50.83657,Asia/Tehran,165377
Pechersk,Pechersk,UA,50.44441,30.52348,Europe/Kyiv,165360
Dar Bouazza,Dar Bouazza,MA,33.51535,-7.81677,Africa/Casablanca,165295
Tonk,Tonk,IN,26.16638,75.78824,Asia/Kolkata,165294
Béchar,Bechar,DZ,31.61667,-2.21667,Africa/Algiers,165241
Tam Kỳ,Tam Ky,VN,15.57364,108.47403,Asia/Ho_Chi_Minh,165240
Gölbaşı,Goelbasi,TR,39.79043,32.80903,Europe/Istanbul,165201
Francisco Morato,Francisco Morato,BR,-23.28167,-46.74528,America/Sao_Paulo,165139
Mu-se,Mu-se,MM,23.99742,97.90109,Asia/Yangon,165022
Udupi,Udupi,IN,13.33467,74.74617,Asia/Kolkata,165000
Banjaran,Banjaran,ID,-7.04528,107.58778,Asia/Jakarta,164952
Thenali,Thenali,IN,16.24253,80.63982,Asia/Kolkata,164937
Mthatha,Mthatha,ZA,-31.58893,28.78443,Africa/Johannesburg,164848
Hengshan,Hengshan,CN,45.20837,130.89808,Asia/Shanghai,164844
Slough,Slough,GB,51.50949,-0.59541,Europe/London,164793
Lages,Lages,BR,-27.81611,-50.32611,America/Sao_Paulo,164676
Neukölln,Neukoelln,DE,52.47719,13.43126,Europe/Berlin,164636
Port Saint Lucie,Port Saint Lucie,US,27.29393,-80.35033,America/New_York,164603
Sītāpur,Sitapur,IN,27.56192,80.68265,Asia/Kolkata,164435
Alandur,Alandur,IN,13.0025,80.20611,Asia/Kolkata,164430
Zenica,Zenica,BA,44.20169,17.90397,Europe/Sarajevo,164423
Lajeado,Lajeado,BR,-23.53361,-46.40866,America/Sao_Paulo,164391
Solingen,Solingen,DE,51.17343,7.0845,Europe/Berlin,164359
Muridke,Muridke,PK,31.80258,74.25772,Asia/Karachi,164246
Ðông Hà,Dong Ha,VN,16.81625,107.10031,Asia/Bangkok,164228
Corona,Corona,US,33.87529,-117.56644,America/Los_Angeles,164226
Ḩawallī,Hawalli,KW,29.33278,48.02861,Asia/Kuwait,164212
Musoma,Musoma,TZ,-1.5,33.8,Africa/Dar_es_Salaam,164172
Inisa,Inisa,NG,7.84855,4.32981,Africa/Lagos,164161
Nazran,Nazran,RU,43.22597,44.77323,Europe/Moscow,164131
Barra Mansa,Barra Mansa,BR,-22.54417,-44.17139,America/Sao_Paulo,164052
Ilagan,Ilagan,PH,17.14854,121.88924,Asia/Manila,164020
Port-Gentil,Port-Gentil,GA,-0.71933,8.78151,Africa/Libreville,164018
Bhadrāvati,Bhadravati,IN,13.84846,75.70502,Asia/Kolkata,163903
Hadano,Hadano,JP,35.37111,139.22361,Asia/Tokyo,163787
Piraeus,Piraeus,GR,37.94203,23.64619,Europe/Athens,163688
Vapi,Vapi,IN,20.37175,72.90493,Asia/Kolkata,163630
Bournemouth,Bournemouth,GB,50.72048,-1.8795,Europe/London,163600
Pedreira,Pedreira,BR,-23.70675,-46.64982,America/Sao_Paulo,163586
Sidon,Sidon,LB,33.55751,35.37148,Asia/Beirut,163554
‘Ibrī,'Ibri,OM,23.22573,56.51572,Asia/Muscat,163473
Jomvu,Jomvu,KE,-3.98623,39.6082,Africa/Nairobi,163415
Garissa,Garissa,KE,-0.45275,39.64601,Africa/Nairobi,163399
Moga,Moga,IN,30.81383,75.16878,Asia/Kolkata,163397
Peterborough,Peterborough,GB,52.57364,-0.24777,Europe/London,163379
Piedecuesta,Piedecuesta,CO,6.98789,-73.04953,America/Bogota,163362
Tongzhou,Tongzhou,CN,39.90395,116.66183,Asia/Shanghai,163326
Ludwigshafen am Rhein,Ludwigshafen am Rhein,DE,49.48121,8.44641,Europe/Berlin,163196
Lat Krabang,Lat Krabang,TH,13.72197,100.78473,Asia/Bangkok,163175
Şalālah,Salalah,OM,17.01505,54.09237,Asia/Muscat,163140
Büyükçekmece,Bueyuekcekmece,TR,41.02072,28.58502,Europe/Istanbul,163140
Rāj-Nāndgaon,Raj-Nandgaon,IN,21.09687,81.0289,Asia/Kolkata,163114
Aydın,Aydin,TR,37.84501,27.83963,Europe/Istanbul,163022
Envigado,Envigado,CO,6.17591,-75.59174,America/Bogota,163007
Al-Junaynah,Al-Junaynah,SD,13.45262,22.44725,Africa/Khartoum,162981
Anbu,Anbu,CN,23.44895,116.68092,Asia/Shanghai,162964
McKinney,McKinney,US,33.19762,-96.61527,America/Chicago,162898
Mostaganem,Mostaganem,DZ,35.93115,0.08918,Africa/Algiers,162885
Chirchiq,Chirchiq,UZ,41.46889,69.58222,Asia/Tashkent,162800
Bandar-e Māhshahr,Bandar-e Mahshahr,IR,30.55655,49.18852,Asia/Tehran,162797
Floridsdorf,Floridsdorf,AT,48.25,16.4,Europe/Vienna,162779
Leverkusen,Leverkusen,DE,51.0303,6.98432,Europe/Berlin,162738
Pandi,Pandi,PH,14.865,120.95722,Asia/Manila,162725
Capas,Capas,PH,15.33117,120.5898,Asia/Manila,162724
Ning’er,Ning'er,CN,23.04053,101.03683,Asia/Shanghai,162711
Haarlem,Haarlem,NL,52.38084,4.63683,Europe/Amsterdam,162543
Mahābād,Mahabad,IR,36.7631,45.7222,Asia/Tehran,162434
Arnhem,Arnhem,NL,51.98,5.91111,Europe/Amsterdam,162424
Nkongsamba,Nkongsamba,CM,4.9547,9.9404,Africa/Douala,162309
El Vigía,El Vigia,VE,8.6135,-71.65702,America/Caracas,162289
Robertsonpet,Robertsonpet,IN,12.95629,78.27539,Asia/Kolkata,162230
Dourados,Dourados,BR,-22.22111,-54.80556,America/Campo_Grande,162202
Kitale,Kitale,KE,1.01572,35.00622,Africa/Nairobi,162174
Suleja,Suleja,NG,9.18059,7.17939,Africa/Lagos,162135
Taza,Taza,MA,34.21,-4.01,Africa/Casablanca,162110
Oxford,Oxford,GB,51.75222,-1.25596,Europe/London,162100
Al Maţarīyah,Al Matariyah,EG,31.18287,32.03108,Africa/Cairo,162045
Criciúma,Criciuma,BR,-28.6775,-49.36972,America/Sao_Paulo,161954
Kunduz,Kunduz,AF,36.72895,68.857,Asia/Kabul,161902
Fengcheng,Fengcheng,CN,34.70388,116.58717,Asia/Shanghai,161850
Trảng Bàng,Trang Bang,VN,11.02987,106.35751,Asia/Ho_Chi_Minh,161831
Unnāo,Unnao,IN,26.54706,80.48781,Asia/Kolkata,161671
Hortaleza,Hortaleza,ES,40.47444,-3.6411,Europe/Madrid,161661
N'dalatando,N'dalatando,AO,-9.29782,14.91162,Africa/Luanda,161584
Budaun,Budaun,IN,28.03811,79.12668,Asia/Kolkata,161555
Ōgaki,Ogaki,JP,35.35,136.61667,Asia/Tokyo,161539
Newport,Newport,GB,51.58774,-2.99835,Europe/London,161506
Bima,Bima,ID,-8.46006,118.72667,Asia/Makassar,161362
Coquimbo,Coquimbo,CL,-29.95332,-71.33947,America/Santiago,161317
Baubau,Baubau,ID,-5.4633,122.6024,Asia/Makassar,161280
Đưc Trọng,GJuc Trong,VN,11.73559,108.3733,Asia/Ho_Chi_Minh,161232
KwaDukuza,KwaDukuza,ZA,-29.32816,31.28954,Africa/Johannesburg,161177
Miyakonojō,Miyakonojo,JP,31.73333,131.06667,Asia/Tokyo,161137
Madhyamgram,Madhyamgram,IN,22.68944,88.44594,Asia/Kolkata,161126
Lancaster,Lancaster,US,34.69804,-118.13674,America/Los_Angeles,161103
Rubtsovsk,Rubtsovsk,RU,51.51473,81.20613,Asia/Barnaul,161065
Tacheng,Tacheng,CN,46.74535,82.95847,Asia/Urumqi,161037
Kindia,Kindia,GN,10.05692,-12.86576,Africa/Conakry,161024
Tauranga,Tauranga,NZ,-37.68611,176.16667,Pacific/Auckland,161000
Kalemie,Kalemie,CD,-5.94749,29.19471,Africa/Lubumbashi,160961
Chatuchak,Chatuchak,TH,13.82895,100.55931,Asia/Bangkok,160906
San Juan de los Morros,San Juan de los Morros,VE,9.91246,-67.35398,America/Caracas,160868
Sayama,Sayama,JP,35.85295,139.41212,Asia/Tokyo,160843
Sullana,Sullana,PE,-4.90389,-80.68528,America/Lima,160789
's-Hertogenbosch,'s-Hertogenbosch,NL,51.69917,5.30417,Europe/Amsterdam,160783
Szeged,Szeged,HU,46.253,20.14824,Europe/Budapest,160766
Malakal,Malakal,SS,9.53342,31.66049,Africa/Juba,160765
Chittoor,Chittoor,IN,13.21055,79.0956,Asia/Kolkata,160722
Salamanca,Salamanca,MX,20.56979,-101.1977,America/Mexico_City,160682
Ban Khlong Prawet,Ban Khlong Prawet,TH,13.71904,100.68146,Asia/Bangkok,160671
La Gi,La Gi,VN,10.65993,107.77206,Asia/Ho_Chi_Minh,160652
Anderlecht,Anderlecht,BE,50.83619,4.31454,Europe/Brussels,160553
Mytishchi,Mytishchi,RU,55.91099,37.72964,Europe/Moscow,160542
Delegación Cuajimalpa de Morelos,Delegacion Cuajimalpa de Morelos,MX,19.3692,-99.29089,America/Mexico_City,160491
Hebron,Hebron,PS,31.52935,35.0938,Asia/Hebron,160470
Mejicanos,Mejicanos,SV,13.72397,-89.188,America/El_Salvador,160317
Trà Vinh,Tra Vinh,VN,9.94719,106.34225,Asia/Ho_Chi_Minh,160310
Parepare,Parepare,ID,-4.0135,119.6255,Asia/Makassar,160309
Jāmuria,Jamuria,IN,23.70468,87.07872,Asia/Kolkata,160242
Koudougou,Koudougou,BF,12.25188,-2.36694,Africa/Ouagadougou,160239
Chapecó,Chapeco,BR,-27.09639,-52.61833,America/Sao_Paulo,160157
Nyzhnodniprovsk,Nyzhnodniprovsk,UA,48.47546,35.1167,Europe/Kyiv,160123
Taunggyi,Taunggyi,MM,20.78919,97.03776,Asia/Yangon,160115
Dhamār,Dhamar,YE,14.54274,44.40514,Asia/Aden,160114
Dubai Investments Park,Dubai Investments Park,AE,25.00827,55.15682,Asia/Dubai,160000
Ash Sharqāt,Ash Sharqat,IQ,35.51722,43.22806,Asia/Baghdad,160000
Dijon,Dijon,FR,47.31344,5.01391,Europe/Paris,159941
Salavat,Salavat,RU,53.3828,55.91094,Asia/Yekaterinburg,159893
Ede,Ede,NG,7.73635,4.43536,Africa/Lagos,159866
Manzanillo,Manzanillo,MX,19.11695,-104.34214,America/Mexico_City,159853
Jalapa,Jalapa,GT,14.63542,-89.99112,America/Guatemala,159840
Paech’ŏn-ŭp,Paech'on-up,KP,37.99306,126.30139,Asia/Pyongyang,159825
Cary,Cary,US,35.79154,-78.78112,America/New_York,159769
Barreiras,Barreiras,BR,-12.15278,-44.99,America/Bahia,159734
Skudai,Skudai,MY,1.53741,103.65779,Asia/Kuala_Lumpur,159733
Tahoua,Tahoua,NE,14.8888,5.2692,Africa/Niamey,159468
Alexandria,Alexandria,US,38.80484,-77.04692,America/New_York,159467
Tuxtepec,Tuxtepec,MX,18.0883,-96.12535,America/Mexico_City,159452
Puthia,Puthia,BD,24.36537,88.83431,Asia/Dhaka,159406
Newton,Newton,CA,49.13333,-122.85,America/Vancouver,159390
Paris 16 Passy,Paris 16 Passy,FR,48.8637,2.2769,Europe/Paris,159386
Zhicheng,Zhicheng,CN,30.29556,111.50472,Asia/Shanghai,159383
Ang Mo Kio New Town,Ang Mo Kio New Town,SG,1.38028,103.83972,Asia/Singapore,159340
Limuru,Limuru,KE,-1.1136,36.64205,Africa/Nairobi,159314
San Miguel del Padrón,San Miguel del Padron,CU,23.09544,-82.32669,America/Havana,159273
Tarija,Tarija,BO,-21.53549,-64.72956,America/La_Paz,159269
Patos de Minas,Patos de Minas,BR,-18.57889,-46.51806,America/Sao_Paulo,159235
Oldenburg,Oldenburg,DE,53.14039,8.21479,Europe/Berlin,159218
Paris 17 Batignolles-Monceau,Paris 17 Batignolles-Monceau,FR,48.8835,2.3219,Europe/Paris,159212
Matsusaka,Matsusaka,JP,34.57895,136.53706,Asia/Tokyo,159145
Catamarca,Catamarca,AR,-28.46957,-65.78524,America/Argentina/Catamarca,159139
Tochigi,Tochigi,JP,36.38333,139.73333,Asia/Tokyo,159056
Khoroshëvo-Mnevniki,Khoroshevo-Mnevniki,RU,55.78363,37.47137,Europe/Moscow,159000
Bibirevo,Bibirevo,RU,55.88333,37.6,Europe/Moscow,159000
Bordj Bou Arreridj,Bordj Bou Arreridj,DZ,36.07389,4.76139,Africa/Algiers,158812
Dīla,Dila,ET,6.41667,38.31667,Africa/Addis_Ababa,158800
Jaigaon,Jaigaon,IN,26.84766,89.37558,Asia/Kolkata,158664
Batāla,Batala,IN,31.80921,75.20294,Asia/Kolkata,158621
Grenoble,Grenoble,FR,45.17869,5.71479,Europe/Paris,158552
Itapecerica da Serra,Itapecerica da Serra,BR,-23.71694,-46.84917,America/Sao_Paulo,158522
Sāmarrā’,Samarra',IQ,34.1959,43.88568,Asia/Baghdad,158508
Tempe Junction,Tempe Junction,US,33.41421,-111.94348,America/Phoenix,158368
Palmdale,Palmdale,US,34.57943,-118.11646,America/Los_Angeles,158351
George Town,George Town,MY,5.41123,100.33543,Asia/Kuala_Lumpur,158336
El Achir,El Achir,DZ,36.06386,4.62744,Africa/Algiers,158333
Hayward,Hayward,US,37.66882,-122.0808,America/Los_Angeles,158289
Orai,Orai,IN,25.99023,79.45334,Asia/Kolkata,158265
Thốt Nốt,Thot Not,VN,10.27213,105.5338,Asia/Ho_Chi_Minh,158225
Gweru,Gweru,ZW,-19.45,29.81667,Africa/Harare,158200
Abaetetuba,Abaetetuba,BR,-1.71806,-48.8825,America/Belem,158188
Centro Habana,Centro Habana,CU,23.13833,-82.36417,America/Havana,158151
Panguíla,Panguila,AO,-8.69335,13.44914,Africa/Luanda,158068
Bukit Batok New Town,Bukit Batok New Town,SG,1.35903,103.76368,Asia/Singapore,158030
Chom Thong,Chom Thong,TH,13.67717,100.48407,Asia/Bangkok,158005
Gol’yanovo,Gol'yanovo,RU,55.82299,37.81306,Europe/Moscow,158000
Sunggal,Sunggal,ID,3.5765,98.6151,Asia/Jakarta,157914
Admiralteisky,Admiralteisky,RU,59.923,30.3,Europe/Moscow,157897
Itapetininga,Itapetininga,BR,-23.59167,-48.05306,America/Sao_Paulo,157790
Diourbel,Diourbel,SN,14.64792,-16.24363,Africa/Dakar,157554
Ueda,Ueda,JP,36.40265,138.28161,Asia/Tokyo,157480
Aberdeen,Aberdeen,HK,22.24802,114.15289,Asia/Hong_Kong,157400
Avtozavodskyi,Avtozavodskyi,UA,49.09753,33.43206,Europe/Kyiv,157382
Salinas,Salinas,US,36.67774,-121.6555,America/Los_Angeles,157380
San Blas-Canillejas,San Blas-Canillejas,ES,40.43893,-3.61537,Europe/Madrid,157367
Cuautla,Cuautla,MX,18.8106,-98.93525,America/Mexico_City,157336
Salzburg,Salzburg,AT,47.79941,13.04399,Europe/Vienna,157245
Perbaungan,Perbaungan,ID,3.5679,98.956,Asia/Jakarta,157174
Nong Chok,Nong Chok,TH,13.85585,100.86216,Asia/Bangkok,157138
Ussuriysk,Ussuriysk,RU,43.80467,131.95734,Asia/Vladivostok,157068
Arif Wala,Arif Wala,PK,26.32478,66.29587,Asia/Karachi,157063
Nanpiao,Nanpiao,CN,41.09822,120.74792,Asia/Shanghai,157044
Livorno,Livorno,IT,43.54427,10.32615,Europe/Rome,157017
Río Cuarto,Rio Cuarto,AR,-33.13044,-64.35272,America/Argentina/Cordoba,157010
Harar,Harar,ET,9.31387,42.11815,Africa/Addis_Ababa,157000
Tiraspol,Tiraspol,MD,46.84275,29.6284,Europe/Chisinau,157000
Caxias,Caxias,BR,-4.85889,-43.35611,America/Fortaleza,156973
Enfield Town,Enfield Town,GB,51.65147,-0.08497,Europe/London,156858
Westonaria,Westonaria,ZA,-26.31905,27.6486,Africa/Johannesburg,156831
Lizhi,Lizhi,CN,29.70317,107.39521,Asia/Shanghai,156753
Hitachi-Naka,Hitachi-Naka,JP,36.39659,140.53479,Asia/Tokyo,156581
Saharsa,Saharsa,IN,25.87498,86.59611,Asia/Kolkata,156540
Qalyub,Qalyub,EG,30.17922,31.2056,Africa/Cairo,156363
Escuintla,Escuintla,GT,14.30097,-90.78816,America/Guatemala,156313
Marbella,Marbella,ES,36.51543,-4.88583,Europe/Madrid,156295
Batu Pahat,Batu Pahat,MY,1.8548,102.9325,Asia/Kuala_Lumpur,156236
Sitiawan,Sitiawan,MY,4.2168,100.6996,Asia/Kuala_Lumpur,156234
Mariveles,Mariveles,PH,14.43385,120.48569,Asia/Manila,156200
San Pablo de las Salinas,San Pablo de las Salinas,MX,19.66658,-99.09477,America/Mexico_City,156191
Lampang,Lampang,TH,18.29232,99.49277,Asia/Bangkok,156139
York,York,GB,53.95763,-1.08271,Europe/London,156135
Bạc Liêu,Bac Lieu,VN,9.29414,105.72776,Asia/Ho_Chi_Minh,156110
Juja,Juja,KE,-1.10148,37.0132,Africa/Nairobi,156041
Nek’emtē,Nek'emte,ET,9.08333,36.55,Africa/Addis_Ababa,156000
Fès al Bali,Fes al Bali,MA,34.0701,-4.95473,Africa/Casablanca,156000
Örebro,OErebro,SE,59.27412,15.2066,Europe/Stockholm,155989
Al Miqdādīyah,Al Miqdadiyah,IQ,33.97861,44.93694,Asia/Baghdad,155968
Katsuta,Katsuta,JP,36.38333,140.53333,Asia/Tokyo,155968
Malabo,Malabo,GQ,3.75578,8.78166,Africa/Malabo,155963
Vidisha,Vidisha,IN,23.52604,77.81092,Asia/Kolkata,155951
Tuy Hòa,Tuy Hoa,VN,13.09546,109.32094,Asia/Ho_Chi_Minh,155921
Yizhou,Yizhou,CN,24.5,108.66667,Asia/Shanghai,155872
Sunnyvale,Sunnyvale,US,37.36883,-122.03635,America/Los_Angeles,155805
Tema,Tema,GH,5.6698,-0.01657,Africa/Accra,155782
Camaragibe,Camaragibe,BR,-8.02167,-34.98111,America/Recife,155771
Yichun,Yichun,CN,47.72143,128.87529,Asia/Shanghai,155762
Đức Phổ,GJuc Pho,VN,14.81355,108.95931,Asia/Ho_Chi_Minh,155743
San Martin Texmelucan de Labastida,San Martin Texmelucan de Labastida,MX,19.28431,-98.43885,America/Mexico_City,155738
Itajaí,Itajai,BR,-26.90778,-48.66194,America/Sao_Paulo,155716
Ar Ramthā,Ar Ramtha,JO,32.55873,36.00816,Asia/Amman,155693
Hanumāngarh,Hanumangarh,IN,29.58182,74.32938,Asia/Kolkata,155687
São Mateus,Sao Mateus,BR,-23.60583,-46.47889,America/Sao_Paulo,155682
Zemun,Zemun,RS,44.8458,20.40116,Europe/Belgrade,155591
Telford,Telford,GB,52.67659,-2.44926,Europe/London,155570
Kisi,Kisi,NG,9.08297,3.85196,Africa/Lagos,155510
Ilhéus,Ilheus,BR,-14.79909,-39.03228,America/Bahia,155499
Villa Canales,Villa Canales,GT,14.48285,-90.53425,America/Guatemala,155423
Guyong,Guyong,PH,14.8361,120.97844,Asia/Manila,155391
Settat,Settat,MA,33.00103,-7.61662,Africa/Casablanca,155333
Port Louis,Port Louis,MU,-20.16194,57.49889,Indian/Mauritius,155226
Kawanishi,Kawanishi,JP,34.81667,135.41667,Asia/Tokyo,155165
Thānesar,Thanesar,IN,29.97323,76.83214,Asia/Kolkata,155152
Al Ḩawāmidīyah,Al Hawamidiyah,EG,29.9,31.25,Africa/Cairo,155055
Hassan,Hassan,IN,13.00715,76.0962,Asia/Kolkata,155006
Lianghu,Lianghu,CN,29.99152,120.89845,Asia/Shanghai,155000
Tetuán de las Victorias,Tetuan de las Victorias,ES,40.45975,-3.6975,Europe/Madrid,155000
Kishangarh,Kishangarh,IN,26.59006,74.85397,Asia/Kolkata,154886
Birendranagar,Birendranagar,NP,28.59669,81.61658,Asia/Kathmandu,154886
Dalūpura,Dalupura,IN,28.6057,77.31901,Asia/Kolkata,154791
Guangshui,Guangshui,CN,31.6199,113.9978,Asia/Shanghai,154771
Saint-Denis,Saint-Denis,RE,-20.88231,55.4504,Indian/Reunion,154765
Brăila,Braila,RO,45.27152,27.97429,Europe/Bucharest,154686
Lyubertsy,Lyubertsy,RU,55.67719,37.89322,Europe/Moscow,154650
Bumba,Bumba,CD,2.18771,22.46827,Africa/Kinshasa,154586
Rudrapur,Rudrapur,IN,28.98,79.4,Asia/Kolkata,154554
La Serena,La Serena,CL,-29.90591,-71.25014,America/Santiago,154521
Miskolc,Miskolc,HU,48.10327,20.77806,Europe/Budapest,154521
Abū Kabīr,Abu Kabir,EG,30.72508,31.67148,Africa/Cairo,154466
Fu’an,Fu'an,CN,27.09131,119.64446,Asia/Shanghai,154439
Kitengela,Kitengela,KE,-1.47612,36.96144,Africa/Nairobi,154436
Frisco,Frisco,US,33.15067,-96.82361,America/Chicago,154407
Zhaodong,Zhaodong,CN,46.05223,125.9552,Asia/Shanghai,154406
Wujiaqu,Wujiaqu,CN,44.16279,87.52174,Asia/Urumqi,154400
Shomolu,Shomolu,NG,6.53891,3.3742,Africa/Lagos,154390
Janzūr,Janzur,LY,32.81868,13.01727,Africa/Tripoli,154389
Xai-Xai,Xai-Xai,MZ,-25.05194,33.64417,Africa/Maputo,154356
Springfield,Springfield,US,42.10148,-72.58981,America/New_York,154341
Nalgonda,Nalgonda,IN,17.05439,79.26707,Asia/Kolkata,154326
Katabi,Katabi,UG,0.08411,32.46972,Africa/Kampala,154300
Gwangyang,Gwangyang,KR,34.9414,127.69569,Asia/Seoul,154266
Kovrov,Kovrov,RU,56.35752,41.31893,Europe/Moscow,154224
Viranşehir,Viransehir,TR,37.22349,39.75519,Europe/Istanbul,154163
Noda,Noda,JP,35.94897,139.86793,Asia/Tokyo,154114
Santana de Parnaíba,Santana de Parnaiba,BR,-23.44417,-46.91778,America/Sao_Paulo,154105
San Cristóbal,San Cristobal,DO,18.41713,-70.10682,America/Santo_Domingo,154040
East Chattanooga,East Chattanooga,US,35.06535,-85.24912,America/New_York,154024
Limassol,Limassol,CY,34.68406,33.03794,Asia/Nicosia,154000
Kariya,Kariya,JP,34.98333,136.98333,Asia/Tokyo,153834
Pasadena,Pasadena,US,29.69106,-95.2091,America/Chicago,153784
Mīt Ghamr,Mit Ghamr,EG,30.71524,31.2592,Africa/Cairo,153754
Sanshui,Sanshui,CN,23.15486,112.89161,Asia/Shanghai,153714
Jackson,Jackson,US,32.29876,-90.18481,America/Chicago,153701
Parelheiros,Parelheiros,BR,-23.8275,-46.72694,America/Sao_Paulo,153695
Mogi Guaçu,Mogi Guacu,BR,-22.3677,-46.94552,America/Sao_Paulo,153658
Enschede,Enschede,NL,52.21833,6.89583,Europe/Amsterdam,153655
Boshan,Boshan,CN,36.48333,117.83333,Asia/Shanghai,153596
Hazāribāgh,Hazaribagh,IN,23.99241,85.36162,Asia/Kolkata,153595
Yangchun,Yangchun,CN,22.16667,111.78333,Asia/Shanghai,153547
Souk Ahras,Souk Ahras,DZ,36.28639,7.95111,Africa/Algiers,153479
Musanze,Musanze,RW,-1.49984,29.63497,Africa/Kigali,153368
Medinīpur,Medinipur,IN,22.42114,87.32257,Asia/Kolkata,153349
Andong,Andong,KR,36.56636,128.72275,Asia/Seoul,153348
Bālurghāt,Balurghat,IN,25.22099,88.77732,Asia/Kolkata,153279
Pomona,Pomona,US,34.05529,-117.75228,America/Los_Angeles,153266
Valle de La Pascua,Valle de La Pascua,VE,9.21554,-66.00734,America/Caracas,153136
Kreuzberg,Kreuzberg,DE,52.49973,13.40338,Europe/Berlin,153135
Chincha Alta,Chincha Alta,PE,-13.40985,-76.13235,America/Lima,153076
Cairns,Cairns,AU,-16.92366,145.76613,Australia/Brisbane,153075
Fyzābād,Fyzabad,IN,26.77549,82.15018,Asia/Kolkata,153047
Thị Trấn Thuận Châu,Thi Tran Thuan Chau,VN,21.43849,103.69,Asia/Ho_Chi_Minh,153000
Dinapore,Dinapore,IN,25.63705,85.04794,Asia/Kolkata,152940
Dingzhou,Dingzhou,CN,38.51473,114.9868,Asia/Shanghai,152934
Kansas City,Kansas City,US,39.11417,-94.62746,America/Chicago,152933
As Samawah,As Samawah,IQ,31.33198,45.2944,Asia/Baghdad,152890
Porbandar,Porbandar,IN,21.64219,69.60929,Asia/Kolkata,152760
Sinp’o,Sinp'o,KP,40.03971,128.1943,Asia/Pyongyang,152759
Pengpu,Pengpu,CN,31.2855,121.4367,Asia/Shanghai,152725
Washington Heights,Washington Heights,US,40.8501,-73.93541,America/New_York,152613
Lakewood,Lakewood,US,39.70471,-105.08137,America/Denver,152597
Baqubah,Baqubah,IQ,33.75403,44.60518,Asia/Baghdad,152550
Sumayl,Sumayl,IQ,36.85823,42.8482,Asia/Baghdad,152512
Simele,Simele,IQ,36.85833,42.8501,Asia/Baghdad,152512
Neuss,Neuss,DE,51.19807,6.68504,Europe/Berlin,152457
Chenghua,Chenghua,CN,23.46132,116.77007,Asia/Shanghai,152453
Songnim-ni,Songnim-ni,KP,38.76349,125.64096,Asia/Pyongyang,152425
Bānda,Banda,IN,25.47758,80.33491,Asia/Kolkata,152218
Pouso Alegre,Pouso Alegre,BR,-22.23,-45.93639,America/Sao_Paulo,152217
Cần Giuộc,Can Giuoc,VN,10.60857,106.67135,Asia/Ho_Chi_Minh,152200
Balvanera,Balvanera,AR,-34.61032,-58.39766,America/Argentina/Buenos_Aires,152198
Longfeng,Longfeng,CN,46.53168,125.1038,Asia/Shanghai,152074
Beining,Beining,CN,41.59556,121.79278,Asia/Shanghai,152033
Strogino,Strogino,RU,55.81838,37.41224,Europe/Moscow,152000
Gonbad-e Kāvūs,Gonbad-e Kavus,IR,37.25004,55.16721,Asia/Tehran,151910
Etwatwa,Etwatwa,ZA,-26.12516,28.45472,Africa/Johannesburg,151866
Higashimurayama,Higashimurayama,JP,35.75459,139.46852,Asia/Tokyo,151815
Hindupur,Hindupur,IN,13.82807,77.49143,Asia/Kolkata,151677
Araucária,Araucaria,BR,-25.59306,-49.41028,America/Sao_Paulo,151666
Bintulu,Bintulu,MY,3.16667,113.03333,Asia/Kuching,151617
Poole,Poole,GB,50.71429,-1.98458,Europe/London,151500
Akhmīm,Akhmim,EG,26.5622,31.74566,Africa/Cairo,151430
Kohat,Kohat,PK,33.58196,71.44929,Asia/Karachi,151427
Regensburg,Regensburg,DE,49.01513,12.10161,Europe/Berlin,151389
Layyah,Layyah,PK,30.96128,70.93904,Asia/Karachi,151274
Girga,Girga,EG,26.33721,31.89295,Africa/Cairo,151256
Koforidua,Koforidua,GH,6.09408,-0.25913,Africa/Accra,151255
Bukit Merah Estate,Bukit Merah Estate,SG,1.28417,103.82306,Asia/Singapore,151250
Saqqez,Saqqez,IR,36.24992,46.2735,Asia/Tehran,151237
Logroño,Logrono,ES,42.46615,-2.45115,Europe/Madrid,151164
Beāwar,Beawar,IN,26.10119,74.32028,Asia/Kolkata,151152
Sykhiv,Sykhiv,UA,49.79427,24.06284,Europe/Kyiv,151131
Garanhuns,Garanhuns,BR,-8.88202,-36.50216,America/Recife,151064
Escondido,Escondido,US,33.11921,-117.08642,America/Los_Angeles,151038
Ṣuwayliḥ,Suwaylih,JO,32.0221,35.84394,Asia/Amman,151016
Erzincan,Erzincan,TR,39.73919,39.49015,Europe/Istanbul,150714
Kırşehir,Kirsehir,TR,39.14583,34.16389,Europe/Istanbul,150700
Zarichnyi,Zarichnyi,UA,50.90376,34.80933,Europe/Kyiv,150694
La Laguna,La Laguna,ES,28.4853,-16.32014,Atlantic/Canary,150661
Kokshetau,Kokshetau,KZ,53.28414,69.39364,Asia/Almaty,150649
Anantnag,Anantnag,IN,33.73068,75.15418,Asia/Kolkata,150592
Kukichūō,Kukichuo,JP,36.06739,139.67498,Asia/Tokyo,150582
Badajoz,Badajoz,ES,38.87789,-6.97061,Europe/Madrid,150530
Serilingampalle,Serilingampalle,IN,17.49313,78.30196,Asia/Kolkata,150525
Malatia-Sebastia,Malatia-Sebastia,AM,40.17396,44.4457,Asia/Yerevan,150500
Talcahuano,Talcahuano,CL,-36.72494,-73.11684,America/Santiago,150499
Chillán,Chillan,CL,-36.60664,-72.10344,America/Santiago,150396
Blitar,Blitar,ID,-8.0983,112.1681,Asia/Jakarta,150371
Kỳ Anh,Ky Anh,VN,18.06243,106.29832,Asia/Bangkok,150226
Nong Khaem,Nong Khaem,TH,13.70594,100.34918,Asia/Bangkok,150218
Piedras Negras,Piedras Negras,MX,28.70007,-100.52353,America/Matamoros,150178
Kızıltepe,Kiziltepe,TR,37.18836,40.57723,Europe/Istanbul,150174
Astoria,Astoria,US,40.77205,-73.93014,America/New_York,150165
Musashino,Musashino,JP,35.70611,139.55944,Asia/Tokyo,150149
Balashikha,Balashikha,RU,55.79479,37.94794,Europe/Moscow,150103
Raigarh,Raigarh,IN,21.89764,83.3966,Asia/Kolkata,150019
Gloucester,Gloucester,CA,45.35,-75.63333,America/Toronto,150012
Vryheid,Vryheid,ZA,-27.76952,30.79165,Africa/Johannesburg,150012
Malkajgiri,Malkajgiri,IN,17.44781,78.52633,Asia/Kolkata,150000
Gimcheon,Gimcheon,KR,36.12176,128.11981,Asia/Seoul,150000
Bercham,Bercham,MY,4.6411,101.1393,Asia/Kuala_Lumpur,150000
Setia Alam,Setia Alam,MY,3.10155,101.45565,Asia/Kuala_Lumpur,150000
Bandar Tasik Puteri,Bandar Tasik Puteri,MY,3.28531,101.4741,Asia/Kuala_Lumpur,150000
Tordher,Tordher,PK,33.99047,72.2863,Asia/Karachi,150000
Zhulebino,Zhulebino,RU,55.7,37.85,Europe/Moscow,150000
Dili,Dili,TL,-8.55861,125.57361,Asia/Dili,150000
Shāntipur,Shantipur,IN,23.24723,88.43302,Asia/Kolkata,149983
Playa del Carmen,Playa del Carmen,MX,20.6274,-87.07987,America/Cancun,149923
Santa Rita,Santa Rita,BR,-7.11389,-34.97806,America/Fortaleza,149910
Split,Split,HR,43.50891,16.43915,Europe/Zagreb,149830
Ursynów,Ursynow,PL,52.15051,21.05041,Europe/Warsaw,149775
Hollywood,Hollywood,US,26.0112,-80.14949,America/New_York,149728
Madrid Centro,Madrid Centro,ES,40.41831,-3.70275,Europe/Madrid,149718
Iguatemi,Iguatemi,BR,-23.61277,-46.42667,America/Sao_Paulo,149700
Shūnan,Shunan,JP,34.08053,131.82564,Asia/Tokyo,149632
Agadez,Agadez,NE,16.97333,7.99111,Africa/Niamey,149549
Burnley,Burnley,GB,53.8,-2.23333,Europe/London,149422
Reẖovot,Rehovot,IL,31.89421,34.81199,Asia/Jerusalem,149392
Watampone,Watampone,ID,-4.5386,120.3279,Asia/Makassar,149336
Sabha,Sabha,LY,27.03766,14.42832,Africa/Tripoli,149329
Disūq,Disuq,EG,31.13259,30.64784,Africa/Cairo,149291
Cagliari,Cagliari,IT,39.23054,9.11917,Europe/Rome,149257
Borough Park,Borough Park,US,40.63399,-73.99681,America/New_York,149248
Harrow,Harrow,GB,51.57835,-0.33208,Europe/London,149246
Berrechid,Berrechid,MA,33.26553,-7.58754,Africa/Casablanca,149201
Queimados,Queimados,BR,-22.71611,-43.55528,America/Sao_Paulo,149093
Tambacounda,Tambacounda,SN,13.77073,-13.66734,Africa/Dakar,149071
Huddersfield,Huddersfield,GB,53.64904,-1.78416,Europe/London,149017
Ārabī,Arabi,ET,9.96278,42.49278,Africa/Addis_Ababa,148933
Kerch,Kerch,UA,45.35675,36.47542,Europe/Simferopol,148932
Saguenay,Saguenay,CA,48.41675,-71.06573,America/Toronto,148886
Prenzlauer Berg,Prenzlauer Berg Bezirk,DE,52.53878,13.42443,Europe/Berlin,148878
Fazenda Rio Grande,Fazenda Rio Grande,BR,-25.6575,-49.30806,America/Sao_Paulo,148873
Komaki,Komaki,JP,35.28333,136.91667,Asia/Tokyo,148872
Marvdasht,Marvdasht,IR,29.87407,52.80258,Asia/Tehran,148858
Melitopol,Melitopol,UA,46.84735,35.38196,Europe/Kyiv,148851
Dunhua,Dunhua,CN,43.36954,128.22861,Asia/Shanghai,148844
Bhuj,Bhuj,IN,23.25397,69.66928,Asia/Kolkata,148834
Arganzuela,Arganzuela,ES,40.40021,-3.69618,Europe/Madrid,148797
Jyväskylä,Jyvaeskylae,FI,62.24147,25.72088,Europe/Helsinki,148744
Yonago,Yonago,JP,35.43333,133.33333,Asia/Tokyo,148720
Ruqi,Ruqi,SO,9.97293,43.4276,Africa/Mogadishu,148702
Rimini,Rimini,IT,44.05755,12.56528,Europe/Rome,148688
Stavanger,Stavanger,NO,58.97005,5.73332,Europe/Oslo,148682
Coquitlam,Coquitlam,CA,49.2846,-122.78217,America/Vancouver,148625
Arar,Arar,SA,30.97531,41.03808,Asia/Riyadh,148540
Valencia,Valencia,US,34.44361,-118.60953,America/Los_Angeles,148456
Tama,Tama,JP,35.6436,139.46844,Asia/Tokyo,148285
Rockford,Rockford,US,42.27113,-89.094,America/Chicago,148278
Kalaban Koro,Kalaban Koro,ML,12.57329,-8.02907,Africa/Bamako,148247
El Limón,El Limon,VE,10.30589,-67.63212,America/Caracas,148247
Nîmes,Nimes,FR,43.83665,4.35788,Europe/Paris,148236
Dundee,Dundee,GB,56.46913,-2.97489,Europe/London,148210
Bārākpur,Barakpur,IN,22.76602,88.36336,Asia/Kolkata,148174
Sao Rafael,Sao Rafael,BR,-23.62821,-46.45395,America/Sao_Paulo,148145
Botucatu,Botucatu,BR,-22.88583,-48.445,America/Sao_Paulo,148130
Sujiatun,Sujiatun,CN,41.65917,123.33917,Asia/Shanghai,148113
Astanajapura,Astanajapura,ID,-6.8017,108.6311,Asia/Jakarta,148047
Ciudad Delicias,Ciudad Delicias,MX,28.19013,-105.47012,America/Chihuahua,148045
Siguiri,Siguiri,GN,11.42282,-9.16852,Africa/Conakry,148018
Mbanza Kongo,Mbanza Kongo,AO,-6.26667,14.23833,Africa/Luanda,148000
East Hampton,East Hampton,US,37.03737,-76.33161,America/New_York,147993
Honggang,Honggang,CN,46.3974,124.88447,Asia/Shanghai,147977
Sarrià-Sant Gervasi,Sarria-Sant Gervasi,ES,41.40104,2.1394,Europe/Madrid,147912
Kiambu,Kiambu,KE,-1.17139,36.83556,Africa/Nairobi,147870
Clermont-Ferrand,Clermont-Ferrand,FR,45.77969,3.08682,Europe/Paris,147865
Joliet,Joliet,US,41.52519,-88.0834,America/Chicago,147861
Barrie,Barrie,CA,44.40011,-79.66634,America/Toronto,147829
Bang Kapi,Bang Kapi,TH,13.7653,100.647,Asia/Bangkok,147800
Savannah,Savannah,US,32.08354,-81.09983,America/New_York,147780
Paterson,Paterson,US,40.91677,-74.17181,America/New_York,147754
Salamanca,Salamanca,ES,40.42972,-3.67975,Europe/Madrid,147707
Kolomna,Kolomna,RU,55.07108,38.78399,Europe/Moscow,147690
Hājīpur,Hajipur,IN,25.68544,85.20981,Asia/Kolkata,147688
Rafsanjān,Rafsanjan,IR,30.4067,55.9939,Asia/Tehran,147680
Hòa Thành,Hoa Thanh,VN,11.28696,106.12936,Asia/Ho_Chi_Minh,147666
Mestre,Mestre,IT,45.49167,12.24538,Europe/Rome,147662
As Sālimīyah,As Salimiyah,KW,29.33389,48.07611,Asia/Kuwait,147649
Bridgeport,Bridgeport,US,41.17923,-73.18945,America/New_York,147629
Shevchenko,Shevchenko,UA,49.5645,34.53873,Europe/Kyiv,147600
Kuntsevo,Kuntsevo,RU,55.74216,37.40225,Europe/Moscow,147497
Kragujevac,Kragujevac,RS,44.01667,20.91667,Europe/Belgrade,147473
Aktau,Aktau,KZ,43.66105,51.17392,Asia/Aqtau,147443
Balcón de la Lisa,Balcon de la Lisa,CU,23.05346,-82.4476,America/Havana,147415
Sasarām,Sasaram,IN,24.94942,84.01645,Asia/Kolkata,147408
Bohuniya,Bohuniya,UA,50.27691,28.60962,Europe/Kyiv,147324
Nilópolis,Nilopolis,BR,-22.8075,-43.41389,America/Sao_Paulo,147281
Iruma,Iruma,JP,35.818,139.368,Asia/Tokyo,147166
Renca,Renca,CL,-33.4019,-70.70619,America/Santiago,147151
Kramatorsk,Kramatorsk,UA,48.73106,37.56779,Europe/Kyiv,147145
Naperville,Naperville,US,41.78586,-88.14729,America/Chicago,147100
Manama,Manama,BH,26.22787,50.58565,Asia/Bahrain,147074
Colima,Colima,MX,19.24473,-103.7127,America/Mexico_City,146965
Bhimavaram,Bhimavaram,IN,16.54078,81.52322,Asia/Kolkata,146961
Lárisa,Larisa,GR,39.62847,22.42112,Europe/Athens,146926
Nakhodka,Nakhodka,RU,42.8436,132.91831,Asia/Vladivostok,146920
Debre Birhan,Debre Birhan,ET,9.67954,39.53262,Africa/Addis_Ababa,146900
Cacuaco,Cacuaco,AO,-8.7798,13.37478,Africa/Luanda,146867
Aix-en-Provence,Aix-en-Provence,FR,43.5283,5.44973,Europe/Paris,146821
Cam Ranh,Cam Ranh,VN,11.92144,109.15913,Asia/Ho_Chi_Minh,146771
Matanzas,Matanzas,CU,23.04388,-81.58284,America/Havana,146733
Beed,Beed,IN,18.98921,75.75634,Asia/Kolkata,146709
Khasnahzān,Khasnahzan,IQ,36.2009,44.14235,Asia/Baghdad,146639
Taozhou,Taozhou,CN,30.90641,119.40865,Asia/Shanghai,146610
Saint-Quentin-en-Yvelines,Saint-Quentin-en-Yvelines,FR,48.77186,2.01891,Europe/Paris,146598
Bandar Bukit Raja,Bandar Bukit Raja,MY,3.08737,101.43339,Asia/Kuala_Lumpur,146534
Blackburn,Blackburn,GB,53.75,-2.48333,Europe/London,146521
Rosemont–La Petite-Patrie,Rosemont-La Petite-Patrie,CA,45.53661,-73.60686,America/Toronto,146501
Colina,Colina,CL,-33.20443,-70.67474,America/Santiago,146207
Burāri,Burari,IN,28.7557,77.19941,Asia/Kolkata,146190
Ruda Śląska,Ruda Slaska,PL,50.2584,18.85632,Europe/Warsaw,146189
Nouadhibou,Nouadhibou,MR,20.94188,-17.03842,Africa/Nouakchott,146048
Puerto Plata,Puerto Plata,DO,19.79344,-70.6884,America/Santo_Domingo,146000
Urdaneta,Urdaneta,PH,15.97611,120.57111,Asia/Manila,145935
Chamberí,Chamberi,ES,40.43404,-3.70379,Europe/Madrid,145934
Krishnanagar,Krishnanagar,IN,23.40576,88.49073,Asia/Kolkata,145926
Xinji,Xinji,CN,37.92595,115.21907,Asia/Shanghai,145911
Jutiapa,Jutiapa,GT,14.28491,-89.88798,America/Guatemala,145880
Marabá,Maraba,BR,-5.38146,-49.13232,America/Belem,145860
Chitradurga,Chitradurga,IN,14.22262,76.40038,Asia/Kolkata,145853
Bueng Kum,Bueng Kum,TH,13.78528,100.66958,Asia/Bangkok,145830
Cambridge,Cambridge,GB,52.2,0.11667,Europe/London,145674
Paço do Lumiar,Paco do Lumiar,BR,-2.53222,-44.1075,America/Fortaleza,145643
Kampung Pasir Gudang Baru,Kampung Pasir Gudang Baru,MY,1.4726,103.878,Asia/Kuala_Lumpur,145639
Cikampek,Cikampek,ID,-6.41972,107.45583,Asia/Jakarta,145620
Kampung Sungai Glugur,Kampung Sungai Glugur,MY,5.36966,100.31353,Asia/Kuala_Lumpur,145600
Dibrugarh,Dibrugarh,IN,27.47989,94.90837,Asia/Kolkata,145488
Médéa,Medea,DZ,36.26417,2.75393,Africa/Algiers,145441
Taishan,Taishan,CN,22.25135,112.7799,Asia/Shanghai,145440
El Eulma,El Eulma,DZ,36.15281,5.69016,Africa/Algiers,145380
Pécs,Pecs,HU,46.07617,18.22814,Europe/Budapest,145347
Giá Rai,Gia Rai,VN,9.23444,105.45833,Asia/Ho_Chi_Minh,145340
Abohar,Abohar,IN,30.14453,74.19552,Asia/Kolkata,145302
Tiruvannamalai,Tiruvannamalai,IN,12.22662,79.07461,Asia/Kolkata,145278
Gainesville,Gainesville,US,29.65163,-82.32483,America/New_York,145214
Concordia,Concordia,AR,-31.39195,-58.01706,America/Argentina/Cordoba,145210
Fujieda,Fujieda,JP,34.86667,138.26667,Asia/Tokyo,145032
Spanish Town,Spanish Town,JM,17.99107,-76.95742,America/Jamaica,145018
Blackpool,Blackpool,GB,53.81667,-3.05,Europe/London,145007
Urganch,Urganch,UZ,41.55177,60.63143,Asia/Samarkand,145000
Bukoba,Bukoba,TZ,-1.33167,31.81222,Africa/Dar_es_Salaam,144938
Kaithal,Kaithal,IN,29.80153,76.39959,Asia/Kolkata,144915
Ingombota,Ingombota,AO,-8.81806,13.22889,Africa/Luanda,144911
Brest,Brest,FR,48.39029,-4.48628,Europe/Paris,144899
Basildon,Basildon,GB,51.56844,0.45782,Europe/London,144859
Franco da Rocha,Franco da Rocha,BR,-23.32167,-46.72694,America/Sao_Paulo,144849
Salamanca,Salamanca,ES,40.96882,-5.66388,Europe/Madrid,144825
Villeray–Saint-Michel–Parc-Extension,Villeray-Saint-Michel-Parc-Extension,CA,45.55869,-73.60535,America/Toronto,144814
Mesquite,Mesquite,US,32.7668,-96.59916,America/Chicago,144788
Ashikaga,Ashikaga,JP,36.33333,139.45,Asia/Tokyo,144746
Huyện Lâm Hà,Huyen Lam Ha,VN,11.81554,108.21444,Asia/Ho_Chi_Minh,144707
Acheng,Acheng,CN,45.54558,126.95191,Asia/Shanghai,144665
Kelowna,Kelowna,CA,49.88307,-119.48568,America/Vancouver,144576
Umarkot,Umarkot,PK,25.36329,69.74184,Asia/Karachi,144558
León,Leon,NI,12.43527,-86.87862,America/Managua,144538
Kakamigahara,Kakamigahara,JP,35.41667,136.86667,Asia/Tokyo,144521
Le Mans,Le Mans,FR,48.0021,0.20251,Europe/Paris,144515
Lodhran,Lodhran,PK,29.5339,71.63244,Asia/Karachi,144512
Trois-Rivières,Trois-Rivieres,CA,46.34515,-72.5477,America/Toronto,144472
Hailin,Hailin,CN,44.57149,129.38539,Asia/Shanghai,144443
Tsuchiura,Tsuchiura,JP,36.09047,140.21047,Asia/Tokyo,144399
Elektrostal’,Elektrostal',RU,55.78647,38.45713,Europe/Moscow,144387
Balasore,Balasore,IN,21.49266,86.93348,Asia/Kolkata,144373
Yong’an,Yong'an,CN,31.01894,109.45949,Asia/Shanghai,144314
Paris 11e Arrondissement,Paris 11e Arrondissement,FR,48.85834,2.37952,Europe/Paris,144292
Kampong Pasir Ris,Kampong Pasir Ris,SG,1.37833,103.93194,Asia/Singapore,144260
Huelva,Huelva,ES,37.26638,-6.94004,Europe/Madrid,144258
Navoiy,Navoiy,UZ,40.08444,65.37917,Asia/Samarkand,144158
Syracuse,Syracuse,US,43.04812,-76.14742,America/New_York,144142
Atibaia,Atibaia,BR,-23.11694,-46.55028,America/Sao_Paulo,144088
Ashkelon,Ashkelon,IL,31.66926,34.57149,Asia/Jerusalem,144073
Pinetown,Pinetown,ZA,-29.82068,30.88674,Africa/Johannesburg,144026
Teshi Old Town,Teshi Old Town,GH,5.58365,-0.10722,Africa/Accra,144013
Biryulëvo,Biryulevo,RU,55.58635,37.67781,Europe/Moscow,144000
Orekhovo-Borisovo,Orekhovo-Borisovo,RU,55.61252,37.72639,Europe/Moscow,144000
Kusatsu,Kusatsu,JP,35.01667,135.96667,Asia/Tokyo,143913
Nanjin,Nanjin,CN,29.98497,106.26529,Asia/Shanghai,143766
Guelph,Guelph,CA,43.54594,-80.25599,America/Toronto,143740
Qianjiang,Qianjiang,CN,29.53284,108.77478,Asia/Shanghai,143727
Ramna Maidan,Ramna Maidan,BD,23.73333,90.4,Asia/Dhaka,143677
Godhra,Godhra,IN,22.77547,73.61488,Asia/Kolkata,143644
Khemisset,Khemisset,MA,33.82404,-6.06627,Africa/Casablanca,143640
Çanakkale,Canakkale,TR,40.15552,26.41271,Europe/Istanbul,143622
Torrance,Torrance,US,33.83585,-118.34063,America/Los_Angeles,143592
San Jose,San Jose,PH,12.35275,121.06761,Asia/Manila,143495
Ladysmith,Ladysmith,ZA,-28.55874,29.77896,Africa/Johannesburg,143446
Lévis,Levis,CA,46.80326,-71.17793,America/Toronto,143414
Cachoeirinha,Cachoeirinha,BR,-23.45442,-46.66209,America/Sao_Paulo,143366
Heidelberg,Heidelberg,DE,49.40768,8.69079,Europe/Berlin,143345
Fresnillo,Fresnillo,MX,23.1749,-102.86785,America/Mexico_City,143281
Touggourt,Touggourt,DZ,33.11083,6.07,Africa/Algiers,143270
Shillong,Shillong,IN,25.56892,91.88313,Asia/Kolkata,143229
Surprise,Surprise,US,33.63059,-112.33322,America/Phoenix,143148
Norwich,Norwich,GB,52.62783,1.29834,Europe/London,143135
Tịnh Biên,Tinh Bien,VN,10.59591,104.93669,Asia/Ho_Chi_Minh,143098
Moriguchi,Moriguchi,JP,34.73333,135.56667,Asia/Tokyo,143096
Amiens,Amiens,FR,49.9,2.3,Europe/Paris,143086
Cai Lậy,Cai Lay,VN,10.4,106.11667,Asia/Ho_Chi_Minh,143050
Macaé,Macae,BR,-22.38484,-41.78324,America/Sao_Paulo,143029
Rewāri,Rewari,IN,28.199,76.6183,Asia/Kolkata,143021
Basirhat City,Basirhat City,IN,22.66142,88.85477,Asia/Kolkata,143007
Novyye Kuz’minki,Novyye Kuz'minki,RU,55.7,37.75,Europe/Moscow,143000
Kuz’minki,Kuz'minki,RU,55.7,37.8,Europe/Moscow,143000
Aalborg,Aalborg,DK,57.048,9.9187,Europe/Copenhagen,142937
La Trinidad,La Trinidad,PH,16.455,120.5875,Asia/Manila,142925
Ghardaïa,Ghardaia,DZ,32.49094,3.67347,Africa/Algiers,142913
Timika,Timika,ID,-4.61407,136.67679,Asia/Jayapura,142909
Pyatigorsk,Pyatigorsk,RU,44.05,43.05036,Europe/Moscow,142865
Mbanza-Ngungu,Mbanza-Ngungu,CD,-5.25837,14.85838,Africa/Kinshasa,142773
Mercier–Hochelaga-Maisonneuve,Mercier-Hochelaga-Maisonneuve,CA,45.57194,-73.54626,America/Toronto,142753
Okinawa,Okinawa,JP,26.33583,127.80139,Asia/Tokyo,142752
Middlesbrough,Middlesbrough,GB,54.57623,-1.23483,Europe/London,142707
Shahrisabz,Shahrisabz,UZ,39.05778,66.83417,Asia/Samarkand,142700
Ch’ŏngdan-ŭp,Ch'ongdan-up,KP,37.97028,125.9375,Asia/Pyongyang,142607
Sant Andreu,Sant Andreu,ES,41.43541,2.18982,Europe/Madrid,142598
Rybnik,Rybnik,PL,50.09713,18.54179,Europe/Warsaw,142510
Saïda,Saida,DZ,34.83033,0.15171,Africa/Algiers,142497
Metairie Terrace,Metairie Terrace,US,29.97854,-90.16396,America/Chicago,142489
Tuzla,Tuzla,BA,44.53842,18.66709,Europe/Sarajevo,142486
Kovpakivskyi,Kovpakivskyi,UA,50.92508,34.79484,Europe/Kyiv,142447
eMbalenhle,eMbalenhle,ZA,-26.53333,29.06667,Africa/Johannesburg,142443
Trindade,Trindade,BR,-16.64944,-49.48889,America/Sao_Paulo,142431
Khanpur,Khanpur,PK,28.64739,70.65694,Asia/Karachi,142426
Columbia,Columbia,US,34.00071,-81.03481,America/New_York,142416
Nawābganj,Nawabganj,BD,24.59025,88.27444,Asia/Dhaka,142361
Inezgane,Inezgane,MA,30.35535,-9.53639,Africa/Casablanca,142320
Pasadena,Pasadena,US,34.14778,-118.14452,America/Los_Angeles,142250
Toowoomba,Toowoomba,AU,-27.56056,151.95386,Australia/Brisbane,142163
Paderborn,Paderborn,DE,51.71905,8.75439,Europe/Berlin,142161
"Misato, Saitama","Misato, Saitama",JP,35.84373,139.88347,Asia/Tokyo,142145
Chhatarpur,Chhatarpur,IN,24.9177,79.58871,Asia/Kolkata,142128
Kimberley,Kimberley,ZA,-28.73226,24.76232,Africa/Johannesburg,142089
Alto Hospicio,Alto Hospicio,CL,-20.26871,-70.1049,America/Santiago,142086
Ciego de Ávila,Ciego de Avila,CU,21.8422,-78.76034,America/Havana,142027
Samālūţ,Samalut,EG,28.31214,30.71007,Africa/Cairo,142009
Chertanovo Yuzhnoye,Chertanovo Yuzhnoye,RU,55.59072,37.59519,Europe/Moscow,142000
Jieshou,Jieshou,CN,33.26338,115.36108,Asia/Shanghai,141993
Maykop,Maykop,RU,44.60789,40.10242,Europe/Moscow,141970
Attock City,Attock City,PK,33.76671,72.35977,Asia/Karachi,141945
Kisaran,Kisaran,ID,2.9845,99.6158,Asia/Jakarta,141915
Mojokerto,Mojokerto,ID,-7.4664,112.4338,Asia/Jakarta,141785
Facatativá,Facatativa,CO,4.81367,-74.35453,America/Bogota,141762
Masai,Masai,MY,1.4907,103.8788,Asia/Kuala_Lumpur,141730
Punto Fijo,Punto Fijo,VE,11.69152,-70.19918,America/Caracas,141729
Myingyan,Myingyan,MM,21.46002,95.3884,Asia/Yangon,141713
Kamālshahr,Kamalshahr,IR,35.86187,50.87424,Asia/Tehran,141669
Mandsaur,Mandsaur,IN,24.07184,75.06986,Asia/Kolkata,141667
Zheleznodorozhnyy,Zheleznodorozhnyy,RU,55.744,38.01684,Europe/Moscow,141648
Chas,Chas,IN,23.63556,86.16712,Asia/Kolkata,141640
Jahrom,Jahrom,IR,28.5,53.5605,Asia/Tehran,141634
Tours,Tours,FR,47.39484,0.70398,Europe/Paris,141621
Pālanpur,Palanpur,IN,24.17128,72.43827,Asia/Kolkata,141592
Bondoukou,Bondoukou,CI,8.0402,-2.80003,Africa/Abidjan,141568
Chichicastenango,Chichicastenango,GT,14.94333,-91.11116,America/Guatemala,141567
Tarragona,Tarragona,ES,41.11905,1.24544,Europe/Madrid,141542
Tobruk,Tobruk,LY,32.08963,23.95385,Africa/Tripoli,141499
Sinch’ŏn-ŭp,Sinch'on-up,KP,38.35323,125.48423,Asia/Pyongyang,141407
Abbotsford,Abbotsford,CA,49.05798,-122.25257,America/Vancouver,141397
Brusque,Brusque,BR,-27.09795,-48.91281,America/Sao_Paulo,141385
Circoiscrizione II,Circoiscrizione II,IT,45.05013,7.64052,Europe/Rome,141344
Bolton,Bolton,GB,53.58333,-2.43333,Europe/London,141331
Yushu,Yushu,CN,33.00118,97.00893,Asia/Shanghai,141308
Piteşti,Pitesti,RO,44.85,24.86667,Europe/Bucharest,141275
Fukayachō,Fukayacho,JP,36.2,139.28333,Asia/Tokyo,141268
Potosí,Potosi,BO,-19.58361,-65.75306,America/La_Paz,141251
Khuzdar,Khuzdar,PK,27.81193,66.61096,Asia/Karachi,141227
Usera,Usera,ES,40.38866,-3.70035,Europe/Madrid,141189
Limoges,Limoges,FR,45.83362,1.24759,Europe/Paris,141176
Cangaiba,Cangaiba,BR,-23.49696,-46.52045,America/Sao_Paulo,141172
Asaka,Asaka,JP,35.80472,139.60194,Asia/Tokyo,141083
Paranaguá,Paranagua,BR,-25.51626,-48.52537,America/Sao_Paulo,141013
Ghazni,Ghazni,AF,33.55391,68.42096,Asia/Kabul,141000
Orange,Orange,US,33.78779,-117.85311,America/Los_Angeles,140992
Wola,Wola,PL,52.23477,20.96004,Europe/Warsaw,140958
Sanhe,Sanhe,CN,29.86864,107.73027,Asia/Shanghai,140954
Īlām,Ilam,IR,33.6374,46.4227,Asia/Tehran,140940
Gongzhuling,Gongzhuling,CN,43.50075,124.81979,Asia/Shanghai,140909
Shimotoda,Shimotoda,JP,35.815,139.6853,Asia/Tokyo,140899
Comodoro Rivadavia,Comodoro Rivadavia,AR,-45.86256,-67.494,America/Argentina/Catamarca,140850
Kampung Sungai Ara,Kampung Sungai Ara,MY,5.32699,100.27348,Asia/Kuala_Lumpur,140849
Fullerton,Fullerton,US,33.87029,-117.92534,America/Los_Angeles,140847
Killeen,Killeen,US,31.11712,-97.7278,America/Chicago,140806
Norilsk,Norilsk,RU,69.3535,88.2027,Asia/Krasnoyarsk,140800
Lleida,Lleida,ES,41.61674,0.62218,Europe/Madrid,140797
Coimbra,Coimbra,PT,40.20686,-8.41996,Europe/Lisbon,140796
Mtwara,Mtwara,TZ,-10.26667,40.18333,Africa/Dar_es_Salaam,140793
Manjhand,Manjhand,PK,25.90827,68.23683,Asia/Karachi,140766
Beni,Beni,CD,0.49113,29.47306,Africa/Lubumbashi,140731
Debre Mark’os,Debre Mark'os,ET,10.35,37.73333,Africa/Addis_Ababa,140700
Norzagaray,Norzagaray,PH,14.9109,121.0493,Asia/Manila,140697
Qeładizê,Qeladize,IQ,36.18254,45.13017,Asia/Baghdad,140688
Vila Curuca,Vila Curuca,BR,-23.51,-46.41566,America/Sao_Paulo,140673
Nigel,Nigel,ZA,-26.43138,28.47713,Africa/Johannesburg,140644
Shengavit,Shengavit,AM,40.1557,44.4779,Asia/Yerevan,140600
Buea,Buea,CM,4.15342,9.24231,Africa/Douala,140533
Shuizhai,Shuizhai,CN,23.92961,115.76499,Asia/Shanghai,140493
Al’met’yevsk,Al'met'yevsk,RU,54.90395,52.31793,Europe/Moscow,140437
Paris 12e Arrondissement,Paris 12e Arrondissement,FR,48.83523,2.43505,Europe/Paris,140311
McAllen,McAllen,US,26.20341,-98.23001,America/Chicago,140269
Lakhīmpur,Lakhimpur,IN,27.94822,80.77935,Asia/Kolkata,140223
Ishinomaki,Ishinomaki,JP,38.41667,141.3,Asia/Tokyo,140151
Mpumalanga,Mpumalanga,ZA,-29.81292,30.63646,Africa/Johannesburg,140121
Zaanstad,Zaanstad,NL,52.45313,4.81356,Europe/Amsterdam,140085
Kabin Buri,Kabin Buri,TH,13.95133,101.71739,Asia/Bangkok,140056
Kuwana,Kuwana,JP,35.05192,136.66958,Asia/Tokyo,140051
Ayacucho,Ayacucho,PE,-13.1638,-74.22345,America/Lima,140033
Shanhaiguan,Shanhaiguan,CN,40.00119,119.75395,Asia/Shanghai,140000
Chamartín,Chamartin,ES,40.46206,-3.6766,Europe/Madrid,140000
Şaḩam,Saham,OM,24.17222,56.88861,Asia/Muscat,140000
Abéché,Abeche,TD,13.82916,20.8324,Africa/Ndjamena,139983
Peristéri,Peristeri,GR,38.01539,23.69187,Europe/Athens,139981
Amersfoort,Amersfoort,NL,52.155,5.3875,Europe/Amsterdam,139914
Darwin,Darwin,AU,-12.46113,130.84185,Australia/Darwin,139902
Jeongeup,Jeongeup,KR,35.60004,126.91699,Asia/Seoul,139876
Bellevue,Bellevue,US,47.61038,-122.20068,America/Los_Angeles,139820
Korolev,Korolev,RU,55.91417,37.82556,Europe/Moscow,139798
Valsād,Valsad,IN,20.61013,72.93428,Asia/Kolkata,139764
Shinyanga,Shinyanga,TZ,-3.66393,33.42118,Africa/Dar_es_Salaam,139727
Gojra,Gojra,PK,31.14926,72.68323,Asia/Karachi,139726
Sollentuna,Sollentuna,SE,59.42804,17.95093,Europe/Stockholm,139606
Al Hindīyah,Al Hindiyah,IQ,32.54193,44.22469,Asia/Baghdad,139578
Yaizu,Yaizu,JP,34.86877,138.31952,Asia/Tokyo,139578
Payakumbuh,Payakumbuh,ID,-0.2159,100.6334,Asia/Jakarta,139576
Damoh,Damoh,IN,23.83312,79.4419,Asia/Kolkata,139561
Āsela,Asela,ET,7.95,39.13333,Africa/Addis_Ababa,139500
Haldwani,Haldwani,IN,29.22254,79.5286,Asia/Kolkata,139497
Irewe,Irewe,NG,6.41692,3.14058,Africa/Lagos,139494
Gbongan,Gbongan,NG,7.47734,4.35351,Africa/Lagos,139485
Gama,Gama,BR,-16.02511,-48.07121,America/Sao_Paulo,139467
Siem Reap,Siem Reap,KH,13.36179,103.86056,Asia/Phnom_Penh,139458
Anaco,Anaco,VE,9.42958,-64.46428,America/Caracas,139397
Purwodadi,Purwodadi,ID,-7.0868,110.9158,Asia/Jakarta,139387
Koga,Koga,JP,36.18333,139.71667,Asia/Tokyo,139344
Hābra,Habra,IN,22.84202,88.65606,Asia/Kolkata,139297
Sidoarjo,Sidoarjo,ID,-7.4478,112.7183,Asia/Jakarta,139189
Kyivskyi,Kyivskyi,UA,48.04646,37.77571,Europe/Kyiv,139177
Şabāḩ as Sālim,Sabah as Salim,KW,29.25722,48.05722,Asia/Kuwait,139163
Balneário Camboriú,Balneario Camboriu,BR,-26.99056,-48.63472,America/Sao_Paulo,139155
Plaza de la Revolución,Plaza de la Revolucion,CU,23.11936,-82.39197,America/Havana,139135
Lausanne,Lausanne,CH,46.516,6.63282,Europe/Zurich,139111
Choloma,Choloma,HN,15.61444,-87.95302,America/Tegucigalpa,139100
Kairouan,Kairouan,TN,35.6781,10.09633,Africa/Tunis,139070
Stockport,Stockport,GB,53.40979,-2.15761,Europe/London,139052
Budapest XI. kerület,Budapest XI. keruelet,HU,47.47603,19.03605,Europe/Budapest,139049
Huadian,Huadian,CN,42.97213,126.74107,Asia/Shanghai,139047
Kousséri,Kousseri,CM,12.07689,15.03063,Africa/Douala,139024
Weru,Weru,ID,-6.711,108.5037,Asia/Jakarta,139004
Al-'Ubūr,Al-'Ubur,EG,30.22886,31.48149,Africa/Cairo,138987
Kolpino,Kolpino,RU,59.75069,30.58856,Europe/Moscow,138979
Belgrano,Belgrano,AR,-34.5627,-58.45829,America/Argentina/Buenos_Aires,138942
Sarh,Sarh,TD,9.14555,18.38331,Africa/Ndjamena,138928
Gingoog,Gingoog,PH,8.82778,125.09972,Asia/Manila,138895
San Juan del Río,San Juan del Rio,MX,20.38897,-99.99637,America/Mexico_City,138878
Sekondi-Takoradi,Sekondi-Takoradi,GH,4.92678,-1.75773,Africa/Accra,138872
Liuzhi,Liuzhi,CN,26.2342,105.426,Asia/Shanghai,138826
Naga,Naga,PH,10.20898,123.758,Asia/Manila,138727
Fuyu,Fuyu,CN,45.18333,124.81667,Asia/Shanghai,138704
Whitby,Whitby,CA,43.88342,-78.93287,America/Toronto,138501
Metairie,Metairie,US,29.98409,-90.15285,America/Chicago,138481
Chaohu,Chaohu,CN,31.6,117.86667,Asia/Shanghai,138463
Kolār,Kolar,IN,13.13768,78.12999,Asia/Kolkata,138462
Bizerte,Bizerte,TN,37.27442,9.87391,Africa/Tunis,138430
Táriba,Tariba,VE,7.82117,-72.22329,America/Caracas,138402
Ejigbo,Ejigbo,NG,7.90303,4.31364,Africa/Lagos,138357
Ksar El Kebir,Ksar El Kebir,MA,35.00044,-5.90378,Africa/Casablanca,138262
Paris 11 Popincourt,Paris 11 Popincourt,FR,48.8574,2.3795,Europe/Paris,138170
Dabou,Dabou,CI,5.32556,-4.37685,Africa/Abidjan,138083
Bukit Panjang New Town,Bukit Panjang New Town,SG,1.37972,103.76472,Asia/Singapore,138050
Sao Lucas,Sao Lucas,BR,-23.59468,-46.54359,America/Sao_Paulo,138038
Paris 12 Reuilly,Paris 12 Reuilly,FR,48.8412,2.3876,Europe/Paris,138024
Parnaíba,Parnaiba,BR,-2.90472,-41.77667,America/Fortaleza,138008
Bertoua,Bertoua,CM,4.57728,13.68459,Africa/Douala,137993
Jacmel,Jacmel,HT,18.23569,-72.53686,America/Port-au-Prince,137966
Srikakulam,Srikakulam,IN,18.2989,83.89751,Asia/Kolkata,137944
Candelaria,Candelaria,PH,13.93111,121.42333,Asia/Manila,137933
Vĩnh Long,Vinh Long,VN,10.25369,105.9722,Asia/Ho_Chi_Minh,137870
Praia,Praia,CV,14.93152,-23.51254,Atlantic/Cape_Verde,137868
Araruama,Araruama,BR,-22.87278,-42.34306,America/Sao_Paulo,137773
Liangping,Liangping,CN,30.66108,107.7661,Asia/Shanghai,137620
Kirdāsah,Kirdasah,EG,30.03103,31.11109,Africa/Cairo,137588
Itu,Itu,BR,-23.26417,-47.29917,America/Sao_Paulo,137586
Ponce,Ponce,PR,18.01031,-66.62398,America/Puerto_Rico,137491
Doilungdêqên,Doilungdeqen,CN,29.65505,90.99177,Asia/Shanghai,137451
Jieshi,Jieshi,CN,22.81027,115.83058,Asia/Shanghai,137444
Hejiang,Hejiang,CN,28.81161,105.83359,Asia/Shanghai,137437
Pasir Puteh,Pasir Puteh,MY,5.83333,102.4,Asia/Kuala_Lumpur,137400
Mandya,Mandya,IN,12.5223,76.89746,Asia/Kolkata,137358
Xiayang,Xiayang,CN,31.14967,121.11588,Asia/Shanghai,137321
Nor Nork,Nor Nork,AM,40.19661,44.5669,Asia/Yerevan,137300
Dixinn,Dixinn,GN,9.55111,-13.67306,Africa/Conakry,137287
Bhisho,Bhisho,ZA,-32.84721,27.44218,Africa/Johannesburg,137287
Freguesia do Ó,Freguesia do O,BR,-23.49877,-46.69983,America/Sao_Paulo,137240
Subang,Subang,ID,-6.57,107.75667,Asia/Jakarta,137234
Madhurampur Dehri,Madhurampur Dehri,IN,24.96899,84.1964,Asia/Kolkata,137231
Negombo,Negombo,LK,7.2083,79.8358,Asia/Colombo,137223
Irákleion,Irakleion,GR,35.32787,25.14341,Europe/Athens,137154
Hampton,Hampton,US,37.02987,-76.34522,America/New_York,137148
Wuyishan,Wuyishan,CN,27.75995,118.03066,Asia/Shanghai,137133
Miramar,Miramar,US,25.98731,-80.23227,America/New_York,137132
Jiashan,Jiashan,CN,30.84918,120.92583,Asia/Shanghai,137112
Bilqās,Bilqas,EG,31.21452,31.35798,Africa/Cairo,137080
Rangkasbitung,Rangkasbitung,ID,-6.3591,106.2494,Asia/Jakarta,137041
Odintsovo,Odintsovo,RU,55.66977,37.27716,Europe/Moscow,137041
Foggia,Foggia,IT,41.45845,15.55188,Europe/Rome,137032
Antsiranana,Antsiranana,MG,-12.31732,49.29188,Indian/Antananarivo,136959
Kānchrāpāra,Kanchrapara,IN,22.95998,88.42849,Asia/Kolkata,136954
San Juan Sacatepéquez,San Juan Sacatepequez,GT,14.71889,-90.64417,America/Guatemala,136886
Minoh,Minoh,JP,34.82691,135.47057,Asia/Tokyo,136868
Funtua,Funtua,NG,11.52351,7.31174,Africa/Lagos,136811
St. Catharines,St. Catharines,CA,43.17126,-79.24267,America/Toronto,136803
Dawei,Dawei,MM,14.0823,98.19151,Asia/Yangon,136783
Igboho,Igboho,NG,8.83784,3.75628,Africa/Lagos,136764
Gunungsitoli,Gunungsitoli,ID,1.2888,97.6143,Asia/Jakarta,136707
Apeldoorn,Apeldoorn,NL,52.21,5.96944,Europe/Amsterdam,136670
Cidade Lider,Cidade Lider,BR,-23.56202,-46.4913,America/Sao_Paulo,136660
Marīvān,Marivan,IR,35.51829,46.18298,Asia/Tehran,136654
Phủ Lý,Phu Ly,VN,20.54531,105.91221,Asia/Bangkok,136654
Divo,Divo,CI,5.83739,-5.35723,Africa/Abidjan,136627
Huinong,Huinong,CN,39.23333,106.76944,Asia/Shanghai,136570
Ebina,Ebina,JP,35.38121,139.39651,Asia/Tokyo,136516
Larache,Larache,MA,35.19321,-6.15572,Africa/Casablanca,136505
Varginha,Varginha,BR,-21.55139,-45.43028,America/Sao_Paulo,136467
Paris 14 Observatoire,Paris 14 Observatoire,FR,48.8331,2.3264,Europe/Paris,136455
Van Nuys,Van Nuys,US,34.18667,-118.44897,America/Los_Angeles,136443
Būsh,Bush,EG,29.14816,31.12733,Africa/Cairo,136441
Mlolongo,Mlolongo,KE,-1.39639,36.94028,Africa/Nairobi,136351
Campo Largo,Campo Largo,BR,-25.45955,-49.53014,America/Sao_Paulo,136327
San José del Cabo,San Jose del Cabo,MX,23.05406,-109.70367,America/Mazatlan,136285
Cachoeirinha,Cachoeirinha,BR,-29.95111,-51.09389,America/Sao_Paulo,136258
West Valley City,West Valley City,US,40.69161,-112.00105,America/Denver,136208
Kisarazu,Kisarazu,JP,35.38329,139.93254,Asia/Tokyo,136166
Batang,Batang,ID,-6.4846,110.7083,Asia/Jakarta,136145
Gejiu,Gejiu,CN,23.36085,103.15372,Asia/Shanghai,136135
Bacău,Bacau,RO,46.56718,26.91384,Europe/Bucharest,136087
Saaba,Saaba,BF,12.37136,-1.41468,Africa/Ouagadougou,136011
Mingaladon,Mingaladon,MM,16.92406,96.09768,Asia/Yangon,136000
Dimāpur,Dimapur,IN,25.91174,93.7217,Asia/Kolkata,135860
Sasolburg,Sasolburg,ZA,-26.81358,27.81695,Africa/Johannesburg,135828
Cheras,Cheras,MY,3.108,101.726,Asia/Kuala_Lumpur,135823
Tasek Glugor,Tasek Glugor,MY,5.48032,100.49849,Asia/Kuala_Lumpur,135786
Osorno,Osorno,CL,-40.57395,-73.13348,America/Santiago,135773
Jiagedaqi,Jiagedaqi,CN,50.41667,124.11667,Asia/Shanghai,135760
Tumxuk,Tumxuk,CN,39.86984,79.06118,Asia/Urumqi,135727
Kushtia,Kushtia,BD,23.9028,89.11943,Asia/Dhaka,135724
Pitalito,Pitalito,CO,1.85371,-76.05071,America/Bogota,135711
Barysaw,Barysaw,BY,54.2279,28.505,Europe/Minsk,135696
Baliuag,Baliuag,PH,14.95472,120.89694,Asia/Manila,135679
Hoàn Kiếm,Hoan Kiem,VN,21.02857,105.85064,Asia/Bangkok,135618
Kajansi,Kajansi,UG,0.21548,32.53453,Africa/Kampala,135600
Isahaya,Isahaya,JP,32.84111,130.04306,Asia/Tokyo,135546
Dayton,Dayton,US,39.75895,-84.19161,America/New_York,135512
Cẩm Phả Mines,Cam Pha Mines,VN,21.01667,107.3,Asia/Ho_Chi_Minh,135477
Petapa,Petapa,GT,14.50189,-90.56196,America/Guatemala,135447
Māler Kotla,Maler Kotla,IN,30.5309,75.87949,Asia/Kolkata,135424
Buguma,Buguma,NG,4.73614,6.86236,Africa/Lagos,135404
Ahuntsic-Cartierville,Ahuntsic-Cartierville,CA,45.56667,-73.66667,America/Toronto,135336
Araras,Araras,BR,-22.35694,-47.38417,America/Sao_Paulo,135331
Shiqiao,Shiqiao,CN,22.9464,113.35769,Asia/Shanghai,135308
Pyay,Pyay,MM,18.81996,95.21562,Asia/Yangon,135308
Rabak,Rabak,SD,13.18087,32.73999,Africa/Khartoum,135281
Tây Ninh,Tay Ninh,VN,11.31004,106.09828,Asia/Ho_Chi_Minh,135254
Le Vieux-Longueuil,Le Vieux-Longueuil,CA,45.53721,-73.50773,America/Toronto,135218
Tyre,Tyre,LB,33.27333,35.19389,Asia/Beirut,135204
Kutaisi,Kutaisi,GE,42.26791,42.69459,Asia/Tbilisi,135201
Andīmeshk,Andimeshk,IR,32.4615,48.35368,Asia/Tehran,135116
Siwān,Siwan,IN,26.22096,84.35609,Asia/Kolkata,135066
Madrid,Madrid,CO,4.73245,-74.26419,America/Bogota,135000
Angono,Angono,PH,14.5266,121.1536,Asia/Manila,134975
Cartago,Cartago,CO,4.74639,-75.91167,America/Bogota,134972
Shahreẕā,Shahreza,IR,32.00877,51.86407,Asia/Tehran,134952
Hinthada,Hinthada,MM,17.64944,95.45705,Asia/Yangon,134947
Cap-Haïtien,Cap-Haitien,HT,19.75938,-72.19815,America/Port-au-Prince,134815
Baturaja,Baturaja,ID,-4.12891,104.16695,Asia/Jakarta,134759
Inazawa,Inazawa,JP,35.25,136.78333,Asia/Tokyo,134751
Rodriguez,Rodriguez,PH,14.76011,121.19993,Asia/Manila,134432
Kalol,Kalol,IN,23.24656,72.49508,Asia/Kolkata,134426
Mīāndoāb,Miandoab,IR,36.96667,46.10961,Asia/Tehran,134425
Laghouat,Laghouat,DZ,33.8,2.86514,Africa/Algiers,134372
Nevinnomyssk,Nevinnomyssk,RU,44.6333,41.9444,Europe/Moscow,134345
San Mateo,San Mateo,PH,14.6982,121.1236,Asia/Manila,134327
Ţahţā,Tahta,EG,26.76866,31.50198,Africa/Cairo,134314
San Juan,San Juan,PH,14.6,121.0333,Asia/Manila,134312
Sibiu,Sibiu,RO,45.8,24.15,Europe/Bucharest,134309
Olathe,Olathe,US,38.8814,-94.81913,America/Chicago,134305
El Geneina Fort,El Geneina Fort,SD,13.47481,22.45744,Africa/Khartoum,134264
Ikirun,Ikirun,NG,7.91283,4.66741,Africa/Lagos,134240
Shenglilu,Shenglilu,CN,29.35048,105.8775,Asia/Shanghai,134218
San Nicolás de los Arroyos,San Nicolas de los Arroyos,AR,-33.33425,-60.2108,America/Argentina/Buenos_Aires,134217
Léogâne,Leogane,HT,18.5111,-72.63343,America/Port-au-Prince,134190
Vila Jacui,Vila Jacui,BR,-23.50262,-46.46156,America/Sao_Paulo,134189
Adiwerna,Adiwerna,ID,-6.9375,109.1325,Asia/Jakarta,134188
Cametá,Cameta,BR,-2.24444,-49.49583,America/Belem,134184
Al Qurnah,Al Qurnah,IQ,31.01547,47.43362,Asia/Baghdad,134174
Abakaliki,Abakaliki,NG,6.32485,8.11368,Africa/Lagos,134102
Vitória de Santo Antão,Vitoria de Santo Antao,BR,-8.11806,-35.29139,America/Recife,134084
Marianao,Marianao,CU,23.07385,-82.4189,America/Havana,134057
Warren,Warren,US,42.49044,-83.01304,America/Detroit,134056
Cizre,Cizre,TR,37.33024,42.18484,Europe/Istanbul,134041
Circoiscrizione VIII,Circoiscrizione VIII,IT,45.03789,7.67174,Europe/Rome,134028
Bānkura,Bankura,IN,23.23241,87.0716,Asia/Kolkata,133966
İnegol,Inegol,TR,40.07806,29.51333,Europe/Istanbul,133959
Ebetsu,Ebetsu,JP,43.10806,141.55056,Asia/Tokyo,133953
Anyama,Anyama,CI,5.49462,-4.05183,Africa/Abidjan,133905
Jiawang,Jiawang,CN,34.43278,117.44194,Asia/Shanghai,133861
Singaraja,Singaraja,ID,-8.112,115.08818,Asia/Makassar,133784
Pātan,Patan,IN,23.8507,72.12963,Asia/Kolkata,133737
Würzburg,Wuerzburg,DE,49.79391,9.95121,Europe/Berlin,133731
Đồng Hới,GJong Hoi,VN,17.46885,106.62226,Asia/Bangkok,133672
Randfontein,Randfontein,ZA,-26.1844,27.70203,Africa/Johannesburg,133654
Pervouralsk,Pervouralsk,RU,56.90528,59.94361,Asia/Yekaterinburg,133600
Gondā City,Gonda City,IN,27.13181,81.95332,Asia/Kolkata,133583
Madīnat Ḩamad,Madinat Hamad,BH,26.11528,50.50694,Asia/Bahrain,133550
Ōme,Ome,JP,35.78389,139.24306,Asia/Tokyo,133535
Sinnūris,Sinnuris,EG,29.41345,30.86579,Africa/Cairo,133532
Milagro,Milagro,EC,-2.13396,-79.59337,America/Guayaquil,133508
Jaú,Jau,BR,-22.29639,-48.55778,America/Sao_Paulo,133497
Thornton,Thornton,US,39.86804,-104.97192,America/Denver,133451
Valdivia,Valdivia,CL,-39.81422,-73.24589,America/Santiago,133419
Olmaliq,Olmaliq,UZ,40.84472,69.59833,Asia/Tashkent,133400
Okrika,Okrika,NG,4.74215,7.08368,Africa/Lagos,133271
Santa Cruz do Sul,Santa Cruz do Sul,BR,-29.7175,-52.42583,America/Sao_Paulo,133230
High Wycombe,High Wycombe,GB,51.62907,-0.74934,Europe/London,133204
Carrollton,Carrollton,US,32.95373,-96.89028,America/Chicago,133168
Talisay,Talisay,PH,10.24472,123.84944,Asia/Manila,133148
Gao,Gao,ML,16.27167,-0.04472,Africa/Bamako,133110
Dhaulpur,Dhaulpur,IN,26.69286,77.87968,Asia/Kolkata,133075
Tarime,Tarime,TZ,-1.35,34.36667,Africa/Dar_es_Salaam,133043
Kentron,Kentron,AM,40.17806,44.51303,Asia/Yerevan,133000
Milton,Milton,CA,43.51681,-79.88294,America/Toronto,132979
M'Sila,M'Sila,DZ,35.70889,4.53722,Africa/Algiers,132975
Narita,Narita,JP,35.78333,140.31667,Asia/Tokyo,132906
Franceville,Franceville,GA,-1.63333,13.58357,Africa/Libreville,132895
Puqi,Puqi,CN,29.71667,113.88333,Asia/Shanghai,132891
Tondabayashichō,Tondabayashicho,JP,34.50065,135.60211,Asia/Tokyo,132873
Sandachō,Sandacho,JP,34.88444,135.22694,Asia/Tokyo,132858
Gondiā,Gondia,IN,21.46026,80.19205,Asia/Kolkata,132813
Dunedin,Dunedin,NZ,-45.87416,170.50361,Pacific/Auckland,132800
Kislovodsk,Kislovodsk,RU,43.91333,42.72083,Europe/Moscow,132771
Kyauktan,Kyauktan,MM,16.63736,96.32512,Asia/Yangon,132765
Schaerbeek,Schaerbeek,BE,50.86935,4.37737,Europe/Brussels,132761
Hoofddorp,Hoofddorp,NL,52.3025,4.68889,Europe/Amsterdam,132734
Machiques,Machiques,VE,10.06077,-72.55212,America/Caracas,132734
Palakkad,Palakkad,IN,10.77319,76.65366,Asia/Kolkata,132728
Silifke,Silifke,TR,36.37778,33.93444,Europe/Istanbul,132665
Charleston,Charleston,US,32.77632,-79.93275,America/New_York,132609
Langley,Langley,CA,49.10107,-122.65883,America/Vancouver,132603
Midland,Midland,US,31.99735,-102.07791,America/Chicago,132524
Fujinomiya,Fujinomiya,JP,35.21667,138.61667,Asia/Tokyo,132507
Mingala Tangnyunt,Mingala Tangnyunt,MM,16.78855,96.17234,Asia/Yangon,132494
Innsbruck,Innsbruck,AT,47.26266,11.39454,Europe/Vienna,132493
Kingston,Kingston,CA,44.22976,-76.48098,America/Toronto,132485
Wugang,Wugang,CN,26.7279,110.63198,Asia/Shanghai,132457
Gloucester,Gloucester,GB,51.86568,-2.2431,Europe/London,132416
Waco,Waco,US,31.54933,-97.14667,America/Chicago,132356
Cerro,Cerro,CU,23.10809,-82.3866,America/Havana,132351
Zama,Zama,JP,35.4879,139.39101,Asia/Tokyo,132325
Dimitrovgrad,Dimitrovgrad,RU,54.21386,49.61838,Europe/Ulyanovsk,132226
Zhalantun,Zhalantun,CN,48.00945,122.73651,Asia/Shanghai,132224
Bettiah,Bettiah,IN,26.80229,84.50311,Asia/Kolkata,132209
Maijdi,Maijdi,BD,22.86667,91.1,Asia/Dhaka,132185
San Pedro Garza García,San Pedro Garza Garcia,MX,25.6604,-100.40651,America/Monterrey,132128
Sapucaia do Sul,Sapucaia do Sul,BR,-29.81782,-51.14551,America/Sao_Paulo,132107
Kombolcha,Kombolcha,ET,11.08155,39.74339,Africa/Addis_Ababa,132100
Muricay,Muricay,PH,7.8275,123.4782,Asia/Manila,132094
Sterling Heights,Sterling Heights,US,42.58031,-83.0302,America/Detroit,132052
Surat Thani,Surat Thani,TH,9.14011,99.33311,Asia/Bangkok,132040
Fürth,Fuerth,DE,49.47593,10.98856,Europe/Berlin,132036
Ferrara,Ferrara,IT,44.83804,11.62057,Europe/Rome,132009
Quận Đức Thịnh,Quan GJuc Thinh,VN,10.30989,105.73855,Asia/Ho_Chi_Minh,132000
Ōmuta,Omuta,JP,33.03333,130.45,Asia/Tokyo,131974
Villa Mercedes,Villa Mercedes,CL,-37.40421,-71.97949,America/Santiago,131936
Fuji,Fuji,CN,29.14819,105.37391,Asia/Shanghai,131927
Palwal,Palwal,IN,28.14469,77.32546,Asia/Kolkata,131926
Bielany,Bielany,PL,52.29242,20.93531,Europe/Warsaw,131910
Shahrud,Shahrud,IR,36.41819,54.97628,Asia/Tehran,131889
Dawukou,Dawukou,CN,39.04194,106.39583,Asia/Shanghai,131880
Bulaon,Bulaon,PH,15.08262,120.66288,Asia/Manila,131818
Garut,Garut,ID,-7.245,107.921,Asia/Jakarta,131809
Ajdabiya,Ajdabiya,LY,30.75545,20.22625,Africa/Tripoli,131773
Abiko,Abiko,JP,35.86667,140.01667,Asia/Tokyo,131771
Kadoma,Kadoma,JP,34.7381,135.57442,Asia/Tokyo,131727
Majie,Majie,CN,25.0319,102.638,Asia/Shanghai,131696
Bhakkar,Bhakkar,PK,31.62685,71.06471,Asia/Karachi,131658
Rio Pequeno,Rio Pequeno,BR,-23.57139,-46.75887,America/Sao_Paulo,131631
Jijel,Jijel,DZ,36.821,5.76352,Africa/Algiers,131513
Martapura,Martapura,ID,-3.4109,114.8642,Asia/Makassar,131449
Villeurbanne,Villeurbanne,FR,45.76601,4.8795,Europe/Paris,131445
Hải Châu,Hai Chau,VN,15.91667,108.13333,Asia/Ho_Chi_Minh,131427
Limbe,Limbe,CM,4.02356,9.20607,Africa/Douala,131381
Rānīganj,Raniganj,IN,23.6164,87.13061,Asia/Kolkata,131261
Hepo,Hepo,CN,23.43077,115.82991,Asia/Shanghai,131238
Iranshahr,Iranshahr,IR,27.20245,60.68476,Asia/Tehran,131232
Soubré,Soubre,CI,5.78377,-6.59388,Africa/Abidjan,131181
Onomichi,Onomichi,JP,34.41667,133.2,Asia/Tokyo,131170
Itapipoca,Itapipoca,BR,-3.49444,-39.57861,America/Fortaleza,131123
Crato,Crato,BR,-7.23417,-39.40944,America/Fortaleza,131050
Denton,Denton,US,33.21484,-97.13307,America/Chicago,131044
Etah,Etah,IN,27.55879,78.65692,Asia/Kolkata,131023
Pīlibhīt,Pilibhit,IN,28.63124,79.80436,Asia/Kolkata,131008
Shangzhi,Shangzhi,CN,45.20562,128.00242,Asia/Shanghai,131006
Lashio,Lashio,MM,22.9359,97.7498,Asia/Yangon,131000
Novomoskovsk,Novomoskovsk,RU,54.01098,38.29084,Europe/Moscow,130982
Matsubara,Matsubara,JP,34.56667,135.55,Asia/Tokyo,130855
Abengourou,Abengourou,CI,6.72972,-3.49639,Africa/Abidjan,130810
Al Bāb,Al Bab,SY,36.37051,37.5157,Asia/Damascus,130745
Shuangcheng,Shuangcheng,CN,45.3798,126.30711,Asia/Shanghai,130710
Exeter,Exeter,GB,50.7236,-3.52751,Europe/London,130709
Circoiscrizione III,Circoiscrizione III,IT,45.06279,7.63071,Europe/Rome,130709
Ho,Ho,GH,6.60084,0.4713,Africa/Accra,130701
Narowal,Narowal,PK,32.10197,74.87303,Asia/Karachi,130692
Lào Cai,Lao Cai,VN,22.48556,103.97066,Asia/Bangkok,130671
Al Ajaylat,Al Ajaylat,LY,32.75718,12.37633,Africa/Tripoli,130546
Udon Thani,Udon Thani,TH,17.41567,102.78589,Asia/Bangkok,130531
Baḥarkah,Baharkah,IQ,36.31556,44.03533,Asia/Baghdad,130518
Bayan Lepas,Bayan Lepas,MY,5.29992,100.26052,Asia/Kuala_Lumpur,130455
Petrogradka,Petrogradka,RU,59.96567,30.31154,Europe/Moscow,130455
Rajapalayam,Rajapalayam,IN,9.45296,77.55335,Asia/Kolkata,130442
Zipaquirá,Zipaquira,CO,5.02208,-74.00481,America/Bogota,130432
Jīroft,Jiroft,IR,28.67806,57.74056,Asia/Tehran,130429
Cedar Rapids,Cedar Rapids,US,42.00833,-91.64407,America/Chicago,130405
Dongyang,Dongyang,CN,29.26778,120.22528,Asia/Shanghai,130387
Nantou,Nantou,CN,22.72171,113.29261,Asia/Shanghai,130370
Botad,Botad,IN,22.16917,71.66671,Asia/Kolkata,130327
Nablus,Nablus,PS,32.22111,35.25444,Asia/Hebron,130326
New Haven,New Haven,US,41.30815,-72.92816,America/New_York,130322
Arcahaie,Arcahaie,HT,18.77019,-72.51226,America/Port-au-Prince,130306
Jiazi,Jiazi,CN,22.87932,116.07318,Asia/Shanghai,130298
Foumban,Foumban,CM,5.72662,10.89865,Africa/Douala,130287
Roseville,Roseville,US,38.75212,-121.28801,America/Los_Angeles,130269
Quilpué,Quilpue,CL,-33.04752,-71.44249,America/Santiago,130263
Kati,Kati,ML,12.74409,-8.07257,Africa/Bamako,130254
Seri Kembangan,Seri Kembangan,MY,3.03333,101.71667,Asia/Kuala_Lumpur,130252
Kembangan,Kembangan,SG,1.32228,103.91135,Asia/Singapore,130252
Colchester,Colchester,GB,51.88921,0.90421,Europe/London,130245
Umeå,Umea,SE,63.82842,20.25972,Europe/Stockholm,130224
Din Daeng,Din Daeng,TH,13.7904,100.57014,Asia/Bangkok,130220
Apucarana,Apucarana,BR,-23.55083,-51.46083,America/Sao_Paulo,130134
Sennar,Sennar,SD,13.56907,33.56718,Africa/Khartoum,130122
Masaya,Masaya,NI,11.97316,-86.09587,America/Managua,130113
Visalia,Visalia,US,36.33023,-119.29206,America/Los_Angeles,130104
Caála,Caala,AO,-12.8525,15.56056,Africa/Luanda,130000
Sonārgaon,Sonargaon,BD,23.65,90.61667,Asia/Dhaka,130000
Tottenham,Tottenham,GB,51.60373,-0.06794,Europe/London,130000
Zugló,Zuglo,HU,47.51758,19.10549,Europe/Budapest,130000
Aley,Aley,LB,33.80528,35.6,Asia/Beirut,130000
San Martin,San Martin,PE,-5.18591,-80.66927,America/Lima,130000
Tychy,Tychy,PL,50.13717,18.96641,Europe/Warsaw,130000
Ramenki,Ramenki,RU,55.7,37.5,Europe/Moscow,130000
Wuda,Wuda,CN,39.49944,106.71167,Asia/Shanghai,129922
Cambridge,Cambridge,CA,43.3601,-80.31269,America/Toronto,129920
Mardin,Mardin,TR,37.31309,40.74357,Europe/Istanbul,129864
Pingxiang,Pingxiang,CN,22.09694,106.75667,Asia/Shanghai,129843
Zwolle,Zwolle,NL,52.5125,6.09444,Europe/Amsterdam,129840
Baidoa,Baidoa,SO,3.11383,43.6498,Africa/Mogadishu,129839
Sầm Sơn,Sam Son,VN,19.73333,105.9,Asia/Ho_Chi_Minh,129801
Santo António,Santo Antonio,CN,22.20208,113.54394,Asia/Macau,129800
Salford,Salford,GB,53.48771,-2.29042,Europe/London,129794
Mandi Bahauddin,Mandi Bahauddin,PK,32.58704,73.49123,Asia/Karachi,129733
Tokat,Tokat,TR,40.31389,36.55444,Europe/Istanbul,129702
Erebuni,Erebuni,AM,40.13309,44.53009,Asia/Yerevan,129700
Sukrah,Sukrah,TN,36.87744,10.2468,Africa/Tunis,129693
Ô Môn,O Mon,VN,10.10974,105.62318,Asia/Ho_Chi_Minh,129683
Gapan,Gapan,PH,15.3072,120.9464,Asia/Manila,129610
Deoria,Deoria,IN,26.50167,83.77936,Asia/Kolkata,129570
Bayambang,Bayambang,PH,15.8127,120.4557,Asia/Manila,129506
Mianwali,Mianwali,PK,32.57756,71.52847,Asia/Karachi,129500
Coral Springs,Coral Springs,US,26.27119,-80.2706,America/New_York,129485
Sherbrooke,Sherbrooke,CA,45.40008,-71.89908,America/Toronto,129447
Al Bayḑā’,Al Bayda',LY,32.76272,21.75506,Africa/Tripoli,129439
Jardim Helena,Jardim Helena,BR,-23.4837,-46.41309,America/Sao_Paulo,129409
Sabará,Sabara,BR,-19.88639,-43.80667,America/Sao_Paulo,129380
Acilia-Castel Fusano-Ostia Antica,Acilia-Castel Fusano-Ostia Antica,IT,41.76337,12.33078,Europe/Rome,129362
Charlottenburg,Charlottenburg,DE,52.51667,13.28333,Europe/Berlin,129359
Thousand Oaks,Thousand Oaks,US,34.17056,-118.83759,America/Los_Angeles,129339
Columbia,Columbia,US,38.95171,-92.33407,America/Chicago,129330
Győr,Gyor,HU,47.68333,17.63512,Europe/Budapest,129301
Copiapó,Copiapo,CL,-27.36737,-70.33219,America/Santiago,129280
Vespasiano,Vespasiano,BR,-19.69194,-43.92333,America/Sao_Paulo,129246
Kokubunji,Kokubunji,JP,35.70222,139.47556,Asia/Tokyo,129242
Quibdó,Quibdo,CO,5.69188,-76.65835,America/Bogota,129237
Guelmim,Guelmim,MA,28.98696,-10.05738,Africa/Casablanca,129200
Charallave,Charallave,VE,10.24247,-66.85723,America/Caracas,129182
Shahr-e Kord,Shahr-e Kord,IR,32.32612,50.8572,Asia/Tehran,129153
Malambo,Malambo,CO,10.85953,-74.77386,America/Bogota,129148
Iwakuni,Iwakuni,JP,34.16297,132.22,Asia/Tokyo,129125
Leiyang,Leiyang,CN,26.40238,112.85908,Asia/Shanghai,129116
Białołeka,Bialoleka,PL,52.32127,20.97204,Europe/Warsaw,129106
Cadiz,Cadiz,PH,10.9465,123.288,Asia/Manila,129053
Carnot,Carnot,CF,4.94273,15.87735,Africa/Bangui,129032
Bat Yam,Bat Yam,IL,32.02379,34.75185,Asia/Jerusalem,129012
Zacatecas,Zacatecas,MX,22.76843,-102.58141,America/Mexico_City,129011
Elizabeth,Elizabeth,US,40.66399,-74.2107,America/New_York,129007
Zyablikovo,Zyablikovo,RU,55.61667,37.76667,Europe/Moscow,129000
Bingöl,Bingoel,TR,38.88472,40.49389,Europe/Istanbul,128935
Sātkhira,Satkhira,BD,22.70817,89.07185,Asia/Dhaka,128918
Palo Negro,Palo Negro,VE,10.17389,-67.54194,America/Caracas,128875
Stamford,Stamford,US,41.05343,-73.53873,America/New_York,128874
Idlib,Idlib,SY,35.93062,36.63393,Asia/Damascus,128840
Moanda,Moanda,CD,-5.92753,12.37148,Africa/Kinshasa,128804
Sīnah,Sinah,IQ,36.80851,43.03935,Asia/Baghdad,128776
Ōsaki,Osaki,JP,38.58866,140.973,Asia/Tokyo,128763
Concord,Concord,US,37.97798,-122.03107,America/Los_Angeles,128667
Leiria,Leiria,PT,39.74362,-8.80705,Europe/Lisbon,128640
Puno,Puno,PE,-15.84003,-70.02198,America/Lima,128637
Kamyshin,Kamyshin,RU,50.0885,45.41277,Europe/Volgograd,128626
Shuanglonghu,Shuanglonghu,CN,29.71617,106.60684,Asia/Shanghai,128563
Nimach,Nimach,IN,24.45949,74.86625,Asia/Kolkata,128561
Kafr ad Dawwār,Kafr ad Dawwar,EG,31.13379,30.12969,Africa/Cairo,128539
Águas Claras,Aguas Claras,BR,-15.83969,-48.02675,America/Sao_Paulo,128486
Bosque Saúde,Bosque Saude,BR,-23.60926,-46.62304,America/Sao_Paulo,128469
Novocheboksarsk,Novocheboksarsk,RU,56.11095,47.47755,Europe/Moscow,128468
Besançon,Besancon,FR,47.24878,6.01815,Europe/Paris,128426
Lugazi,Lugazi,UG,0.36788,32.9376,Africa/Kampala,128400
Thành phố Sông Công,Thanh pho Song Cong,VN,21.4772,105.84137,Asia/Ho_Chi_Minh,128357
Rosario,Rosario,PH,13.6323,121.2207,Asia/Manila,128352
Khardah,Khardah,IN,22.71861,88.37806,Asia/Kolkata,128346
Sakakah,Sakakah,SA,29.96974,40.20641,Asia/Riyadh,128332
Khenifra,Khenifra,MA,32.93492,-5.66167,Africa/Casablanca,128318
Al Manāqil,Al Manaqil,SD,14.2459,32.9891,Africa/Khartoum,128297
Teluknaga,Teluknaga,ID,-6.09889,106.63806,Asia/Jakarta,128275
Rustavi,Rustavi,GE,41.56271,44.9787,Asia/Tbilisi,128249
Jose Bonifacio,Jose Bonifacio,BR,-23.56742,-46.43264,America/Sao_Paulo,128243
Manzanillo,Manzanillo,CU,20.34173,-77.12126,America/Havana,128188
Yavatmāl,Yavatmal,IN,20.39324,78.13201,Asia/Kolkata,128175
Hālīsahar,Halisahar,IN,22.93218,88.41859,Asia/Kolkata,128172
Serpukhov,Serpukhov,RU,54.9198,37.41618,Europe/Moscow,128158
Rionegro,Rionegro,CO,6.15515,-75.37371,America/Bogota,128153
Shache,Shache,CN,38.41667,77.24056,Asia/Urumqi,128145
Siheungdong,Siheungdong,KR,37.45177,126.91079,Asia/Seoul,128142
Khanna,Khanna,IN,30.70547,76.22196,Asia/Kolkata,128137
Koidu,Koidu,SL,8.64387,-10.9714,Africa/Freetown,128030
Norman,Norman,US,35.22257,-97.43948,America/Chicago,128026
Mosquera,Mosquera,CO,4.70592,-74.23021,America/Bogota,128012
Orekhovo-Borisovo Severnoye,Orekhovo-Borisovo Severnoye,RU,55.61667,37.68333,Europe/Moscow,128000
Ivanovskoye,Ivanovskoye,RU,55.76667,37.83333,Europe/Moscow,128000
Votorantim,Votorantim,BR,-23.54667,-47.43778,America/Sao_Paulo,127923
Buôn Hồ,Buon Ho,VN,12.95226,108.2962,Asia/Ho_Chi_Minh,127920
Chũ,Chu,VN,21.37379,106.56649,Asia/Bangkok,127881
Västerås,Vaesteras,SE,59.61617,16.55276,Europe/Stockholm,127799
Seto,Seto,JP,35.23333,137.1,Asia/Tokyo,127792
Alhambra,Alhambra,US,33.49838,-112.13432,America/Phoenix,127764
Titāgarh,Titagarh,IN,22.74252,88.37326,Asia/Kolkata,127751
Newcastle under Lyme,Newcastle under Lyme,GB,53,-2.23333,Europe/London,127727
Opole,Opole,PL,50.67119,17.92604,Europe/Warsaw,127676
Worcester,Worcester,ZA,-33.64651,19.44852,Africa/Johannesburg,127597
Elbląg,Elblag,PL,54.1522,19.40884,Europe/Warsaw,127558
Sirajganj,Sirajganj,BD,24.45771,89.70802,Asia/Dhaka,127481
Jequié,Jequie,BR,-13.85875,-40.08512,America/Bahia,127475
Płock,Plock,PL,52.54682,19.70638,Europe/Warsaw,127474
Wałbrzych,Walbrzych,PL,50.77141,16.28432,Europe/Warsaw,127431
Yevlakh,Yevlakh,AZ,40.61832,47.15014,Asia/Baku,127400
Mykilska Borshchahivka,Mykilska Borshchahivka,UA,50.42638,30.37442,Europe/Kyiv,127400
Al Manzalah,Al Manzalah,EG,31.15823,31.936,Africa/Cairo,127394
Wau,Wau,SS,7.70111,27.98972,Africa/Juba,127384
Södermalm,Soedermalm,SE,59.31278,18.07577,Europe/Stockholm,127323
Athens,Athens,US,33.96095,-83.37794,America/New_York,127315
Amaigbo,Amaigbo,NG,5.78917,7.83829,Africa/Lagos,127300
Vila Mariana,Vila Mariana,BR,-23.58833,-46.63464,America/Sao_Paulo,127286
Chiang Mai,Chiang Mai,TH,18.79038,98.98468,Asia/Bangkok,127240
Lafia,Lafia,NG,8.4939,8.51532,Africa/Lagos,127236
Jiangyou,Jiangyou,CN,31.76667,104.71667,Asia/Shanghai,127225
Mustafābād,Mustafabad,IN,28.71974,77.26781,Asia/Kolkata,127167
Tengyue,Tengyue,CN,24.99492,98.51276,Asia/Shanghai,127133
Shajing,Shajing,CN,22.74628,113.81903,Asia/Shanghai,127089
Jinfeng,Jinfeng,CN,28.2385,116.60054,Asia/Shanghai,127076
Sancti Spíritus,Sancti Spiritus,CU,21.93429,-79.4398,America/Havana,127069
Mataró,Mataro,ES,41.54211,2.4445,Europe/Madrid,126988
Kent,Kent,US,47.38093,-122.23484,America/Los_Angeles,126952
Pakokku,Pakokku,MM,21.33489,95.08438,Asia/Yangon,126938
Murom,Murom,RU,55.56853,42.02388,Europe/Moscow,126931
Daska Kalan,Daska Kalan,PK,32.32422,74.35039,Asia/Karachi,126924
Sertãozinho,Sertaozinho,BR,-21.13778,-47.99028,America/Sao_Paulo,126887
Hāthras,Hathras,IN,27.59551,78.05201,Asia/Kolkata,126882
Pulong Santa Cruz,Pulong Santa Cruz,PH,14.27324,121.07643,Asia/Manila,126844
Klaten,Klaten,ID,-7.70583,110.60639,Asia/Jakarta,126831
Khasavyurt,Khasavyurt,RU,43.24872,46.58571,Europe/Moscow,126829
Neftekamsk,Neftekamsk,RU,56.08879,54.26383,Asia/Yekaterinburg,126805
Villaverde,Villaverde,ES,40.35,-3.7,Europe/Madrid,126802
Simi Valley,Simi Valley,US,34.26945,-118.78148,America/Los_Angeles,126788
Bayawan,Bayawan,PH,9.3649,122.804,Asia/Manila,126744
Jorhat,Jorhat,IN,26.75751,94.20306,Asia/Kolkata,126736
Santa Cruz,Santa Cruz,PH,14.6,120.98333,Asia/Manila,126735
La Victoria,La Victoria,VE,10.22677,-67.33122,America/Caracas,126721
Pakpattan,Pakpattan,PK,30.34314,73.38944,Asia/Karachi,126706
Jingzhi,Jingzhi,CN,36.31,119.3875,Asia/Shanghai,126703
Danshui,Danshui,CN,22.7984,114.46716,Asia/Shanghai,126701
Bahawalnagar,Bahawalnagar,PK,30.55083,73.39083,Asia/Karachi,126700
Circoiscrizione V,Circoiscrizione V,IT,45.10147,7.65538,Europe/Rome,126666
Barcarena,Barcarena,BR,-1.50583,-48.62583,America/Belem,126650
Solihull,Solihull,GB,52.41426,-1.78094,Europe/London,126577
East Los Angeles,East Los Angeles,US,34.0239,-118.17202,America/Los_Angeles,126496
Lalitpur,Lalitpur,IN,24.69007,78.41915,Asia/Kolkata,126475
Jombang,Jombang,ID,-7.54595,112.23307,Asia/Jakarta,126465
Maxixe,Maxixe,MZ,-23.85972,35.34722,Africa/Maputo,126408
Nakhon Ratchasima,Nakhon Ratchasima,TH,14.97066,102.10196,Asia/Bangkok,126391
Chinandega,Chinandega,NI,12.62951,-87.13133,America/Managua,126387
Al Jadīd,Al Jadid,LY,27.05,14.4,Africa/Tripoli,126386
Lambaré,Lambare,PY,-25.34682,-57.60647,America/Asuncion,126377
Valinhos,Valinhos,BR,-22.97056,-46.99583,America/Sao_Paulo,126373
Macheng,Macheng,CN,31.18013,115.02213,Asia/Shanghai,126366
Iizuka,Iizuka,JP,33.63654,130.68678,Asia/Tokyo,126364
Hua Hin,Hua Hin,TH,12.57065,99.95876,Asia/Bangkok,126355
San Carlos del Zulia,San Carlos del Zulia,VE,9.00098,-71.92683,America/Caracas,126353
Vilkhivskyi,Vilkhivskyi,UA,48.54327,39.28201,Europe/Kyiv,126340
Rafaḩ,Rafah,PS,31.29722,34.24357,Asia/Gaza,126305
Ampang,Ampang,MY,3.15,101.76667,Asia/Kuala_Lumpur,126285
Altamira,Altamira,BR,-3.20333,-52.20639,America/Santarem,126279
Guntakal,Guntakal,IN,15.17112,77.36244,Asia/Kolkata,126270
Ālā'ĕr,Ala'er,CN,40.54184,81.26566,Asia/Urumqi,126259
Santa Clara,Santa Clara,US,37.35411,-121.95524,America/Los_Angeles,126215
Pithampur,Pithampur,IN,22.60197,75.69649,Asia/Kolkata,126200
Paseh,Paseh,ID,-7.068,107.794,Asia/Jakarta,126181
Mothīhāri,Mothihari,IN,26.64862,84.91656,Asia/Kolkata,126158
Koganei,Koganei,JP,35.70014,139.51109,Asia/Tokyo,126074
Retiro,Retiro,ES,40.41317,-3.68307,Europe/Madrid,126058
Nossa Senhora de Fátima,Nossa Senhora de Fatima,CN,22.20769,113.54831,Asia/Macau,126000
Sunset Park,Sunset Park,US,40.64548,-74.01241,America/New_York,126000
Topeka,Topeka,US,39.04833,-95.67804,America/Chicago,125963
Orléans,Orleans,CA,45.45732,-75.50433,America/Toronto,125937
Paek'ak,Paek'ak,KP,39.46275,125.60594,Asia/Pyongyang,125924
Huicheng,Huicheng,CN,23.03845,116.28988,Asia/Shanghai,125919
Puerto Ayacucho,Puerto Ayacucho,VE,5.66049,-67.58343,America/Caracas,125840
Gashua,Gashua,NG,12.87398,11.04057,Africa/Lagos,125817
Les Cayes,Les Cayes,HT,18.19199,-73.74948,America/Port-au-Prince,125799
Salerno,Salerno,IT,40.67545,14.79328,Europe/Rome,125797
Savannakhet,Savannakhet,LA,16.5703,104.7622,Asia/Vientiane,125760
Munūf,Munuf,EG,30.46597,30.93199,Africa/Cairo,125707
Watford,Watford,GB,51.65531,-0.39602,Europe/London,125707
Giresun,Giresun,TR,40.91698,38.38741,Europe/Istanbul,125682
Xiazhen,Xiazhen,CN,34.80222,117.11167,Asia/Shanghai,125667
Torbat-e Ḩeydarīyeh,Torbat-e Heydariyeh,IR,35.27401,59.21949,Asia/Tehran,125633
Chaeryŏng-ni,Chaeryong-ni,KP,38.73583,125.23083,Asia/Pyongyang,125631
Kastamonu,Kastamonu,TR,41.37805,33.77528,Europe/Istanbul,125622
Tando Adam,Tando Adam,PK,25.76818,68.66196,Asia/Karachi,125598
Kanhangad,Kanhangad,IN,12.30814,75.10632,Asia/Kolkata,125564
‘Ajlūn,'Ajlun,JO,32.33326,35.75279,Asia/Amman,125557
Derince,Derince,TR,40.75694,29.81472,Europe/Istanbul,125485
Sukawati,Sukawati,ID,-8.4913,115.0459,Asia/Makassar,125470
Jagdalpur,Jagdalpur,IN,19.08136,82.02131,Asia/Kolkata,125463
Kuopio,Kuopio,FI,62.89238,27.67703,Europe/Helsinki,125462
Bang Sue,Bang Sue,TH,13.81086,100.53064,Asia/Bangkok,125440
Los Ángeles,Los Angeles,CL,-37.46973,-72.35366,America/Santiago,125430
Haimen,Haimen,CN,23.19346,116.61219,Asia/Shanghai,125427
Karabük,Karabuek,TR,41.20488,32.62768,Europe/Istanbul,125403
Ntuzuma,Ntuzuma,ZA,-29.739,30.949,Africa/Johannesburg,125394
Tsuruoka,Tsuruoka,JP,38.72167,139.82167,Asia/Tokyo,125389
Saint Peters,Saint Peters,GB,51.36667,1.41667,Europe/London,125370
Barbacena,Barbacena,BR,-21.22583,-43.77361,America/Sao_Paulo,125317
Uruma,Uruma,JP,26.37609,127.85908,Asia/Tokyo,125303
Debre Tabor,Debre Tabor,ET,11.85,38.01667,Africa/Addis_Ababa,125300
Nzega,Nzega,TZ,-4.21667,33.18333,Africa/Dar_es_Salaam,125193
Abilene,Abilene,US,32.44874,-99.73314,America/Chicago,125182
Ban Samae Dam,Ban Samae Dam,TH,13.58956,100.38734,Asia/Bangkok,125133
Shahecheng,Shahecheng,CN,36.93833,114.50583,Asia/Shanghai,125132
Kumbo,Kumbo,CM,6.2,10.66667,Africa/Douala,125124
Ottawa South,Ottawa South,CA,45.3921,-75.68725,America/Toronto,125090
Willemstad,Willemstad,CW,12.12246,-68.88641,America/Curacao,125000
Bălţi,Balti,MD,47.76291,27.92854,Europe/Chisinau,125000
Tyoply Stan,Tyoply Stan,RU,55.62047,37.49338,Europe/Moscow,125000
Az Zulfī,Az Zulfi,SA,26.29945,44.81542,Asia/Riyadh,125000
Sultan Kudarat,Sultan Kudarat,PH,7.22889,124.25778,Asia/Manila,124965
Bet Shemesh,Bet Shemesh,IL,31.73072,34.99293,Asia/Jerusalem,124957
Jagādhri,Jagadhri,IN,30.16719,77.30367,Asia/Kolkata,124894
Huixquilucan,Huixquilucan,MX,19.35985,-99.35016,America/Mexico_City,124846
Semnan,Semnan,IR,35.57691,53.39205,Asia/Tehran,124826
León,Leon,ES,42.60003,-5.57032,Europe/Madrid,124772
San Francisco de Macorís,San Francisco de Macoris,DO,19.29377,-70.25285,America/Santo_Domingo,124763
Yushu,Yushu,CN,44.82751,126.54063,Asia/Shanghai,124736
Yuanlin,Yuanlin,TW,23.95671,120.57608,Asia/Taipei,124725
Santa Tecla,Santa Tecla,SV,13.67741,-89.28335,America/El_Salvador,124694
Guarapari,Guarapari,BR,-20.67182,-40.50196,America/Sao_Paulo,124656
Ciudad Valles,Ciudad Valles,MX,21.99631,-99.01093,America/Mexico_City,124644
Ouahigouya,Ouahigouya,BF,13.5769,-2.41786,Africa/Ouagadougou,124587
Poblacion,Poblacion,PH,14.3787,121.025,Asia/Manila,124554
Kashihara-shi,Kashihara-shi,JP,34.50896,135.7929,Asia/Tokyo,124521
Ashmūn,Ashmun,EG,30.29735,30.97641,Africa/Cairo,124483
Ağrı,Agri,TR,39.71467,43.04015,Europe/Istanbul,124483
Leeuwarden,Leeuwarden,NL,53.20271,5.80973,Europe/Amsterdam,124481
Bến Tre,Ben Tre,VN,10.24147,106.37585,Asia/Ho_Chi_Minh,124449
Monza,Monza,IT,45.58005,9.27246,Europe/Rome,124398
New Mirpur City,New Mirpur City,PK,33.14782,73.75187,Asia/Karachi,124352
Ji Paraná,Ji Parana,BR,-10.88528,-61.95167,America/Porto_Velho,124333
Chía,Chia,CO,4.85876,-74.05866,America/Bogota,124309
Pinsk,Pinsk,BY,52.12153,26.06726,Europe/Minsk,124295
Koreatown,Koreatown,US,34.05779,-118.30091,America/Los_Angeles,124281
Targówek,Targowek,PL,52.29185,21.04845,Europe/Warsaw,124279
Lecheng,Lecheng,CN,25.128,113.35041,Asia/Shanghai,124268
Nancun,Nancun,CN,36.53278,120.13389,Asia/Shanghai,124210
Marand,Marand,IR,38.4329,45.7749,Asia/Tehran,124191
As Sinbillāwayn,As Sinbillawayn,EG,30.88251,31.46275,Africa/Cairo,124020
Crawley,Crawley,GB,51.11303,-0.18312,Europe/London,124008
Rudnyy,Rudnyy,KZ,52.97244,63.11055,Asia/Qostanay,124000
Magangué,Magangue,CO,9.24202,-74.75467,America/Bogota,123982
Itaguaí,Itaguai,BR,-22.85222,-43.77528,America/Sao_Paulo,123980
Bemowo,Bemowo,PL,52.2546,20.90844,Europe/Warsaw,123932
Metz,Metz,FR,49.11911,6.17269,Europe/Paris,123914
Jiupu,Jiupu,CN,41.06667,122.95,Asia/Shanghai,123843
Dārjiling,Darjiling,IN,27.03333,88.26667,Asia/Kolkata,123797
Baoshan,Baoshan,CN,46.57472,131.39318,Asia/Shanghai,123791
Salvaleón de Higüey,Salvaleon de Higueey,DO,18.61501,-68.70798,America/Santo_Domingo,123787
São Mateus,Sao Mateus,BR,-18.72011,-39.85891,America/Sao_Paulo,123752
Butanta,Butanta,BR,-23.5702,-46.72628,America/Sao_Paulo,123748
Thaton,Thaton,MM,16.91867,97.37001,Asia/Yangon,123727
Budapest III. kerület,Budapest III. keruelet,HU,47.54157,19.04501,Europe/Budapest,123723
Kurichchi,Kurichchi,IN,10.96085,76.97379,Asia/Kolkata,123667
Lumajang,Lumajang,ID,-8.1335,113.2248,Asia/Jakarta,123626
Ise,Ise,JP,34.48333,136.7,Asia/Tokyo,123533
Hagonoy,Hagonoy,PH,14.83413,120.73271,Asia/Manila,123531
Uruguaiana,Uruguaiana,BR,-29.75472,-57.08833,America/Sao_Paulo,123480
Samandağ,Samandag,TR,36.08012,35.97603,Europe/Istanbul,123447
Caraguatatuba,Caraguatatuba,BR,-23.62028,-45.41306,America/Sao_Paulo,123389
Itaituba,Itaituba,BR,-4.27611,-55.98361,America/Santarem,123314
Telde,Telde,ES,27.99243,-15.41915,Atlantic/Canary,123265
Indramayu,Indramayu,ID,-6.32639,108.32,Asia/Jakarta,123263
Relizane,Relizane,DZ,35.73734,0.55599,Africa/Algiers,123255
Bordj el Kiffan,Bordj el Kiffan,DZ,36.74871,3.19249,Africa/Algiers,123246
Manas,Manas,KG,40.94498,72.99313,Asia/Bishkek,123239
Kirishima,Kirishima,JP,31.74087,130.76288,Asia/Tokyo,123205
Orizaba,Orizaba,MX,18.85195,-97.09957,America/Mexico_City,123182
Bento Gonçalves,Bento Goncalves,BR,-29.17139,-51.51917,America/Sao_Paulo,123151
Luoyang,Luoyang,CN,23.16244,114.27342,Asia/Shanghai,123144
Toba Tek Singh,Toba Tek Singh,PK,30.97127,72.48275,Asia/Karachi,123102
Bragança,Braganca,BR,-1.05361,-46.76556,America/Belem,123082
Parung,Parung,ID,-6.42139,106.73306,Asia/Jakarta,123078
Honmachi,Honmachi,JP,32.50439,130.59952,Asia/Tokyo,123067
Wolfsburg,Wolfsburg,DE,52.42452,10.7815,Europe/Berlin,123064
Niihama,Niihama,JP,33.96047,133.30522,Asia/Tokyo,123059
Jiaohe,Jiaohe,CN,43.72133,127.33473,Asia/Shanghai,123018
Tsaritsyno,Tsaritsyno,RU,55.6254,37.65032,Europe/Moscow,123000
Tatuí,Tatui,BR,-23.35556,-47.85694,America/Sao_Paulo,122967
Dos Hermanas,Dos Hermanas,ES,37.28287,-5.92088,Europe/Madrid,122943
Ajapnyak,Ajapnyak,AM,40.19917,44.47056,Asia/Yerevan,122800
Tabuk,Tabuk,PH,17.47378,121.46799,Asia/Manila,122771
Tabuk,Tabuk,PH,17.4084,121.2785,Asia/Manila,122771
Dam Dam,Dam Dam,IN,22.63341,88.42286,Asia/Kolkata,122719
Hoima,Hoima,UG,1.43314,31.35241,Africa/Kampala,122700
Alagoinhas,Alagoinhas,BR,-12.13556,-38.41917,America/Bahia,122688
Az Zubayr,Az Zubayr,IQ,30.39213,47.70175,Asia/Baghdad,122676
Schöneberg,Schoeneberg,DE,52.49801,13.3443,Europe/Berlin,122658
Beppu,Beppu,JP,33.27945,131.49751,Asia/Tokyo,122643
Hardoī,Hardoi,IN,27.39491,80.13165,Asia/Kolkata,122635
Behbahān,Behbahan,IR,30.5959,50.2417,Asia/Tehran,122604
Itatiba,Itatiba,BR,-23.00583,-46.83889,America/Sao_Paulo,122581
Huangzhou,Huangzhou,CN,30.45,114.8,Asia/Shanghai,122563
Sheepshead Bay,Sheepshead Bay,US,40.59122,-73.94458,America/New_York,122534
Puruliya,Puruliya,IN,23.33062,86.36303,Asia/Kolkata,122533
Ubon Ratchathani,Ubon Ratchathani,TH,15.23844,104.84866,Asia/Bangkok,122533
Virginia,Virginia,ZA,-28.10391,26.86593,Africa/Johannesburg,122502
Brits,Brits,ZA,-25.63473,27.78022,Africa/Johannesburg,122497
Barretos,Barretos,BR,-20.55722,-48.56778,America/Sao_Paulo,122485
Beylikdüzü,Beylikduezue,TR,40.982,28.6399,Europe/Istanbul,122452
Recklinghausen,Recklinghausen,DE,51.61379,7.19738,Europe/Berlin,122438
Xiulin,Xiulin,CN,29.71667,112.4,Asia/Shanghai,122411
Zhoucun,Zhoucun,CN,36.81667,117.81667,Asia/Shanghai,122402
Cherkessk,Cherkessk,RU,44.22375,42.04624,Europe/Moscow,122395
Maastricht,Maastricht,NL,50.84833,5.68889,Europe/Amsterdam,122378
Amherst,Amherst,US,42.97839,-78.79976,America/New_York,122366
Igarassu,Igarassu,BR,-7.83417,-34.90639,America/Recife,122312
Tekirdağ,Tekirdag,TR,40.9781,27.51101,Europe/Istanbul,122287
Victorville,Victorville,US,34.53611,-117.29116,America/Los_Angeles,122225
Burton upon Trent,Burton upon Trent,GB,52.80728,-1.64263,Europe/London,122199
Chishtian,Chishtian,PK,29.79713,72.85772,Asia/Karachi,122199
Calumpit,Calumpit,PH,14.91639,120.76583,Asia/Manila,122187
Lat Phrao,Lat Phrao,TH,13.80335,100.60696,Asia/Bangkok,122182
Livoberezhnyi,Livoberezhnyi,UA,47.1093,37.64306,Europe/Kyiv,122175
Göttingen,Goettingen,DE,51.53443,9.93228,Europe/Berlin,122149
Titiwangsa,Titiwangsa,MY,3.17822,101.70312,Asia/Kuala_Lumpur,122096
Phasi Charoen,Phasi Charoen,TH,13.71466,100.43691,Asia/Bangkok,122070
Veshnyaki,Veshnyaki,RU,55.72393,37.81952,Europe/Moscow,122000
Presnenskiy,Presnenskiy,RU,55.75,37.55,Europe/Moscow,122000
Zābol,Zabol,IR,31.0306,61.4949,Asia/Tehran,121989
Kaya,Kaya,BF,13.0883,-1.08368,Africa/Ouagadougou,121970
Xiangcheng,Xiangcheng,CN,25.46687,100.56248,Asia/Shanghai,121959
Dharmavaram,Dharmavaram,IN,14.41435,77.72035,Asia/Kolkata,121874
Gokalpur,Gokalpur,IN,28.7029,77.28961,Asia/Kolkata,121870
Ādīgrat,Adigrat,ET,14.277,39.462,Africa/Addis_Ababa,121800
Carora,Carora,VE,10.17283,-70.081,America/Caracas,121741
Vallejo,Vallejo,US,38.10409,-122.25664,America/Los_Angeles,121692
Mackay,Mackay,AU,-21.15345,149.16554,Australia/Brisbane,121691
Bhadreswar,Bhadreswar,IN,22.82449,88.33841,Asia/Kolkata,121662
Dorūd,Dorud,IR,33.49218,49.0616,Asia/Tehran,121638
Bern,Bern,CH,46.94809,7.44744,Europe/Zurich,121631
San Pedro de la Paz,San Pedro de la Paz,CL,-36.83897,-73.10028,America/Santiago,121631
Nagaon,Nagaon,IN,26.35,92.66667,Asia/Kolkata,121628
Lahti,Lahti,FI,60.98267,25.66151,Europe/Helsinki,121622
Vejalpur,Vejalpur,IN,22.69021,73.56299,Asia/Kolkata,121610
Longshui,Longshui,CN,29.56555,105.76205,Asia/Shanghai,121609
Siracusa,Siracusa,IT,37.07542,15.28664,Europe/Rome,121605
Mubende,Mubende,UG,0.55849,31.39489,Africa/Kampala,121600
Stara Zagora,Stara Zagora,BG,42.43205,25.64262,Europe/Sofia,121582
Ondjiva,Ondjiva,AO,-17.06667,15.73333,Africa/Luanda,121537
Alberton,Alberton,ZA,-26.26786,28.12225,Africa/Johannesburg,121536
Magelang,Magelang,ID,-7.47056,110.21778,Asia/Jakarta,121526
Gràcia,Gracia,ES,41.40237,2.15641,Europe/Madrid,121502
Chikmagalūr,Chikmagalur,IN,13.32231,75.774,Asia/Kolkata,121484
Ekibastuz,Ekibastuz,KZ,51.72371,75.32287,Asia/Almaty,121470
Algeciras,Algeciras,ES,36.13326,-5.45051,Europe/Madrid,121414
Lafayette,Lafayette,US,30.22409,-92.01984,America/Chicago,121374
Lianhe,Lianhe,CN,47.13333,129.27426,Asia/Shanghai,121367
Chico,Chico,US,39.72849,-121.83748,America/Los_Angeles,121345
Bhadrak,Bhadrak,IN,21.05447,86.5156,Asia/Kolkata,121338
North Stamford,North Stamford,US,41.13815,-73.54346,America/New_York,121230
Bergamo,Bergamo,IT,45.69601,9.66721,Europe/Rome,121200
Ruse,Ruse,BG,43.84872,25.9534,Europe/Sofia,121168
Sawai Madhopur,Sawai Madhopur,IN,26.02301,76.34408,Asia/Kolkata,121106
Chơn Thành,Chon Thanh,VN,11.42821,106.63536,Asia/Ho_Chi_Minh,121083
Ambikāpur,Ambikapur,IN,23.11892,83.19537,Asia/Kolkata,121071
Apalit,Apalit,PH,14.95333,120.77,Asia/Manila,121057
Hartford,Hartford,US,41.76371,-72.68509,America/New_York,121054
Bukittinggi,Bukittinggi,ID,-0.30907,100.37055,Asia/Jakarta,121028
Dolisie,Dolisie,CG,-4.19834,12.66664,Africa/Brazzaville,121000
Zyuzino,Zyuzino,RU,55.65608,37.56846,Europe/Moscow,121000
Sorriso,Sorriso,BR,-12.54528,-55.71139,America/Cuiaba,120985
Ejido,Ejido,VE,8.54665,-71.24087,America/Caracas,120978
Berkeley,Berkeley,US,37.87159,-122.27275,America/Los_Angeles,120972
Xilin Hot,Xilin Hot,CN,43.96667,116.03333,Asia/Shanghai,120965
Plaridel,Plaridel,PH,14.88722,120.85722,Asia/Manila,120939
West Palm Beach,West Palm Beach,US,26.71534,-80.05337,America/New_York,120932
Kashiwara,Kashiwara,JP,34.45,135.76667,Asia/Tokyo,120922
Ikoma,Ikoma,JP,34.68333,135.7,Asia/Tokyo,120741
Heilbronn,Heilbronn,DE,49.13995,9.22054,Europe/Berlin,120733
Ţūz Khūrmātū,Tuz Khurmatu,IQ,34.88808,44.63256,Asia/Baghdad,120712
Trento,Trento,IT,46.06787,11.12108,Europe/Rome,120709
Shahdad Kot,Shahdad Kot,PK,27.84726,67.90679,Asia/Karachi,120687
Ingolstadt,Ingolstadt,DE,48.76508,11.42372,Europe/Berlin,120658
Toa Payoh New Town,Toa Payoh New Town,SG,1.33611,103.85,Asia/Singapore,120650
Guará,Guara,BR,-15.80976,-47.97202,America/Sao_Paulo,120641
Lichuan,Lichuan,CN,30.3,108.85,Asia/Shanghai,120587
Bangil,Bangil,ID,-7.59939,112.8186,Asia/Jakarta,120551
Bukit Bintang,Bukit Bintang,MY,3.14657,101.71023,Asia/Kuala_Lumpur,120529
Fengcheng,Fengcheng,CN,40.45361,124.07167,Asia/Shanghai,120514
La Concepción,La Concepcion,VE,10.61919,-71.83814,America/Caracas,120478
Ulm,Ulm,DE,48.39841,9.99155,Europe/Berlin,120451
Mandoli,Mandoli,IN,28.70275,77.30995,Asia/Kolkata,120417
San Carlos,San Carlos,VE,9.66415,-68.58659,America/Caracas,120375
Włocławek,Wloclawek,PL,52.64817,19.0678,Europe/Warsaw,120339
Allentown,Allentown,US,40.60843,-75.49018,America/New_York,120207
Satara,Satara,IN,17.68589,73.99333,Asia/Kolkata,120195
Bao'an Centre,Bao'an Centre,CN,22.57953,113.9163,Asia/Shanghai,120170
Charsadda,Charsadda,PK,34.14822,71.7406,Asia/Karachi,120170
Fernando de la Mora,Fernando de la Mora,PY,-25.3386,-57.52167,America/Asuncion,120167
Chūru,Churu,IN,28.30415,74.96718,Asia/Kolkata,120157
Perugia,Perugia,IT,43.1122,12.38878,Europe/Rome,120137
Gangāpur,Gangapur,IN,26.47249,76.71744,Asia/Kolkata,120115
Zhujing,Zhujing,CN,30.901,121.15966,Asia/Shanghai,120084
Bồ Đề,Bo GJe,VN,21.05618,105.86675,Asia/Bangkok,120028
Guelma,Guelma,DZ,36.46214,7.42608,Africa/Algiers,120004
International City,International City,AE,25.16383,55.40987,Asia/Dubai,120000
Dubai Marina,Dubai Marina,AE,25.08525,55.14646,Asia/Dubai,120000
Zhaoyuan,Zhaoyuan,CN,37.36497,120.40997,Asia/Shanghai,120000
Nabatîyé et Tahta,Nabatiye et Tahta,LB,33.37889,35.48389,Asia/Beirut,120000
Rustaq,Rustaq,OM,23.39083,57.42444,Asia/Muscat,120000
Solntsevo,Solntsevo,RU,55.63711,37.38115,Europe/Moscow,120000
Orekhovo-Zuyevo,Orekhovo-Zuyevo,RU,55.81242,38.99155,Europe/Moscow,120000
Gereida,Gereida,SD,11.27543,25.14026,Africa/Khartoum,120000
Cabudwaaq,Cabudwaaq,SO,6.24585,46.2247,Africa/Addis_Ababa,120000
Cheremushky,Cheremushky,UA,46.43251,30.71151,Europe/Kyiv,120000
Madhyapur Thimi,Madhyapur Thimi,NP,27.68056,85.3875,Asia/Kathmandu,119955
Saint-Louis-de-Terrebonne,Saint-Louis-de-Terrebonne,CA,45.70198,-73.78669,America/Toronto,119944
Evansville,Evansville,US,37.97476,-87.55585,America/Chicago,119943
Bonon,Bonon,CI,6.9268,-6.0489,Africa/Abidjan,119938
Bottrop,Bottrop,DE,51.52392,6.9285,Europe/Berlin,119909
Ghotki,Ghotki,PK,28.00437,69.31569,Asia/Karachi,119879
Kwekwe,Kwekwe,ZW,-18.92809,29.81486,Africa/Harare,119863
Malindi,Malindi,KE,-3.21799,40.11692,Africa/Nairobi,119859
Ban I Chang,Ban I Chang,TH,13.71061,99.89617,Asia/Bangkok,119858
Rize,Rize,TR,41.02083,40.52194,Europe/Istanbul,119828
Almirante Tamandaré,Almirante Tamandare,BR,-25.32472,-49.31,America/Sao_Paulo,119825
Jaranwala,Jaranwala,PK,31.3332,73.41868,Asia/Karachi,119785
Palm Bay,Palm Bay,US,28.03446,-80.58866,America/New_York,119760
Salto,Salto,BR,-23.20083,-47.28694,America/Sao_Paulo,119736
Ann,Ann,MM,19.79537,94.04791,Asia/Yangon,119714
Leiden,Leiden,NL,52.15833,4.49306,Europe/Amsterdam,119713
Thon Buri,Thon Buri,TH,13.725,100.48511,Asia/Bangkok,119708
Ajax,Ajax,CA,43.85012,-79.03288,America/Toronto,119677
Bergedorf,Bergedorf,DE,53.48462,10.22904,Europe/Berlin,119665
Pescara,Pescara,IT,42.4584,14.20283,Europe/Rome,119554
Modakeke,Modakeke,NG,7.38299,4.26031,Africa/Lagos,119529
Nobeoka,Nobeoka,JP,32.58333,131.66667,Asia/Tokyo,119521
Naz̧arābād,Nazarabad,IR,35.6102,51.1611,Asia/Tehran,119512
Silang,Silang,PH,14.21567,120.97137,Asia/Manila,119475
Amanfrom,Amanfrom,GH,5.53532,-0.39827,Africa/Accra,119467
Moḩammad Shahr,Mohammad Shahr,IR,35.763,50.9171,Asia/Tehran,119418
Īz̄eh,Izeh,IR,31.83027,49.86756,Asia/Tehran,119399
Nazilli,Nazilli,TR,37.91631,28.32225,Europe/Istanbul,119370
Daitō,Daito,JP,34.71378,135.62033,Asia/Tokyo,119367
Hòa Cường,Hoa Cuong,VN,16.04314,108.18209,Asia/Ho_Chi_Minh,119363
Lira,Lira,UG,2.2499,32.89985,Africa/Kampala,119323
Toledo,Toledo,BR,-24.71361,-53.74306,America/Sao_Paulo,119313
Pforzheim,Pforzheim,DE,48.88436,8.69892,Europe/Berlin,119313
Salihli,Salihli,TR,38.48258,28.14774,Europe/Istanbul,119311
Arabkir,Arabkir,AM,40.20624,44.50365,Asia/Yerevan,119300
Port Dickson,Port Dickson,MY,2.52462,101.79651,Asia/Kuala_Lumpur,119300
Berkane,Berkane,MA,34.92,-2.32,Africa/Casablanca,119284
Dordrecht,Dordrecht,NL,51.81,4.67361,Europe/Amsterdam,119260
Battambang,Battambang,KH,13.10271,103.19822,Asia/Phnom_Penh,119251
Offenbach,Offenbach,DE,50.10061,8.76647,Europe/Berlin,119192
Arapongas,Arapongas,BR,-23.41944,-51.42444,America/Sao_Paulo,119138
Kitami,Kitami,JP,43.80306,143.89083,Asia/Tokyo,119135
Vĩnh Yên,Vinh Yen,VN,21.30891,105.60489,Asia/Bangkok,119128
Madhavaram,Madhavaram,IN,13.14819,80.2314,Asia/Kolkata,119105
Cagua,Cagua,VE,10.18634,-67.45935,America/Caracas,119033
Fujairah,Fujairah,AE,25.11641,56.34141,Asia/Dubai,118933
Mandimba,Mandimba,MZ,-14.3525,35.65056,Africa/Maputo,118922
Reykjavík,Reykjavik,IS,64.13548,-21.89541,Atlantic/Reykjavik,118918
Dohad,Dohad,IN,22.83283,74.25986,Asia/Kolkata,118846
Cheltenham,Cheltenham,GB,51.90006,-2.07972,Europe/London,118836
Huaraz,Huaraz,PE,-9.52614,-77.52869,America/Lima,118836
Santa Coloma de Gramenet,Santa Coloma de Gramenet,ES,41.45152,2.2081,Europe/Madrid,118821
Piraquara,Piraquara,BR,-25.44227,-49.06795,America/Sao_Paulo,118730
Barshi,Barshi,IN,18.23454,75.69275,Asia/Kolkata,118722
Lhasa,Lhasa,CN,29.65,91.1,Asia/Shanghai,118721
Bắc Quang,Bac Quang,VN,22.48333,104.86667,Asia/Ho_Chi_Minh,118690
Xunchang,Xunchang,CN,28.45433,104.71498,Asia/Shanghai,118664
Hưng Yên,Hung Yen,VN,20.64637,106.05112,Asia/Bangkok,118646
Miramar,Miramar,MX,22.36094,-97.89997,America/Monterrey,118614
Bremerhaven,Bremerhaven,DE,53.55357,8.57553,Europe/Berlin,118610
Queenstown,Queenstown,ZA,-31.89756,26.87533,Africa/Johannesburg,118599
Nanbin,Nanbin,CN,29.9994,108.10913,Asia/Shanghai,118597
Khlong Luang,Khlong Luang,TH,14.06467,100.64578,Asia/Bangkok,118551
Ādilābād,Adilabad,IN,19.67203,78.5359,Asia/Kolkata,118526
Fargo,Fargo,US,46.87719,-96.7898,America/Chicago,118523
Brugge,Brugge,BE,51.20892,3.22424,Europe/Brussels,118509
Jhunjhunūn,Jhunjhunun,IN,28.12559,75.39797,Asia/Kolkata,118473
Iguala de la Independencia,Iguala de la Independencia,MX,18.34536,-99.5413,America/Mexico_City,118468
Sarandi,Sarandi,BR,-23.44361,-51.87389,America/Sao_Paulo,118455
Senador Canedo,Senador Canedo,BR,-16.70806,-49.09306,America/Sao_Paulo,118451
Zomba,Zomba,MW,-15.38596,35.3188,Africa/Blantyre,118440
Sepatan,Sepatan,ID,-6.11889,106.575,Asia/Jakarta,118439
Malita,Malita,PH,6.415,125.61167,Asia/Manila,118438
Zielona Góra,Zielona Gora,PL,51.93548,15.50643,Europe/Warsaw,118433
Jetpur,Jetpur,IN,21.75482,70.62347,Asia/Kolkata,118302
Tsentralno-Miskyi,Tsentralno-Miskyi,UA,48.30237,38.03165,Europe/Kyiv,118283
Uppal Kalan,Uppal Kalan,IN,17.40577,78.55911,Asia/Kolkata,118259
Maghāghah,Maghaghah,EG,28.64776,30.841,Africa/Cairo,118223
Pita Kotte,Pita Kotte,LK,6.8905,79.9015,Asia/Colombo,118179
Guiguinto,Guiguinto,PH,14.83333,120.88333,Asia/Manila,118173
Gudivāda,Gudivada,IN,16.43547,80.99555,Asia/Kolkata,118167
Setúbal,Setubal,PT,38.5244,-8.8882,Europe/Lisbon,118166
Torrejón de Ardoz,Torrejon de Ardoz,ES,40.45535,-3.46973,Europe/Madrid,118162
Aizu-Wakamatsu,Aizu-Wakamatsu,JP,37.49142,139.94546,Asia/Tokyo,118159
Bama,Bama,NG,11.52134,13.68952,Africa/Lagos,118121
Ilobu,Ilobu,NG,7.83879,4.48672,Africa/Lagos,118089
Manolo Fortich,Manolo Fortich,PH,8.36972,124.86444,Asia/Manila,118075
Kiến An,Kien An,VN,20.80528,106.62556,Asia/Bangkok,118047
Jandira,Jandira,BR,-23.5275,-46.9025,America/Sao_Paulo,118045
Guaratinguetá,Guaratingueta,BR,-22.81639,-45.1925,America/Sao_Paulo,118044
San Rafael,San Rafael,AR,-34.61531,-68.33238,America/Argentina/Mendoza,118009
Shaoshan,Shaoshan,CN,27.91667,112.51667,Asia/Shanghai,118000
Troparëvo,Troparevo,RU,55.65625,37.48496,Europe/Moscow,118000
Nghi Xuân,Nghi Xuan,VN,18.658,105.752,Asia/Bangkok,118000
Bārān,Baran,IN,25.1,76.51667,Asia/Kolkata,117992
Narmadapuram,Narmadapuram,IN,22.74747,77.72736,Asia/Kolkata,117988
Amreli,Amreli,IN,21.59983,71.21169,Asia/Kolkata,117967
Nakhon Pathom,Nakhon Pathom,TH,13.8196,100.04427,Asia/Bangkok,117927
Manfalūţ,Manfalut,EG,27.3126,30.96987,Africa/Cairo,117925
Kakegawa,Kakegawa,JP,34.76667,138.01667,Asia/Tokyo,117925
Handa,Handa,JP,34.88333,136.93333,Asia/Tokyo,117884
Wushan,Wushan,CN,31.07749,109.87639,Asia/Shanghai,117873
Friedrichshain,Friedrichshain Bezirk,DE,52.51559,13.45482,Europe/Berlin,117829
Abomey,Abomey,BJ,7.18286,1.99119,Africa/Porto-Novo,117824
Sokodé,Sokode,TG,8.98333,1.13333,Africa/Lome,117811
Araguari,Araguari,BR,-18.64722,-48.18722,America/Sao_Paulo,117808
Tarnów,Tarnow,PL,50.01381,20.98698,Europe/Warsaw,117799
Bangkok Noi,Bangkok Noi,TH,13.76266,100.47798,Asia/Bangkok,117793
Jalingo,Jalingo,NG,8.89367,11.3596,Africa/Lagos,117757
Raposo Tavares,Raposo Tavares,BR,-23.59245,-46.78561,America/Sao_Paulo,117738
Saanich,Saanich,CA,48.54964,-123.36931,America/Vancouver,117735
Ibanda,Ibanda,UG,-0.13398,30.49616,Africa/Kampala,117700
Bairro da Penha,Bairro da Penha,BR,-23.3684,-46.31102,America/Sao_Paulo,117691
Nyíregyháza,Nyiregyhaza,HU,47.95539,21.71671,Europe/Budapest,117689
Sano,Sano,JP,36.31667,139.58333,Asia/Tokyo,117669
Karatsu,Karatsu,JP,33.4425,129.96972,Asia/Tokyo,117663
Achinsk,Achinsk,RU,56.26792,90.50145,Asia/Krasnoyarsk,117634
Pudukkottai,Pudukkottai,IN,10.38128,78.82141,Asia/Kolkata,117630
Shunyi,Shunyi,CN,40.12175,116.64783,Asia/Shanghai,117623
Rotherham,Rotherham,GB,53.43012,-1.35678,Europe/London,117618
Ciudad de Villa de Álvarez,Ciudad de Villa de Alvarez,MX,19.26722,-103.73778,America/Mexico_City,117600
Rouiba,Rouiba,DZ,36.73829,3.28079,Africa/Algiers,117558
Banyuwangi,Banyuwangi,ID,-8.2325,114.35755,Asia/Jakarta,117558
Tebingtinggi,Tebingtinggi,ID,3.3285,99.1625,Asia/Jakarta,117530
Tigwav,Tigwav,HT,18.43117,-72.86521,America/Port-au-Prince,117504
Narasaraopet,Narasaraopet,IN,16.23488,80.04927,Asia/Kolkata,117489
Lisala,Lisala,CD,2.15127,21.51672,Africa/Kinshasa,117464
Badin,Badin,PK,24.656,68.837,Asia/Karachi,117455
Banfora,Banfora,BF,10.64064,-4.75285,Africa/Ouagadougou,117452
Punta Arenas,Punta Arenas,CL,-53.16282,-70.90922,America/Punta_Arenas,117430
Kadoma,Kadoma,ZW,-18.33328,29.91534,Africa/Harare,117381
Midsayap,Midsayap,PH,7.19083,124.53028,Asia/Manila,117365
Pyin Oo Lwin,Pyin Oo Lwin,MM,22.03501,96.45683,Asia/Yangon,117303
Clearwater,Clearwater,US,27.96585,-82.8001,America/New_York,117292
Himamaylan,Himamaylan,PH,10.09889,122.87056,Asia/Manila,117286
Independence,Independence,US,39.09112,-94.41551,America/Chicago,117255
Heroica Guaymas,Heroica Guaymas,MX,27.91989,-110.89888,America/Hermosillo,117253
Kedungwuni,Kedungwuni,ID,-6.97038,109.64794,Asia/Jakarta,117249
Ilebo,Ilebo,CD,-4.33111,20.58638,Africa/Lubumbashi,117245
Kristiansand,Kristiansand,NO,58.14671,7.9956,Europe/Oslo,117237
Longjing,Longjing,CN,42.77131,129.42307,Asia/Shanghai,117185
Kroonstad,Kroonstad,ZA,-27.65036,27.23488,Africa/Johannesburg,117152
Remscheid,Remscheid,DE,51.17983,7.1925,Europe/Berlin,117118
Billings,Billings,US,45.78329,-108.50069,America/Denver,117116
Möng Yang,Moeng Yang,MM,21.8478,99.67651,Asia/Yangon,117108
Umuarama,Umuarama,BR,-23.76639,-53.325,America/Sao_Paulo,117095
Čačak,Cacak,RS,43.89139,20.34972,Europe/Belgrade,117072
Ann Arbor,Ann Arbor,US,42.27756,-83.74088,America/Detroit,117070
Los Baños,Los Banos,PH,14.17025,121.24181,Asia/Manila,117030
Duekoué,Duekoue,CI,6.74202,-7.34918,Africa/Abidjan,117023
Higashikurume,Higashikurume,JP,35.75202,139.51169,Asia/Tokyo,117020
Rishra,Rishra,IN,22.72394,88.34563,Asia/Kolkata,117014
Pinhais,Pinhais,BR,-25.44472,-49.1925,America/Sao_Paulo,117000
Kyzyl,Kyzyl,RU,51.71108,94.43776,Asia/Krasnoyarsk,116983
Cadiz,Cadiz,ES,36.52672,-6.2891,Europe/Madrid,116979
Dąbrowa Górnicza,Dabrowa Gornicza,PL,50.33394,19.20479,Europe/Warsaw,116971
Fāqūs,Faqus,EG,30.72816,31.79697,Africa/Cairo,116945
Tacurong,Tacurong,PH,6.6925,124.67639,Asia/Manila,116945
Hōfu,Hofu,JP,34.05,131.56667,Asia/Tokyo,116925
Gabela,Gabela,AO,-10.85147,14.37993,Africa/Luanda,116903
Serangoon,Serangoon,SG,1.36278,103.8975,Asia/Singapore,116900
Serangoon New Town,Serangoon New Town,SG,1.35083,103.87083,Asia/Singapore,116900
Funza,Funza,CO,4.71638,-74.21195,America/Bogota,116890
Baripāda,Baripada,IN,21.93458,86.72852,Asia/Kolkata,116849
Kōnosu,Konosu,JP,36.06868,139.51684,Asia/Tokyo,116828
Soreang,Soreang,ID,-7.03306,107.51833,Asia/Jakarta,116780
Smolyanskyi,Smolyanskyi,UA,48.01435,37.73586,Europe/Kyiv,116779
Dinaig,Dinaig,PH,7.16985,124.20836,Asia/Manila,116768
Manp’o,Manp'o,KP,41.15472,126.28944,Asia/Pyongyang,116760
Muktsar,Muktsar,IN,30.47426,74.5166,Asia/Kolkata,116747
El Monte,El Monte,US,34.06862,-118.02757,America/Los_Angeles,116732
Forlì,Forli,IT,44.22177,12.04144,Europe/Rome,116696
Azamgarh,Azamgarh,IN,26.06832,83.18358,Asia/Kolkata,116644
Santa Maria,Santa Maria,BR,-16.03095,-48.02929,America/Sao_Paulo,116622
Masaka,Masaka,UG,-0.33379,31.73409,Africa/Kampala,116600
Ahmadpur East,Ahmadpur East,PK,29.14269,71.25771,Asia/Karachi,116579
Cờ Đỏ,Co GJo,VN,10.09377,105.42916,Asia/Ho_Chi_Minh,116576
Taldykorgan,Taldykorgan,KZ,45.01556,78.37389,Asia/Almaty,116558
Moncloa-Aravaca,Moncloa-Aravaca,ES,40.43547,-3.7317,Europe/Madrid,116531
Gulin,Gulin,CN,28.04223,105.81038,Asia/Shanghai,116527
Al Majaz,Al Majaz,AE,25.32354,55.38774,Asia/Dubai,116503
Thung Khru,Thung Khru,TH,13.62849,100.50952,Asia/Bangkok,116473
Barnāla,Barnala,IN,30.37451,75.5487,Asia/Kolkata,116449
Yelahanka,Yelahanka,IN,13.10073,77.59632,Asia/Kolkata,116447
Pattaya,Pattaya,TH,12.93333,100.88333,Asia/Bangkok,116417
Chittorgarh,Chittorgarh,IN,24.88963,74.62403,Asia/Kolkata,116406
Chenggu,Chenggu,CN,33.14917,107.32583,Asia/Shanghai,116375
Harlem,Harlem,US,40.80788,-73.94542,America/New_York,116345
Orléans,Orleans,FR,47.90248,1.90407,Europe/Paris,116344
Rouen,Rouen,FR,49.44313,1.09932,Europe/Paris,116331
Tinsukia,Tinsukia,IN,27.48905,95.35992,Asia/Kolkata,116322
Westminster,Westminster,US,39.83665,-105.0372,America/Denver,116317
Dasha,Dasha,CN,23.11037,113.4418,Asia/Shanghai,116307
Yakeshi,Yakeshi,CN,49.28333,120.73333,Asia/Shanghai,116284
Ipiranga,Ipiranga,BR,-23.59957,-46.61599,America/Sao_Paulo,116271
Makumbako,Makumbako,TZ,-8.85,34.83333,Africa/Dar_es_Salaam,116232
Khargone,Khargone,IN,21.82292,75.61394,Asia/Kolkata,116150
Mariara,Mariara,VE,10.29532,-67.7177,America/Caracas,116142
Digos,Digos,PH,6.74972,125.35722,Asia/Manila,116122
Tshilenge,Tshilenge,CD,-10.96667,22.9,Africa/Lubumbashi,116073
Aïn Beïda,Ain Beida,DZ,35.79639,7.39278,Africa/Algiers,116064
Shahre Jadide Andisheh,Shahre Jadide Andisheh,IR,35.6803,51.0193,Asia/Tehran,116062
Andīsheh,Andisheh,IR,35.74708,51.27739,Asia/Tehran,116062
Alcobendas,Alcobendas,ES,40.54746,-3.64197,Europe/Madrid,116037
Kissidougou,Kissidougou,GN,9.1848,-10.09987,Africa/Conakry,116019
San Tung Chung Hang,San Tung Chung Hang,HK,22.27875,113.94307,Asia/Hong_Kong,116000
Taganskiy,Taganskiy,RU,55.73333,37.66667,Europe/Moscow,116000
Round Rock,Round Rock,US,30.50826,-97.6789,America/Chicago,115997
Noginsk,Noginsk,RU,55.86486,38.44853,Europe/Moscow,115979
Tinaquillo,Tinaquillo,VE,9.91861,-68.30472,America/Caracas,115937
Wilmington,Wilmington,US,34.23556,-77.94604,America/New_York,115933
Cavite City,Cavite City,PH,14.48369,120.89878,Asia/Manila,115932
Campo Grande,Campo Grande,BR,-23.67463,-46.68751,America/Sao_Paulo,115925
East Harlem,East Harlem,US,40.79472,-73.9425,America/New_York,115921
Formosa,Formosa,BR,-15.53722,-47.33444,America/Sao_Paulo,115901
Tandil,Tandil,AR,-37.3287,-59.1369,America/Argentina/Buenos_Aires,115877
Zoetermeer,Zoetermeer,NL,52.0575,4.49306,Europe/Amsterdam,115845
São Gonçalo do Amarante,Sao Goncalo do Amarante,BR,-5.79333,-35.32944,America/Fortaleza,115838
Sri Jayewardenepura Kotte,Sri Jayewardenepura Kotte,LK,6.88297,79.90708,Asia/Colombo,115826
Nasushiobara,Nasushiobara,JP,36.97682,140.06642,Asia/Tokyo,115794
Catanduva,Catanduva,BR,-21.13778,-48.97278,America/Sao_Paulo,115791
Várzea Paulista,Varzea Paulista,BR,-23.21139,-46.82833,America/Sao_Paulo,115771
Baisha,Baisha,CN,29.06226,106.1189,Asia/Shanghai,115761
Banī Mazār,Bani Mazar,EG,28.49456,30.80526,Africa/Cairo,115759
Urasoe,Urasoe,JP,26.25902,127.73012,Asia/Tokyo,115690
Santana,Santana,BR,-23.49032,-46.6387,America/Sao_Paulo,115689
Yelets,Yelets,RU,52.61435,38.50935,Europe/Moscow,115688
Suan Luang,Suan Luang,TH,13.73028,100.65138,Asia/Bangkok,115658
Parla,Parla,ES,40.23604,-3.76752,Europe/Madrid,115611
Mỹ Hào,My Hao,VN,20.91667,106.08333,Asia/Bangkok,115608
Anliu,Anliu,CN,23.69824,115.67953,Asia/Shanghai,115560
Ribeirão Pires,Ribeirao Pires,BR,-23.71056,-46.41333,America/Sao_Paulo,115559
Recanto das Emas,Recanto das Emas,BR,-15.90864,-48.06447,America/Sao_Paulo,115550
Chunga,Chunga,ZM,-15.31737,28.26868,Africa/Lusaka,115539
Novo-Peredelkino,Novo-Peredelkino,RU,55.64528,37.33583,Europe/Moscow,115536
Baidyabāti,Baidyabati,IN,22.78498,88.32586,Asia/Kolkata,115504
Okigwe,Okigwe,NG,5.82917,7.35056,Africa/Lagos,115499
Ar Rifā‘,Ar Rifa',BH,26.13,50.555,Asia/Bahrain,115495
Uzhhorod,Uzhhorod,UA,48.6242,22.2947,Europe/Kyiv,115449
Kasese,Kasese,UG,0.18333,30.08333,Africa/Kampala,115400
Lengshuijiang,Lengshuijiang,CN,27.68806,111.42944,Asia/Shanghai,115399
Tianfu,Tianfu,CN,37.26366,122.05228,Asia/Shanghai,115370
Arvada,Arvada,US,39.80276,-105.08748,America/Denver,115368
Otaru,Otaru,JP,43.18944,141.00222,Asia/Tokyo,115333
Tayabas,Tayabas,PH,14.0259,121.5929,Asia/Manila,115318
Inkisi,Inkisi,CD,-5.13122,15.0541,Africa/Kinshasa,115317
Iriga City,Iriga City,PH,13.4324,123.4115,Asia/Manila,115306
Vacoas,Vacoas,MU,-20.29806,57.47833,Indian/Mauritius,115289
Beaumont,Beaumont,US,30.08605,-94.10185,America/Chicago,115282
Vlorë,Vlore,AL,40.4696,19.48379,Europe/Tirane,115261
Sanxia,Sanxia,TW,24.93448,121.37139,Asia/Taipei,115185
Provo,Provo,US,40.23384,-111.65853,America/Denver,115162
Bastī,Basti,IN,26.78817,82.71617,Asia/Kolkata,115115
Peoria,Peoria,US,40.69365,-89.58899,America/Chicago,115070
Ezeiza,Ezeiza,AR,-34.8544,-58.52474,America/Argentina/Buenos_Aires,115021
Xiva,Xiva,UZ,41.38555,60.36408,Asia/Samarkand,115000
Amasya,Amasya,TR,40.65333,35.83306,Europe/Istanbul,114921
Mendoza,Mendoza,AR,-32.88946,-68.84582,America/Argentina/Mendoza,114893
Balkh,Balkh,AF,36.75635,66.8972,Asia/Kabul,114883
Mingshui,Mingshui,CN,36.71667,117.5,Asia/Shanghai,114858
Vila Medeiros,Vila Medeiros,BR,-23.48874,-46.57762,America/Sao_Paulo,114839
Phong Điền,Phong GJien,VN,16.58321,107.36438,Asia/Bangkok,114820
Wang Thonglang,Wang Thonglang,TH,13.78546,100.61165,Asia/Bangkok,114768
Carlsbad,Carlsbad,US,33.15809,-117.35059,America/Los_Angeles,114746
Mandera,Mandera,KE,3.93726,41.85688,Africa/Nairobi,114718
Qiaotou,Qiaotou,CN,36.935,101.67361,Asia/Shanghai,114712
Gyumri,Gyumri,AM,40.79305,43.84635,Asia/Yerevan,114667
Silopi,Silopi,TR,37.24379,42.46345,Europe/Istanbul,114645
Gangavati,Gangavati,IN,15.4313,76.52933,Asia/Kolkata,114642
Ambur,Ambur,IN,12.79163,78.71644,Asia/Kolkata,114608
Gorzów Wielkopolski,Gorzow Wielkopolski,PL,52.73371,15.22505,Europe/Warsaw,114567
Simões Filho,Simoes Filho,BR,-12.78444,-38.40389,America/Bahia,114559
Giridih,Giridih,IN,24.18622,86.30875,Asia/Kolkata,114533
Phool Nagar,Phool Nagar,PK,31.2024,73.94857,Asia/Karachi,114530
Quezon,Quezon,PH,7.73028,125.09889,Asia/Manila,114521
Aryanah,Aryanah,TN,36.86012,10.19337,Africa/Tunis,114486
Tungipara,Tungipara,BD,22.89983,89.90326,Asia/Dhaka,114482
Ichinoseki,Ichinoseki,JP,38.91667,141.13333,Asia/Tokyo,114476
Khenchela,Khenchela,DZ,35.43583,7.14333,Africa/Algiers,114472
Khon Kaen,Khon Kaen,TH,16.44671,102.833,Asia/Bangkok,114459
Odessa,Odessa,US,31.84568,-102.36764,America/Chicago,114428
Catalão,Catalao,BR,-18.16583,-47.94639,America/Sao_Paulo,114427
Tando Muhammad Khan,Tando Muhammad Khan,PK,25.12384,68.53677,Asia/Karachi,114406
Springfield,Springfield,US,39.80172,-89.64371,America/Chicago,114394
Somaroboro,Somaroboro,ZA,-25.34604,28.83431,Africa/Johannesburg,114369
Guadalajara de Buga,Guadalajara de Buga,CO,3.90089,-76.29783,America/Bogota,114316
Pamanukan,Pamanukan,ID,-6.28417,107.81056,Asia/Jakarta,114290
Codó,Codo,BR,-4.45528,-43.88556,America/Fortaleza,114275
Pleiku,Pleiku,VN,13.98333,108,Asia/Ho_Chi_Minh,114225
Downey,Downey,US,33.94001,-118.13257,America/Los_Angeles,114219
Lower Hutt,Lower Hutt,NZ,-41.21667,174.91667,Pacific/Auckland,114200
Yuyao,Yuyao,CN,30.05,121.14944,Asia/Shanghai,114177
Rānyah,Ranyah,IQ,36.25511,44.88239,Asia/Baghdad,114173
Hatsukaichi,Hatsukaichi,JP,34.35,132.33333,Asia/Tokyo,114173
Tung Chung,Tung Chung,HK,22.28783,113.94243,Asia/Hong_Kong,114100
Siirt,Siirt,TR,37.9293,41.94134,Europe/Istanbul,114034
Korolyov,Korolyov,UA,50.24487,28.70013,Europe/Kyiv,114034
Zhaozhou,Zhaozhou,CN,45.70595,125.26606,Asia/Shanghai,114009
Villa Lugano,Villa Lugano,AR,-34.67907,-58.47263,America/Argentina/Buenos_Aires,114000
Ochakovo-Matveyevskoye,Ochakovo-Matveyevskoye,RU,55.68432,37.44654,Europe/Moscow,114000
Punta Cardón,Punta Cardon,VE,11.65806,-70.215,America/Caracas,113999
Akishima,Akishima,JP,35.72085,139.37999,Asia/Tokyo,113949
Chililabombwe,Chililabombwe,ZM,-12.36475,27.82286,Africa/Lusaka,113876
Rivière-des-Prairies–Pointe-aux-Trembles,Riviere-des-Prairies-Pointe-aux-Trembles,CA,45.64064,-73.58463,America/Toronto,113868
Worthing,Worthing,GB,50.81795,-0.37538,Europe/London,113866
Navojoa,Navojoa,MX,27.07057,-109.44345,America/Hermosillo,113836
Offa,Offa,NG,8.14911,4.72074,Africa/Lagos,113830
Tobolsk,Tobolsk,RU,58.19807,68.25457,Asia/Yekaterinburg,113800
Tōkai,Tokai,JP,35.02269,136.90887,Asia/Tokyo,113787
Wardha,Wardha,IN,20.73933,78.59784,Asia/Kolkata,113759
Wansheng,Wansheng,CN,28.9629,106.92844,Asia/Shanghai,113751
Eunápolis,Eunapolis,BR,-16.3775,-39.58028,America/Bahia,113710
Wayaobu,Wayaobu,CN,37.13611,109.65972,Asia/Shanghai,113698
Hikone,Hikone,JP,35.25,136.25,Asia/Tokyo,113647
Nagahama,Nagahama,JP,35.38333,136.26667,Asia/Tokyo,113636
Pingshan,Pingshan,CN,22.99376,114.71311,Asia/Shanghai,113631
Songyuan,Songyuan,CN,45.12902,124.82769,Asia/Shanghai,113611
Maba,Maba,CN,24.68413,113.59839,Asia/Shanghai,113609
Fujimino,Fujimino,JP,35.90196,139.52489,Asia/Tokyo,113597
Doncaster,Doncaster,GB,53.52285,-1.13116,Europe/London,113566
Bình Thủy,Binh Thuy,VN,10.07431,105.73974,Asia/Ho_Chi_Minh,113565
Dumaguete,Dumaguete,PH,9.30646,123.30769,Asia/Manila,113541
Budapest XIII. kerület,Budapest XIII. keruelet,HU,47.52978,19.08068,Europe/Budapest,113531
Nippes,Nippes,DE,50.96545,6.95314,Europe/Berlin,113487
Jaén,Jaen,ES,37.76922,-3.79028,Europe/Madrid,113457
Chengqiao,Chengqiao,CN,31.63082,121.39252,Asia/Shanghai,113442
Chorzów,Chorzow,PL,50.30582,18.9742,Europe/Warsaw,113430
Porz am Rhein,Porz am Rhein,DE,50.88637,7.0583,Europe/Berlin,113415
Louga,Louga,SN,15.61867,-16.22436,Africa/Dakar,113365
Elmhurst,Elmhurst,US,40.73649,-73.87791,America/New_York,113364
Hoàng Mai,Hoang Mai,VN,19.26758,105.71594,Asia/Bangkok,113360
Kamsar,Kamsar,GN,10.65,-14.61667,Africa/Conakry,113350
Itabira,Itabira,BR,-19.61917,-43.22694,America/Sao_Paulo,113343
Yaritagua,Yaritagua,VE,10.08081,-69.1242,America/Caracas,113343
Khwisero,Khwisero,KE,0.17124,34.59466,Africa/Nairobi,113294
Costa Mesa,Costa Mesa,US,33.64113,-117.91867,America/Los_Angeles,113204
Miami Gardens,Miami Gardens,US,25.94204,-80.2456,America/New_York,113187
Chesterfield,Chesterfield,GB,53.25,-1.41667,Europe/London,113057
North Peoria,North Peoria,US,40.71754,-89.58426,America/Chicago,113004
Shchyolkovo,Shchyolkovo,RU,55.92497,37.97218,Europe/Moscow,113000
Al Fashn,Al Fashn,EG,28.82306,30.89903,Africa/Cairo,112999
Fairfield,Fairfield,US,38.24936,-122.03997,America/Los_Angeles,112970
Guanabacoa,Guanabacoa,CU,23.12518,-82.30067,America/Havana,112964
Hammanskraal,Hammanskraal,ZA,-25.40892,28.287,Africa/Johannesburg,112950
Ōshū,Oshu,JP,39.13927,141.1685,Asia/Tokyo,112937
Taourirt,Taourirt,MA,34.40731,-2.89732,Africa/Casablanca,112908
Paulo Afonso,Paulo Afonso,BR,-9.40611,-38.21472,America/Bahia,112870
Ţalkhā,Talkha,EG,31.0539,31.37787,Africa/Cairo,112851
Neili,Neili,TW,24.9725,121.26139,Asia/Taipei,112845
Vihari,Vihari,PK,30.0445,72.3556,Asia/Karachi,112840
Taonan,Taonan,CN,45.33319,122.78464,Asia/Shanghai,112819
Youkaichi,Youkaichi,JP,35.11626,136.19768,Asia/Tokyo,112819
Kazo,Kazo,JP,36.11667,139.6,Asia/Tokyo,112792
Santa Lucía Cotzumalguapa,Santa Lucia Cotzumalguapa,GT,14.33505,-91.02339,America/Guatemala,112780
Jönköping,Joenkoeping,SE,57.78145,14.15618,Europe/Stockholm,112766
City of Port Phillip,City of Port Phillip,AU,-37.83382,144.93834,Australia/Melbourne,112669
Tadepalligudem,Tadepalligudem,IN,16.81467,81.52717,Asia/Kolkata,112655
Haikou,Haikou,CN,24.77985,102.57548,Asia/Shanghai,112644
Lansing,Lansing,US,42.73253,-84.55553,America/Detroit,112644
Chanduasi,Chanduasi,IN,28.45178,78.78277,Asia/Kolkata,112635
Bagaha,Bagaha,IN,27.09918,84.09003,Asia/Kolkata,112634
Nefteyugansk,Nefteyugansk,RU,61.09979,72.60349,Asia/Yekaterinburg,112632
Reutlingen,Reutlingen,DE,48.49144,9.20427,Europe/Berlin,112627
Bushwick,Bushwick,US,40.69427,-73.91875,America/New_York,112620
Upata,Upata,VE,8.0162,-62.40561,America/Caracas,112617
Shaowu,Shaowu,CN,27.34089,117.4831,Asia/Shanghai,112585
Mengmao,Mengmao,CN,24.00139,97.86499,Asia/Shanghai,112578
Tangará da Serra,Tangara da Serra,BR,-14.61944,-57.48583,America/Cuiaba,112547
Lawang,Lawang,ID,-7.8353,112.6947,Asia/Jakarta,112540
Itacoatiara,Itacoatiara,BR,-3.14306,-58.44417,America/Manaus,112520
Bouskoura,Bouskoura,MA,33.44976,-7.65239,Africa/Casablanca,112501
Satu Mare,Satu Mare,RO,47.79926,22.86255,Europe/Bucharest,112490
Cubatão,Cubatao,BR,-23.895,-46.42528,America/Sao_Paulo,112476
Kaiyuan,Kaiyuan,CN,42.53306,124.04028,Asia/Shanghai,112462
Kamalia,Kamalia,PK,30.72708,72.64607,Asia/Karachi,112426
Kisii,Kisii,KE,-0.68174,34.76666,Africa/Nairobi,112417
Petržalka,Petrzalka,SK,48.12331,17.12866,Europe/Bratislava,112380
Ermelino Matarazzo,Ermelino Matarazzo,BR,-23.49472,-46.47389,America/Sao_Paulo,112333
Achalpur,Achalpur,IN,21.25665,77.51006,Asia/Kolkata,112311
Guanare,Guanare,VE,9.03934,-69.73364,America/Caracas,112286
Wuzhishan,Wuzhishan,CN,18.78229,109.5013,Asia/Shanghai,112269
Gravesend,Gravesend,US,40.5976,-73.96514,America/New_York,112229
Rochester,Rochester,US,44.02163,-92.4699,America/Chicago,112225
Gondal,Gondal,IN,21.96074,70.80255,Asia/Kolkata,112197
Farīdpur,Faridpur,BD,23.60612,89.84064,Asia/Dhaka,112187
Apopa,Apopa,SV,13.80722,-89.17917,America/El_Salvador,112158
Carmona,Carmona,PH,14.3132,121.0576,Asia/Manila,112140
Laoag,Laoag,PH,18.1978,120.5957,Asia/Manila,112117
Elgin,Elgin,US,42.03725,-88.28119,America/Chicago,112111
Dharashiv,Dharashiv,IN,18.18158,76.03889,Asia/Kolkata,112085
Xigang,Xigang,CN,38.55258,106.34805,Asia/Shanghai,112061
Chóngfú,Chongfu,CN,30.53113,120.4309,Asia/Shanghai,112060
Taipa,Taipa,MO,22.15583,113.55694,Asia/Macau,112051
Port Blair,Port Blair,IN,11.66613,92.74635,Asia/Kolkata,112050
Minatitlán,Minatitlan,MX,18.00011,-94.5569,America/Mexico_City,112046
Esuk Oron,Esuk Oron,NG,4.80293,8.25341,Africa/Lagos,112033
Atbara,Atbara,SD,17.70217,33.98638,Africa/Khartoum,112021
Paulínia,Paulinia,BR,-22.76111,-47.15417,America/Sao_Paulo,112003
Vicenza,Vicenza,IT,45.54672,11.5475,Europe/Rome,111980
Ciudad Guzmán,Ciudad Guzman,MX,19.70413,-103.46383,America/Mexico_City,111975
Ballarat,Ballarat,AU,-37.56622,143.84957,Australia/Melbourne,111973
West Jordan,West Jordan,US,40.60967,-111.9391,America/Denver,111946
Passos,Passos,BR,-20.71889,-46.60972,America/Sao_Paulo,111939
Bagalkot,Bagalkot,IN,16.18673,75.69614,Asia/Kolkata,111933
Lomas de Zamora,Lomas de Zamora,AR,-34.7574,-58.40279,America/Argentina/Buenos_Aires,111897
Yeoju,Yeoju,KR,37.29583,127.63389,Asia/Seoul,111897
Dūmā,Duma,SY,33.57175,36.4027,Asia/Damascus,111864
Winterthur,Winterthur,CH,47.50564,8.72413,Europe/Zurich,111840
Novokuybyshevsk,Novokuybyshevsk,RU,53.09709,49.94001,Europe/Samara,111800
Bou Saâda,Bou Saada,DZ,35.20855,4.17402,Africa/Algiers,111787
Marituba,Marituba,BR,-1.35528,-48.34194,America/Belem,111785
Abnūb,Abnub,EG,27.26881,31.15232,Africa/Cairo,111785
Qūchān,Quchan,IR,37.106,58.50955,Asia/Tehran,111752
Kuningan,Kuningan,ID,-6.97583,108.48306,Asia/Jakarta,111742
Suriāpet,Suriapet,IN,17.14054,79.62045,Asia/Kolkata,111729
Kandy,Kandy,LK,7.2906,80.6336,Asia/Colombo,111701
Zefta,Zefta,EG,30.7142,31.24425,Africa/Cairo,111700
Nova Lima,Nova Lima,BR,-19.98556,-43.84667,America/Sao_Paulo,111697
Bangaon,Bangaon,IN,23.04553,88.83084,Asia/Kolkata,111693
Araxá,Araxa,BR,-19.59333,-46.94056,America/Sao_Paulo,111691
Inglewood,Inglewood,US,33.96168,-118.35313,America/Los_Angeles,111666
Kilis,Kilis,TR,36.71611,37.115,Europe/Istanbul,111648
Conselheiro Lafaiete,Conselheiro Lafaiete,BR,-20.66028,-43.78611,America/Sao_Paulo,111596
Terrebonne,Terrebonne,CA,45.70004,-73.64732,America/Toronto,111575
Resende,Resende,BR,-22.46889,-44.44667,America/Sao_Paulo,111514
Kyimyindine,Kyimyindine,MM,16.80852,96.12415,Asia/Yangon,111514
Set Ka Lay,Set Ka Lay,MM,16.81435,96.11393,Asia/Yangon,111514
Chelmsford,Chelmsford,GB,51.73575,0.46958,Europe/London,111511
Marzahn,Marzahn,DE,52.54525,13.56983,Europe/Berlin,111508
Chiquimula,Chiquimula,GT,14.8009,-89.54641,America/Guatemala,111505
Cileunyi,Cileunyi,ID,-6.93889,107.75278,Asia/Jakarta,111476
Ashoknagar Kalyangarh,Ashoknagar Kalyangarh,IN,22.86416,88.63701,Asia/Kolkata,111475
Mongu,Mongu,ZM,-15.24835,23.12741,Africa/Lusaka,111450
Mulhouse,Mulhouse,FR,47.75205,7.32866,Europe/Paris,111430
Al Fqih Ben Çalah,Al Fqih Ben Calah,MA,32.50213,-6.68771,Africa/Casablanca,111402
Pulilan,Pulilan,PH,14.90167,120.84917,Asia/Manila,111384
Beau Bassin-Rose Hill,Beau Bassin-Rose Hill,MU,-20.23325,57.46609,Indian/Mauritius,111355
Tuscaloosa,Tuscaloosa,US,33.20984,-87.56917,America/Chicago,111338
Sogamoso,Sogamoso,CO,5.71434,-72.93391,America/Bogota,111336
Sainte-Foy,Sainte-Foy,CA,46.78139,-71.29217,America/Toronto,111300
Mbale,Mbale,UG,1.08209,34.17503,Africa/Kampala,111300
São Lourenço da Mata,Sao Lourenco da Mata,BR,-8.00222,-35.01833,America/Recife,111249
Montreuil,Montreuil,FR,48.86415,2.44322,Europe/Paris,111240
Terni,Terni,IT,42.56335,12.64329,Europe/Rome,111189
Deesa,Deesa,IN,24.25612,72.17928,Asia/Kolkata,111160
Navadwīp,Navadwip,IN,23.4067,88.36861,Asia/Kolkata,111123
Maran,Maran,MY,3.586,102.773,Asia/Kuala_Lumpur,111056
Nandurbar,Nandurbar,IN,21.36671,74.24051,Asia/Kolkata,111037
Kasuga,Kasuga,JP,33.52594,130.4611,Asia/Tokyo,111023
Nsukka,Nsukka,NG,6.85783,7.39577,Africa/Lagos,111017
Nguru,Nguru,NG,12.87695,10.45536,Africa/Lagos,111014
Mabopane,Mabopane,ZA,-25.509,28.064,Africa/Johannesburg,110972
Namur,Namur,BE,50.4669,4.86746,Europe/Brussels,110939
Encheng,Encheng,CN,22.18659,112.30424,Asia/Shanghai,110921
Turhal,Turhal,TR,40.3875,36.08111,Europe/Istanbul,110884
Gò Vấp,Go Vap,VN,10.81667,106.68333,Asia/Ho_Chi_Minh,110850
Bandar-e Anzalī,Bandar-e Anzali,IR,37.47318,49.45785,Asia/Tehran,110826
Richardson,Richardson,US,32.94818,-96.72972,America/Chicago,110815
Bokhtar,Bokhtar,TJ,37.83654,68.77762,Asia/Dushanbe,110800
Hadejia,Hadejia,NG,12.45347,10.04115,Africa/Lagos,110753
Zhuji,Zhuji,CN,29.71877,120.24233,Asia/Shanghai,110721
Perpignan,Perpignan,FR,42.69764,2.89541,Europe/Paris,110706
Lowell,Lowell,US,42.63342,-71.31617,America/New_York,110699
Manacapuru,Manacapuru,BR,-3.29972,-60.62056,America/Manaus,110691
East Independence,East Independence,US,39.09556,-94.35523,America/Chicago,110675
Caen,Caen,FR,49.18585,-0.35912,Europe/Paris,110624
Kyivskyi,Kyivskyi,UA,49.60902,34.52933,Europe/Kyiv,110600
Borāzjān,Borazjan,IR,29.2699,51.2188,Asia/Tehran,110567
São Pedro da Aldeia,Sao Pedro da Aldeia,BR,-22.83917,-42.10278,America/Sao_Paulo,110556
Yenangyaung,Yenangyaung,MM,20.46504,94.8712,Asia/Yangon,110553
Gresham,Gresham,US,45.49818,-122.43148,America/Los_Angeles,110553
Antioch,Antioch,US,38.00492,-121.80579,America/Los_Angeles,110542
Manzini,Manzini,SZ,-26.49884,31.38004,Africa/Mbabane,110537
St. John's,St. John's,CA,47.56494,-52.70931,America/St_Johns,110525
Delicias,Delicias,ES,41.64928,-0.90757,Europe/Madrid,110520
Masindi,Masindi,UG,1.67444,31.715,Africa/Kampala,110500
Kfar Saba,Kfar Saba,IL,32.175,34.90694,Asia/Jerusalem,110456
Matsutō,Matsuto,JP,36.51667,136.56667,Asia/Tokyo,110408
Cambridge,Cambridge,US,42.3751,-71.10561,America/New_York,110402
Sultānpur,Sultanpur,IN,26.25788,82.07269,Asia/Kolkata,110368
Delhi Cantonment,Delhi Cantonment,IN,28.6,77.13333,Asia/Kolkata,110351
Firozpur,Firozpur,IN,30.92574,74.61311,Asia/Kolkata,110313
Bayugan,Bayugan,PH,8.75611,125.7675,Asia/Manila,110313
High Point,High Point,US,35.95569,-80.00532,America/New_York,110268
Datun,Datun,CN,34.80923,116.90174,Asia/Shanghai,110258
Manchester,Manchester,US,42.99564,-71.45479,America/New_York,110229
Bāneh,Baneh,IR,35.9975,45.8853,Asia/Tehran,110218
Geylang,Geylang,SG,1.31953,103.88689,Asia/Singapore,110201
Kresek,Kresek,ID,-6.13139,106.37972,Asia/Jakarta,110182
Bender,Bender,MD,46.83158,29.47671,Europe/Chisinau,110175
Mbombela,Mbombela,ZA,-25.47512,30.96935,Africa/Johannesburg,110159
Rodenkirchen,Rodenkirchen,DE,50.89328,6.99481,Europe/Berlin,110158
Sembawang Estate,Sembawang Estate,SG,1.45083,103.82861,Asia/Singapore,110090
Tubarão,Tubarao,BR,-28.46667,-49.00694,America/Sao_Paulo,110088
Gabès,Gabes,TN,33.88146,10.0982,Africa/Tunis,110075
Orkney,Orkney,ZA,-26.98023,26.67272,Africa/Johannesburg,110052
Qingnian,Qingnian,CN,36.84092,115.71087,Asia/Shanghai,110046
Temecula,Temecula,US,33.49364,-117.14836,America/Los_Angeles,110003
Lucapa,Lucapa,AO,-8.41915,20.74466,Africa/Luanda,110000
Mendip,Mendip,GB,51.2372,-2.6266,Europe/London,110000
Qal‘at Sukkar,Qal'at Sukkar,IQ,31.8632,46.07321,Asia/Baghdad,110000
An Nu‘mānīyah,An Nu'maniyah,IQ,32.55621,45.41293,Asia/Baghdad,110000
Kufa,Kufa,IQ,32.05114,44.44017,Asia/Baghdad,110000
Ressano Garcia,Ressano Garcia,MZ,-25.44278,31.99528,Africa/Maputo,110000
Noyabrsk,Noyabrsk,RU,63.19309,75.43728,Asia/Yekaterinburg,110000
Sengerema,Sengerema,TZ,-2.66667,32.65,Africa/Dar_es_Salaam,110000
Bataysk,Bataysk,RU,47.13746,39.75713,Europe/Moscow,109962
Pisa,Pisa,IT,43.70853,10.4036,Europe/Rome,109960
Linshui,Linshui,CN,36.42472,114.20472,Asia/Shanghai,109955
Kamagaya,Kamagaya,JP,35.76971,140.00238,Asia/Tokyo,109932
Sutton Coldfield,Sutton Coldfield,GB,52.56667,-1.81667,Europe/London,109899
Hailun,Hailun,CN,47.44663,126.92475,Asia/Shanghai,109881
Maramag,Maramag,PH,7.76333,125.00528,Asia/Manila,109864
Kecskemét,Kecskemet,HU,46.90618,19.69128,Europe/Budapest,109847
Seversk,Seversk,RU,56.60056,84.88639,Asia/Tomsk,109844
Ciamis,Ciamis,ID,-7.3257,108.3534,Asia/Jakarta,109839
Murrieta,Murrieta,US,33.55391,-117.21392,America/Los_Angeles,109830
Brovary,Brovary,UA,50.51809,30.80671,Europe/Kyiv,109806
Lak Si,Lak Si,TH,13.88724,100.5792,Asia/Bangkok,109770
Wakefield,Wakefield,GB,53.68331,-1.49768,Europe/London,109766
Centennial,Centennial,US,39.57916,-104.87692,America/Denver,109741
Shilong,Shilong,CN,23.11444,113.84722,Asia/Shanghai,109733
Richmond,Richmond,US,37.93576,-122.34775,America/Los_Angeles,109708
Corona,Corona,US,40.74705,-73.86014,America/New_York,109698
Thới Lai,Thoi Lai,VN,10.06522,105.55863,Asia/Ho_Chi_Minh,109684
Sejoumi,Sejoumi,TN,36.75583,10.11833,Africa/Tunis,109672
Dchira El Jihadia,Dchira El Jihadia,MA,30.37345,-9.54761,Africa/Casablanca,109564
Didao,Didao,CN,45.34725,130.83693,Asia/Shanghai,109561
Arsuz,Arsuz,TR,36.41305,35.89033,Europe/Istanbul,109550
Pelabuhanratu,Pelabuhanratu,ID,-6.9875,106.55139,Asia/Jakarta,109523
Marugame,Marugame,JP,34.28333,133.78333,Asia/Tokyo,109513
Habikino,Habikino,JP,34.55276,135.59097,Asia/Tokyo,109479
Arzamas,Arzamas,RU,55.39563,43.8381,Europe/Moscow,109479
Phalaborwa,Phalaborwa,ZA,-23.94299,31.14107,Africa/Johannesburg,109468
Walthamstow,Walthamstow,GB,51.59067,-0.02077,Europe/London,109424
Pueblo,Pueblo,US,38.25445,-104.60914,America/Denver,109412
Guaianases,Guaianases,BR,-23.54333,-46.41083,America/Sao_Paulo,109316
Ijebu-Igbo,Ijebu-Igbo,NG,6.97198,3.99938,Africa/Lagos,109261
Sergiyev Posad,Sergiyev Posad,RU,56.31204,38.13869,Europe/Moscow,109252
Talisay,Talisay,PH,10.7375,122.9666,Asia/Manila,109204
San Juan,San Juan,AR,-31.53726,-68.52568,America/Argentina/San_Juan,109123
Sehore,Sehore,IN,23.2,77.08333,Asia/Kolkata,109118
Jianchang,Jianchang,CN,27.55831,116.63978,Asia/Shanghai,109108
Hulan,Hulan,CN,45.89326,126.57836,Asia/Shanghai,109104
Matagalpa,Matagalpa,NI,12.92795,-85.91906,America/Managua,109089
Khlong Toei,Khlong Toei,TH,13.71014,100.58192,Asia/Bangkok,109041
Leninsk-Kuznetsky,Leninsk-Kuznetsky,RU,54.6567,86.1737,Asia/Novokuznetsk,109023
Kiryū,Kiryu,JP,36.4,139.33333,Asia/Tokyo,108991
Handeni,Handeni,TZ,-5.43333,38.01667,Africa/Dar_es_Salaam,108968
Zhongxiang,Zhongxiang,CN,31.16611,112.58306,Asia/Shanghai,108883
Thunder Bay,Thunder Bay,CA,48.38202,-89.25018,America/Toronto,108843
Iwatsuki,Iwatsuki,JP,35.96474,139.69644,Asia/Tokyo,108833
Pearland,Pearland,US,29.56357,-95.28605,America/Chicago,108821
Dehui,Dehui,CN,44.53674,125.69427,Asia/Shanghai,108818
Waterbury,Waterbury,US,41.55815,-73.0515,America/New_York,108802
Greeley,Greeley,US,40.42331,-104.70913,America/Denver,108795
Boulogne-Billancourt,Boulogne-Billancourt,FR,48.83545,2.24128,Europe/Paris,108782
Warīsān,Warisan,AE,25.16744,55.40708,Asia/Dubai,108759
Kalisz,Kalisz,PL,51.76109,18.09102,Europe/Warsaw,108759
Baia Mare,Baia Mare,RO,47.65729,23.56808,Europe/Bucharest,108759
Mascara,Mascara,DZ,35.39664,0.14027,Africa/Algiers,108629
Uromi,Uromi,NG,6.7,6.33333,Africa/Lagos,108608
Katumba,Katumba,TZ,-9.23333,33.61667,Africa/Dar_es_Salaam,108558
Móng Cái,Mong Cai,VN,21.52471,107.96619,Asia/Bangkok,108553
Vila Maria,Vila Maria,BR,-23.51408,-46.58625,America/Sao_Paulo,108543
Komatsu,Komatsu,JP,36.40263,136.45088,Asia/Tokyo,108509
West Covina,West Covina,US,34.06862,-117.93895,America/Los_Angeles,108484
Enterprise,Enterprise,US,36.02525,-115.24194,America/Los_Angeles,108481
Bānsbāria,Bansbaria,IN,22.95387,88.40098,Asia/Kolkata,108474
Girón,Giron,CO,7.0682,-73.16981,America/Bogota,108466
Baghlān,Baghlan,AF,36.13068,68.70829,Asia/Kabul,108449
Hanjia,Hanjia,CN,29.29524,108.16132,Asia/Shanghai,108430
Trincomalee,Trincomalee,LK,8.5778,81.2289,Asia/Colombo,108420
La Cité-Limoilou,La Cite-Limoilou,CA,46.82894,-71.22641,America/Toronto,108415
Santiago,Santiago,PH,16.68808,121.5487,Asia/Manila,108414
Taibai,Taibai,CN,30.82482,108.35783,Asia/Shanghai,108387
Vedado,Vedado,CU,23.13767,-82.39339,America/Havana,108369
Dagenham,Dagenham,GB,51.55,0.16667,Europe/London,108368
Xuyong,Xuyong,CN,28.16992,105.43452,Asia/Shanghai,108352
North Charleston,North Charleston,US,32.85462,-79.97481,America/New_York,108304
Sohar,Sohar,OM,24.34745,56.70937,Asia/Muscat,108274
Nehe,Nehe,CN,48.4793,124.87016,Asia/Shanghai,108253
Oktyabrsky,Oktyabrsky,RU,54.48147,53.47103,Asia/Yekaterinburg,108200
Tadpatri,Tadpatri,IN,14.90832,78.01031,Asia/Kolkata,108171
Birnin Kebbi,Birnin Kebbi,NG,12.45389,4.1975,Africa/Lagos,108164
Santa Cruz,Santa Cruz,PH,14.2814,121.4161,Asia/Manila,108145
Everett,Everett,US,47.97898,-122.20208,America/Los_Angeles,108010
An Nuhūd,An Nuhud,SD,12.7,28.43333,Africa/Khartoum,108008
Ŭllyul,Ullyul,KP,38.51389,125.18972,Asia/Pyongyang,107997
Rijeka,Rijeka,HR,45.32673,14.44241,Europe/Zagreb,107964
Douliu,Douliu,TW,23.70944,120.54333,Asia/Taipei,107924
Luis Eduardo Magalhães,Luis Eduardo Magalhaes,BR,-12.09086,-45.78501,America/Bahia,107909
Catbalogan,Catbalogan,PH,11.77528,124.88611,Asia/Manila,107896
College Station,College Station,US,30.62798,-96.33441,America/Chicago,107889
As Salţ,As Salt,JO,32.03917,35.72722,Asia/Amman,107874
Mishima,Mishima,JP,35.11667,138.91667,Asia/Tokyo,107851
Jalpāiguri,Jalpaiguri,IN,26.51667,88.73333,Asia/Kolkata,107832
Jalai Nur,Jalai Nur,CN,49.45,117.7,Asia/Shanghai,107828
Tajimi,Tajimi,JP,35.31667,137.13333,Asia/Tokyo,107818
Castelar,Castelar,AR,-34.65142,-58.64074,America/Argentina/Buenos_Aires,107786
Pompano Beach,Pompano Beach,US,26.23786,-80.12477,America/New_York,107762
Coronel,Coronel,CL,-37.03386,-73.14019,America/Santiago,107759
Dusit,Dusit,TH,13.77706,100.51958,Asia/Bangkok,107655
Basingstoke,Basingstoke,GB,51.26249,-1.08708,Europe/London,107642
Bandırma,Bandirma,TR,40.35222,27.97667,Europe/Istanbul,107631
Maidstone,Maidstone,GB,51.26667,0.51667,Europe/London,107627
Tieli,Tieli,CN,46.97544,128.04804,Asia/Shanghai,107621
Umm Qaşr,Umm Qasr,IQ,30.0362,47.91951,Asia/Baghdad,107620
Santana,Santana,BR,-0.03816,-51.17476,America/Belem,107618
Butterworth,Butterworth,MY,5.3991,100.36382,Asia/Kuala_Lumpur,107591
Shaping,Shaping,CN,22.77019,112.95776,Asia/Shanghai,107589
Labé,Labe,GN,11.31823,-12.28332,Africa/Conakry,107571
Koszalin,Koszalin,PL,54.19438,16.17222,Europe/Warsaw,107450
Bolzano,Bolzano,IT,46.49067,11.33982,Europe/Rome,107436
South Fulton,South Fulton,US,33.59259,-84.67294,America/New_York,107436
Sherpur,Sherpur,BD,25.01881,90.01751,Asia/Dhaka,107419
Obninsk,Obninsk,RU,55.10993,36.61238,Europe/Moscow,107392
Circoiscrizione VI,Circoiscrizione VI,IT,45.1022,7.70029,Europe/Rome,107369
Manokwari,Manokwari,ID,-0.86291,134.06402,Asia/Jayapura,107325
Girardot City,Girardot City,CO,4.30079,-74.80754,America/Bogota,107324
Koblenz,Koblenz,DE,50.35357,7.57883,Europe/Berlin,107319
Itaperuna,Itaperuna,BR,-21.205,-41.88778,America/Sao_Paulo,107246
Siegen,Siegen,DE,50.87481,8.02431,Europe/Berlin,107242
Hirnytskyi,Hirnytskyi,UA,48.0211,37.96914,Europe/Kyiv,107216
Cambé,Cambe,BR,-23.27583,-51.27833,America/Sao_Paulo,107208
Mangalagiri,Mangalagiri,IN,16.43083,80.56815,Asia/Kolkata,107197
Thohoyandou,Thohoyandou,ZA,-22.94564,30.48497,Africa/Johannesburg,107144
As Suwayq,As Suwayq,OM,23.84944,57.43861,Asia/Muscat,107143
Norwalk,Norwalk,US,33.90224,-118.08173,America/Los_Angeles,107140
Yên Vinh,Yen Vinh,VN,18.66667,105.66667,Asia/Bangkok,107082
Mitrovicë,Mitrovice,XK,42.88333,20.86667,Europe/Belgrade,107045
Yevpatoriya,Yevpatoriya,UA,45.20091,33.36655,Europe/Simferopol,107040
Pati,Pati,ID,-6.7559,111.038,Asia/Jakarta,107028
Elista,Elista,RU,46.30794,44.25537,Europe/Moscow,106971
Breves,Breves,BR,-1.68222,-50.48028,America/Belem,106968
Dera Murad Jamali,Dera Murad Jamali,PK,28.54657,68.22308,Asia/Karachi,106952
Taungoo,Taungoo,MM,18.94291,96.43408,Asia/Yangon,106945
Bedford,Bedford,GB,52.13459,-0.46632,Europe/London,106940
Bagong Silangan,Bagong Silangan,PH,14.706,121.108,Asia/Manila,106886
Kangnyŏng,Kangnyong,KP,37.9075,125.51,Asia/Pyongyang,106827
Catia La Mar,Catia La Mar,VE,10.60545,-67.03238,America/Caracas,106822
Boulder,Boulder,US,40.01499,-105.27055,America/Denver,106803
Anning,Anning,CN,24.92271,102.48496,Asia/Shanghai,106795
Rayong,Rayong,TH,12.68095,101.25798,Asia/Bangkok,106737
Sirte,Sirte,LY,31.20892,16.58866,Africa/Tripoli,106705
Cherëmushki,Cheremushki,RU,55.66473,37.56135,Europe/Moscow,106587
Broken Arrow,Broken Arrow,US,36.0526,-95.79082,America/Chicago,106563
Daly City,Daly City,US,37.70577,-122.46192,America/Los_Angeles,106562
Açailândia,Acailandia,BR,-4.94667,-47.50472,America/Fortaleza,106550
Cikarang,Cikarang,ID,-6.26111,107.15278,Asia/Jakarta,106479
Arlit,Arlit,NE,18.73694,7.38528,Africa/Niamey,106448
Ba Đồn,Ba GJon,VN,17.75353,106.42355,Asia/Bangkok,106413
Ranebennur,Ranebennur,IN,14.62239,75.62951,Asia/Kolkata,106406
Longjiang,Longjiang,CN,47.33601,123.196,Asia/Shanghai,106384
Hwado,Hwado,KR,37.6525,127.3075,Asia/Seoul,106358
Buhe,Buhe,CN,30.28757,112.22979,Asia/Shanghai,106347
Pindiga,Pindiga,NG,9.98433,10.95229,Africa/Lagos,106322
Berdyansk,Berdyansk,UA,46.75578,36.78815,Europe/Kyiv,106311
Toufen,Toufen,TW,24.68753,120.90942,Asia/Taipei,106310
Dakhla,Dakhla,EH,23.68477,-15.95798,Africa/El_Aaiun,106277
Paniqui,Paniqui,PH,15.6689,120.5806,Asia/Manila,106190
Novotroitsk,Novotroitsk,RU,51.20099,58.31318,Asia/Yekaterinburg,106186
Bergisch Gladbach,Bergisch Gladbach,DE,50.9856,7.13298,Europe/Berlin,106184
Rangamati,Rangamati,BD,22.64317,92.19186,Asia/Dhaka,106069
Alchevsk,Alchevsk,UA,48.46893,38.81669,Europe/Kyiv,106062
Sơn La,Son La,VN,21.3256,103.91882,Asia/Bangkok,106052
Mingachevir,Mingachevir,AZ,40.76422,47.06227,Asia/Baku,106048
Legnica,Legnica,PL,51.21006,16.1619,Europe/Warsaw,106033
Tokoza,Tokoza,ZA,-26.36,28.129,Africa/Johannesburg,106000
Sydney,Sydney,CA,46.1351,-60.1831,America/Glace_Bay,105968
Derbent,Derbent,RU,42.06622,48.28759,Europe/Moscow,105965
Xinghua,Xinghua,CN,32.93917,119.83417,Asia/Shanghai,105918
Khurja,Khurja,IN,28.25382,77.85535,Asia/Kolkata,105909
Mati,Mati,PH,6.95508,126.21655,Asia/Manila,105908
Arjawinangun,Arjawinangun,ID,-6.64528,108.41028,Asia/Jakarta,105845
Le Plateau-Mont-Royal,Le Plateau-Mont-Royal,CA,45.52833,-73.58081,America/Toronto,105813
Funchal,Funchal,PT,32.66568,-16.92547,Atlantic/Madeira,105795
Kishanganj,Kishanganj,IN,26.10224,87.95534,Asia/Kolkata,105782
Yautepec,Yautepec,MX,18.88188,-99.06715,America/Mexico_City,105780
Jataí,Jatai,BR,-17.87939,-51.72166,America/Sao_Paulo,105729
Sergeli,Sergeli,UZ,41.19833,69.22222,Asia/Tashkent,105700
Azare,Azare,NG,11.67478,10.19069,Africa/Lagos,105687
Nantou,Nantou,TW,23.91566,120.66387,Asia/Taipei,105682
Ipojuca,Ipojuca,BR,-8.39889,-35.06389,America/Recife,105638
Lahad Datu,Lahad Datu,MY,5.02298,118.32897,Asia/Kuching,105622
Vila Prudente,Vila Prudente,BR,-23.59255,-46.57278,America/Sao_Paulo,105590
Nova Serrana,Nova Serrana,BR,-19.87611,-44.98361,America/Sao_Paulo,105552
Paragominas,Paragominas,BR,-2.99565,-47.35488,America/Belem,105550
Bukama,Bukama,CD,-9.20443,25.85475,Africa/Lubumbashi,105530
Ponnāni,Ponnani,IN,10.76695,75.92523,Asia/Kolkata,105512
Tanza,Tanza,PH,14.6753,120.9389,Asia/Manila,105510
Inzai,Inzai,JP,35.83479,140.16361,Asia/Tokyo,105463
Bhairab Bāzār,Bhairab Bazar,BD,24.0524,90.9764,Asia/Dhaka,105457
Chengtangcun,Chengtangcun,CN,35.08357,117.19071,Asia/Shanghai,105456
Hindaun,Hindaun,IN,26.73411,77.03519,Asia/Kolkata,105452
Jamālpur,Jamalpur,IN,25.31258,86.48888,Asia/Kolkata,105434
Abū Tīj,Abu Tij,EG,27.04514,31.31845,Africa/Cairo,105418
Coatepeque,Coatepeque,GT,14.70413,-91.86426,America/Guatemala,105415
Baraki,Baraki,DZ,36.66655,3.09606,Africa/Algiers,105402
Robāţ Karīm,Robat Karim,IR,35.4846,51.0829,Asia/Tehran,105393
'Ākra,'Akra,IQ,36.73359,43.88038,Asia/Baghdad,105370
Sandy Springs,Sandy Springs,US,33.92427,-84.37854,America/New_York,105330
Burbank,Burbank,US,34.18084,-118.30897,America/Los_Angeles,105319
Taling Chan,Taling Chan,TH,13.77698,100.4567,Asia/Bangkok,105299
San Justo,San Justo,AR,-34.68107,-58.56379,America/Argentina/Buenos_Aires,105274
Hòa Bình,Hoa Binh,VN,20.81717,105.33759,Asia/Bangkok,105260
Saint-Paul,Saint-Paul,RE,-21.00961,55.27134,Indian/Reunion,105240
Ourense,Ourense,ES,42.33669,-7.86407,Europe/Madrid,105233
Nāgaur,Nagaur,IN,27.20201,73.73394,Asia/Kolkata,105218
Riacho Fundo II,Riacho Fundo II,BR,-15.8981,-48.04671,America/Sao_Paulo,105210
Green Bay,Green Bay,US,44.51916,-88.01983,America/Chicago,105207
Mityana,Mityana,UG,0.4175,32.02278,Africa/Kampala,105200
Jizan,Jizan,SA,16.88917,42.55111,Asia/Riyadh,105198
Texcoco de Mora,Texcoco de Mora,MX,19.51194,-98.88293,America/Mexico_City,105165
Bang Bon,Bang Bon,TH,13.66185,100.39567,Asia/Bangkok,105161
Nikopol,Nikopol,UA,47.56826,34.39126,Europe/Kyiv,105160
Mazyr,Mazyr,BY,52.04162,29.21631,Europe/Minsk,105152
Slovyansk,Slovyansk,UA,48.84974,37.59739,Europe/Kyiv,105141
Maranguape,Maranguape,BR,-3.89083,-38.68556,America/Fortaleza,105093
Santa Maria,Santa Maria,US,34.95303,-120.43572,America/Los_Angeles,105093
Assis,Assis,BR,-22.66167,-50.41222,America/Sao_Paulo,105087
San Francisco De Borja,San Francisco De Borja,PE,-12.08911,-76.99876,America/Lima,105076
Yidu,Yidu,CN,36.77121,118.42454,Asia/Shanghai,105070
Nancy,Nancy,FR,48.68439,6.18496,Europe/Paris,105058
Drammen,Drammen,NO,59.74389,10.20449,Europe/Oslo,105042
Planaltina,Planaltina,BR,-15.45278,-47.61417,America/Sao_Paulo,105031
Araguaína,Araguaina,BR,-7.19111,-48.20722,America/Araguaina,105019
Kuala Krai,Kuala Krai,MY,5.5313,102.19925,Asia/Kuala_Lumpur,105007
Zhonghe,Zhonghe,CN,28.45049,108.98901,Asia/Shanghai,105003
Universal City,Universal City,US,34.1389,-118.35341,America/Los_Angeles,105000
Puyang Chengguanzhen,Puyang Chengguanzhen,CN,35.70622,115.0279,Asia/Shanghai,104994
Ikeda,Ikeda,JP,34.82208,135.4298,Asia/Tokyo,104993
Waterloo,Waterloo,CA,43.4668,-80.51639,America/Toronto,104986
Ambala Sadar,Ambala Sadar,IN,30.33544,76.86265,Asia/Kolkata,104974
Chinautla,Chinautla,GT,14.70289,-90.49983,America/Guatemala,104972
Salzgitter,Salzgitter,DE,52.15705,10.4154,Europe/Berlin,104970
Ville-Marie,Ville-Marie,CA,45.49899,-73.57046,America/Toronto,104944
Moratalaz,Moratalaz,ES,40.40742,-3.64935,Europe/Madrid,104923
Bhiwadi,Bhiwadi,IN,28.21024,76.86056,Asia/Kolkata,104921
Būndi,Bundi,IN,25.43855,75.63735,Asia/Kolkata,104919
Miryalaguda,Miryalaguda,IN,16.8722,79.56247,Asia/Kolkata,104918
Daxing,Daxing,CN,39.74025,116.32693,Asia/Shanghai,104904
Artur Alvim,Artur Alvim,BR,-23.54015,-46.48581,America/Sao_Paulo,104864
Yezhou,Yezhou,CN,30.60369,109.72333,Asia/Shanghai,104839
Hidalgo del Parral,Hidalgo del Parral,MX,26.92987,-105.66618,America/Chihuahua,104836
Saijō,Saijo,JP,33.91667,133.18333,Asia/Tokyo,104791
Lavras,Lavras,BR,-21.24528,-44.99972,America/Sao_Paulo,104761
Coronel Fabriciano,Coronel Fabriciano,BR,-19.51861,-42.62889,America/Sao_Paulo,104736
Jena,Jena,DE,50.92878,11.5899,Europe/Berlin,104712
Wichita Falls,Wichita Falls,US,33.91371,-98.49339,America/Chicago,104710
Brantford,Brantford,CA,43.1334,-80.26636,America/Toronto,104688
Gera,Gera,DE,50.88029,12.08187,Europe/Berlin,104659
Tuyên Quang,Tuyen Quang,VN,21.82356,105.21424,Asia/Bangkok,104645
Ottakring,Ottakring,AT,48.21667,16.3,Europe/Vienna,104627
Al Fāw,Al Faw,IQ,29.97421,48.47309,Asia/Baghdad,104569
Angoche,Angoche,MZ,-16.2325,39.90861,Africa/Maputo,104540
El Mourouj,El Mourouj,TN,36.71364,10.2096,Africa/Tunis,104538
Depok,Depok,ID,-7.7625,110.43167,Asia/Jakarta,104527
Toride,Toride,JP,35.9,140.08333,Asia/Tokyo,104524
Mostar,Mostar,BA,43.34333,17.80806,Europe/Sarajevo,104518
Kamloops,Kamloops,CA,50.66648,-120.3192,America/Vancouver,104460
Mazabuka,Mazabuka,ZM,-15.85601,27.748,Africa/Lusaka,104412
Lakeland,Lakeland,US,28.03947,-81.9498,America/New_York,104401
Pozniaky,Pozniaky,UA,50.40259,30.62352,Europe/Kyiv,104400
Zhezqazghan,Zhezqazghan,KZ,47.79411,67.70628,Asia/Almaty,104357
Pailou,Pailou,CN,30.79641,108.3858,Asia/Shanghai,104351
Lo Prado,Lo Prado,CL,-33.4443,-70.72552,America/Santiago,104316
Tizi Ouzou,Tizi Ouzou,DZ,36.71182,4.04591,Africa/Algiers,104312
Pulandian,Pulandian,CN,39.39528,121.96694,Asia/Shanghai,104277
Helsingborg,Helsingborg,SE,56.04673,12.69437,Europe/Stockholm,104250
Kot Addu,Kot Addu,PK,30.46907,70.96699,Asia/Karachi,104217
Bouaflé,Bouafle,CI,6.99041,-5.7442,Africa/Abidjan,104209
Kara,Kara,TG,9.55111,1.18611,Africa/Lome,104207
Clovis,Clovis,US,36.82523,-119.70292,America/Los_Angeles,104180
Kafue,Kafue,ZM,-15.76911,28.18136,Africa/Lusaka,104174
Wuchuan,Wuchuan,CN,21.45713,110.76591,Asia/Shanghai,104168
Muriaé,Muriae,BR,-21.13056,-42.36639,America/Sao_Paulo,104108
Salaqi,Salaqi,CN,40.54139,110.51083,Asia/Shanghai,104090
Kalulushi,Kalulushi,ZM,-12.84151,28.09479,Africa/Lusaka,104046
Lewisville,Lewisville,US,33.04623,-96.99417,America/Chicago,104039
Oued Zem,Oued Zem,MA,32.8627,-6.57359,Africa/Casablanca,104029
Weldiya,Weldiya,ET,11.8277,39.59164,Africa/Addis_Ababa,104000
Soyībug,Soyibug,IN,34.07677,74.7057,Asia/Kolkata,104000
Izmaylovo,Izmaylovo,RU,55.78677,37.80165,Europe/Moscow,104000
Kiselëvsk,Kiselevsk,RU,53.99,86.6621,Asia/Novokuznetsk,104000
Jishu,Jishu,CN,44.31667,126.8,Asia/Shanghai,103988
El Kelaa des Srarhna,El Kelaa des Srarhna,MA,32.05121,-7.41079,Africa/Casablanca,103982
Séguéla,Seguela,CI,7.96111,-6.67306,Africa/Abidjan,103980
Ourinhos,Ourinhos,BR,-22.97889,-49.87056,America/Sao_Paulo,103970
Totonicapán,Totonicapan,GT,14.91188,-91.36054,America/Guatemala,103952
Abreu e Lima,Abreu e Lima,BR,-7.91167,-34.90278,America/Recife,103945
Ad-Damir,Ad-Damir,SD,17.59898,33.97205,Africa/Khartoum,103941
Jagtiāl,Jagtial,IN,18.79473,78.91661,Asia/Kolkata,103930
Lida,Lida,BY,53.88333,25.29972,Europe/Minsk,103916
Woking,Woking,GB,51.31903,-0.55893,Europe/London,103900
Roorkee,Roorkee,IN,29.86632,77.89118,Asia/Kolkata,103894
Edéa,Edea,CM,3.8,10.13333,Africa/Douala,103861
Yuxi,Yuxi,CN,24.355,102.54222,Asia/Shanghai,103829
Lincoln,Lincoln,GB,53.22683,-0.53792,Europe/London,103813
Novo Gama,Novo Gama,BR,-16.05917,-48.03944,America/Sao_Paulo,103804
Poá,Poa,BR,-23.52806,-46.34472,America/Sao_Paulo,103765
Bashan,Bashan,CN,27.76823,116.05017,Asia/Shanghai,103748
Nkpor,Nkpor,NG,6.15038,6.83042,Africa/Lagos,103733
Berbérati,Berberati,CF,4.26116,15.79216,Africa/Bangui,103713
Bacabal,Bacabal,BR,-4.23246,-44.78164,America/Fortaleza,103711
Tongren,Tongren,CN,35.51483,102.016,Asia/Shanghai,103700
Tyler,Tyler,US,32.35126,-95.30106,America/Chicago,103700
Male,Male,MV,4.17521,73.50916,Indian/Maldives,103693
El Cajon,El Cajon,US,32.79477,-116.96253,America/Los_Angeles,103679
Mandaqui,Mandaqui,BR,-23.45947,-46.64086,America/Sao_Paulo,103665
Piacenza,Piacenza,IT,45.05242,9.69342,Europe/Rome,103607
Gardez,Gardez,AF,33.59744,69.22592,Asia/Kabul,103601
Zhanaozen,Zhanaozen,KZ,43.34116,52.86192,Asia/Aqtau,103598
Gangu Chengguanzhen,Gangu Chengguanzhen,CN,34.73564,105.32632,Asia/Shanghai,103589
Teziutlan,Teziutlan,MX,19.8173,-97.35992,America/Mexico_City,103583
Kolda,Kolda,SN,12.8939,-14.94125,Africa/Dakar,103574
Vila Matilde,Vila Matilde,BR,-23.53936,-46.51788,America/Sao_Paulo,103558
Udgīr,Udgir,IN,18.39258,77.11756,Asia/Kolkata,103550
San Mateo,San Mateo,US,37.56299,-122.32553,America/Los_Angeles,103536
Viseu,Viseu,PT,40.66165,-7.90905,Europe/Lisbon,103502
Nagda,Nagda,IN,23.45834,75.41759,Asia/Kolkata,103501
Moers,Moers,DE,51.45342,6.6326,Europe/Berlin,103487
Brandon,Brandon,US,27.9378,-82.28592,America/New_York,103483
Buzău,Buzau,RO,45.15,26.83333,Europe/Bucharest,103481
Reus,Reus,ES,41.15612,1.10687,Europe/Madrid,103477
Prabumulih,Prabumulih,ID,-3.43447,104.23056,Asia/Jakarta,103470
Itabaiana,Itabaiana,BR,-10.685,-37.42528,America/Maceio,103440
Francistown,Francistown,BW,-21.17,27.50778,Africa/Gaborone,103417
Isehara,Isehara,JP,35.39932,139.31019,Asia/Tokyo,103401
Queluz,Queluz,PT,38.75657,-9.25451,Europe/Lisbon,103399
Ubá,Uba,BR,-21.12,-42.94278,America/Sao_Paulo,103365
Betūl,Betul,IN,21.90056,77.90229,Asia/Kolkata,103330
Chikushino-shi,Chikushino-shi,JP,33.49631,130.5156,Asia/Tokyo,103311
Akademicheskoe,Akademicheskoe,RU,60.01375,30.39471,Europe/Moscow,103304
Turgutlu,Turgutlu,TR,38.49533,27.6997,Europe/Istanbul,103292
Taitung,Taitung,TW,22.75991,121.14457,Asia/Taipei,103260
Kalynivskyi,Kalynivskyi,UA,48.00741,37.85378,Europe/Kyiv,103249
San,San,ML,13.29701,-4.89627,Africa/Bamako,103227
Jahānābād,Jahanabad,IN,25.21368,84.9871,Asia/Kolkata,103202
Lethbridge,Lethbridge,CA,49.69999,-112.81856,America/Edmonton,103197
Cursino,Cursino,BR,-23.63143,-46.62072,America/Sao_Paulo,103171
Velikiye Luki,Velikiye Luki,RU,56.34063,30.54377,Europe/Moscow,103149
Kashipur,Kashipur,IN,29.21399,78.95693,Asia/Kolkata,103138
Rialto,Rialto,US,34.1064,-117.37032,America/Los_Angeles,103132
West Bromwich,West Bromwich,GB,52.51868,-1.9945,Europe/London,103112
Itanhaém,Itanhaem,BR,-24.18306,-46.78889,America/Sao_Paulo,103102
Ghazīpur,Ghazipur,IN,25.58333,83.58526,Asia/Kolkata,103095
Tanjung Pandan,Tanjung Pandan,ID,-2.73353,107.63477,Asia/Jakarta,103062
Santo Antônio de Jesus,Santo Antonio de Jesus,BR,-12.96889,-39.26139,America/Bahia,103055
Ikere-Ekiti,Ikere-Ekiti,NG,7.49748,5.23041,Africa/Lagos,103054
Hildesheim,Hildesheim,DE,52.15077,9.95112,Europe/Berlin,103052
Bendigo,Bendigo,AU,-36.75818,144.28024,Australia/Melbourne,103034
Rantauprapat,Rantauprapat,ID,2.1,99.83333,Asia/Jakarta,103009
Chumakivskyi,Chumakivskyi,UA,47.95671,37.94194,Europe/Kyiv,103005
Nkayi,Nkayi,CG,-4.18396,13.2859,Africa/Brazzaville,103000
Amaravati,Amaravati,IN,16.514,80.516,Asia/Kolkata,103000
Bogorodskoye,Bogorodskoye,RU,55.81353,37.71617,Europe/Moscow,103000
Lahān,Lahan,NP,26.72022,86.48258,Asia/Kathmandu,102955
Liberec,Liberec,CZ,50.76711,15.05619,Europe/Prague,102951
Nagapattinam,Nagapattinam,IN,10.76377,79.84313,Asia/Kolkata,102905
Qurayyat,Qurayyat,SA,31.33176,37.34282,Asia/Riyadh,102903
Buxar,Buxar,IN,25.57548,83.98043,Asia/Kolkata,102861
Portmore,Portmore,JM,17.97102,-76.88691,America/Jamaica,102861
Santa Rosa,Santa Rosa,AR,-36.61617,-64.28991,America/Argentina/Salta,102860
Palma Soriano,Palma Soriano,CU,20.2113,-75.99362,America/Havana,102826
Pushkino,Pushkino,RU,55.99456,37.82897,Europe/Moscow,102816
Khushāb,Khushab,PK,32.29667,72.3525,Asia/Karachi,102793
Lafiagi,Lafiagi,NG,8.85299,5.41641,Africa/Lagos,102779
Caieiras,Caieiras,BR,-23.36417,-46.74056,America/Sao_Paulo,102775
Orsha,Orsha,BY,54.51362,30.40365,Europe/Minsk,102759
Xincheng,Xincheng,CN,41.71497,82.93249,Asia/Urumqi,102752
Lyon 03,Lyon 03,FR,45.76124,4.85184,Europe/Paris,102725
Belawan,Belawan,ID,3.7755,98.6832,Asia/Jakarta,102707
Piatra Neamţ,Piatra Neamt,RO,46.91667,26.33333,Europe/Bucharest,102688
Cabudare,Cabudare,VE,10.02658,-69.26203,America/Caracas,102686
Erlangen,Erlangen,DE,49.59099,11.00783,Europe/Berlin,102675
Tepexpan,Tepexpan,MX,19.61387,-98.9364,America/Mexico_City,102667
Tivaouane,Tivaouane,SN,14.95186,-16.8152,Africa/Dakar,102658
Entebbe,Entebbe,UG,0.05621,32.47949,Africa/Kampala,102600
Davenport,Davenport,US,41.52364,-90.57764,America/Chicago,102582
Darnah,Darnah,LY,32.76704,22.63669,Africa/Tripoli,102581
Dayrūţ,Dayrut,EG,27.55642,30.81057,Africa/Cairo,102570
Whalley,Whalley,CA,49.17917,-122.86667,America/Vancouver,102555
Edison,Edison,US,40.51872,-74.4121,America/New_York,102548
Wazirabad,Wazirabad,PK,32.44324,74.12,Asia/Karachi,102444
Curicó,Curico,CL,-34.98279,-71.23943,America/Santiago,102438
Kangsŏn,Kangson,KP,38.93639,125.58111,Asia/Pyongyang,102436
La Vega,La Vega,DO,19.22031,-70.53101,America/Santo_Domingo,102426
Shāhzādpur,Shahzadpur,BD,24.17687,89.5988,Asia/Dhaka,102420
Tulancingo,Tulancingo,MX,20.08355,-98.36288,America/Mexico_City,102406
Perdizes,Perdizes,BR,-23.53872,-46.68093,America/Sao_Paulo,102391
Yono,Yono,JP,35.88333,139.63333,Asia/Tokyo,102364
Apatzingán,Apatzingan,MX,19.08864,-102.35704,America/Mexico_City,102362
Merauke,Merauke,ID,-8.49958,140.40613,Asia/Jayapura,102351
Ciutat Vella,Ciutat Vella,ES,41.38022,2.17319,Europe/Madrid,102347
Hillsboro,Hillsboro,US,45.52289,-122.98983,America/Los_Angeles,102347
Mormugao,Mormugao,IN,15.38914,73.81491,Asia/Kolkata,102345
Seoni,Seoni,IN,22.08503,79.55037,Asia/Kolkata,102343
Mitte,Mitte,DE,52.52003,13.40489,Europe/Berlin,102338
Sabanalarga,Sabanalarga,CO,10.63072,-74.92214,America/Bogota,102334
Jishou,Jishou,CN,28.31925,109.73346,Asia/Shanghai,102332
Ngong,Ngong,KE,-1.3527,36.6699,Africa/Nairobi,102323
Sebeta,Sebeta,ET,8.91667,38.61667,Africa/Addis_Ababa,102300
Artëm,Artem,RU,43.35757,132.19137,Asia/Vladivostok,102300
Tsuyama,Tsuyama,JP,35.05215,133.99885,Asia/Tokyo,102294
Birigui,Birigui,BR,-21.28861,-50.34,America/Sao_Paulo,102277
Aurangābād,Aurangabad,IN,24.75204,84.3742,Asia/Kolkata,102244
Lampa,Lampa,CL,-33.2863,-70.87561,America/Santiago,102234
Ituiutaba,Ituiutaba,BR,-18.97428,-49.46212,America/Sao_Paulo,102217
Ukhta,Ukhta,RU,63.56904,53.69141,Europe/Moscow,102187
Nakhon Si Thammarat,Nakhon Si Thammarat,TH,8.43333,99.96667,Asia/Bangkok,102152
Japeri,Japeri,BR,-22.64306,-43.65333,America/Sao_Paulo,102149
Putatan,Putatan,PH,14.39861,121.05028,Asia/Manila,102146
Shuifu,Shuifu,CN,28.63215,104.40783,Asia/Shanghai,102143
Kani,Kani,JP,35.40435,137.05595,Asia/Tokyo,102143
Ōnojō,Onojo,JP,33.53567,130.47861,Asia/Tokyo,102085
Al Jumayl,Al Jumayl,LY,32.85286,12.0612,Africa/Tripoli,102000
Shchukino,Shchukino,RU,55.8,37.45,Europe/Moscow,102000
Brateyevo,Brateyevo,RU,55.63755,37.76438,Europe/Moscow,102000
Venlo,Venlo,NL,51.37,6.16806,Europe/Amsterdam,101988
Parintins,Parintins,BR,-2.62833,-56.73583,America/Manaus,101956
Mairiporã,Mairipora,BR,-23.31861,-46.58667,America/Sao_Paulo,101937
Novara,Novara,IT,45.44694,8.62118,Europe/Rome,101916
Shūshtar,Shushtar,IR,32.04972,48.84843,Asia/Tehran,101878
Wilmersdorf,Wilmersdorf,DE,52.48333,13.31667,Europe/Berlin,101877
Al-Musayab,Al-Musayab,IQ,32.77872,44.29005,Asia/Baghdad,101873
Pôr do Sol,Por do Sol,BR,-15.85502,-48.12433,America/Sao_Paulo,101866
Hedong,Hedong,CN,23.9196,115.7801,Asia/Shanghai,101825
Hinganghāt,Hinganghat,IN,20.54875,78.83978,Asia/Kolkata,101805
Balsas,Balsas,BR,-7.5325,-46.03556,America/Fortaleza,101767
Zonguldak,Zonguldak,TR,41.45139,31.79305,Europe/Istanbul,101749
Iğdır,Igdir,TR,39.92371,44.045,Europe/Istanbul,101700
Kawachi-Nagano,Kawachi-Nagano,JP,34.44108,135.58283,Asia/Tokyo,101692
Eastbourne,Eastbourne,GB,50.76871,0.28453,Europe/London,101689
Dhamtari,Dhamtari,IN,20.70718,81.54874,Asia/Kolkata,101677
Delta,Delta,CA,49.14399,-122.9068,America/Vancouver,101668
Worcester,Worcester,GB,52.18935,-2.22001,Europe/London,101659
Las Cruces,Las Cruces,US,32.31232,-106.77834,America/Denver,101643
Székesfehérvár,Szekesfehervar,HU,47.18995,18.41034,Europe/Budapest,101600
Lagarto,Lagarto,BR,-10.91722,-37.65,America/Maceio,101579
Kindrativskyi,Kindrativskyi,UA,48.30282,38.05475,Europe/Kyiv,101565
Bath,Bath,GB,51.3751,-2.36172,Europe/London,101557
Sidi Slimane,Sidi Slimane,MA,34.26479,-5.92598,Africa/Casablanca,101541
Iida,Iida,JP,35.51965,137.82074,Asia/Tokyo,101536
Los Puertos de Altagracia,Los Puertos de Altagracia,VE,10.71492,-71.52168,America/Caracas,101527
South Bend,South Bend,US,41.68338,-86.25001,America/Indiana/Indianapolis,101516
Kansk,Kansk,RU,56.20218,95.71848,Asia/Krasnoyarsk,101502
Kalmiuskyi,Kalmiuskyi,UA,47.11046,37.54375,Europe/Kyiv,101498
Chilliwack,Chilliwack,CA,49.16638,-121.95257,America/Vancouver,101491
Queenstown Estate,Queenstown Estate,SG,1.29417,103.8025,Asia/Singapore,101480
Argenteuil,Argenteuil,FR,48.94788,2.24744,Europe/Paris,101475
Khanty-Mansiysk,Khanty-Mansiysk,RU,61.00187,69.02728,Asia/Yekaterinburg,101466
Isulan,Isulan,PH,6.62944,124.605,Asia/Manila,101455
Itaim Bibi,Itaim Bibi,BR,-23.58581,-46.68241,America/Sao_Paulo,101452
Mbaké,Mbake,SN,14.79032,-15.90803,Africa/Dakar,101451
Pavlohrad,Pavlohrad,UA,48.53214,35.86878,Europe/Kyiv,101430
Simmering,Simmering,AT,48.18333,16.43333,Europe/Vienna,101420
Mustafakemalpaşa,Mustafakemalpasa,TR,40.03815,28.40866,Europe/Istanbul,101412
Burayu,Burayu,ET,9.03528,38.66083,Africa/Addis_Ababa,101400
Chilakalūrupet,Chilakalurupet,IN,16.08987,80.16705,Asia/Kolkata,101398
Malappuram,Malappuram,IN,11.04199,76.08154,Asia/Kolkata,101386
Ébolowa,Ebolowa,CM,2.9,11.15,Africa/Douala,101363
Dartmouth,Dartmouth,CA,44.67134,-63.57719,America/Halifax,101343
Orihuela,Orihuela,ES,38.08483,-0.94401,Europe/Madrid,101321
Kallang,Kallang,SG,1.33333,103.86667,Asia/Singapore,101290
Sangju,Sangju,KR,36.41528,128.16056,Asia/Seoul,101267
Perling,Perling,MY,1.48061,103.68381,Asia/Kuala_Lumpur,101263
Albany,Albany,US,42.65258,-73.75623,America/New_York,101228
Medina Estates,Medina Estates,GH,5.6658,-0.16307,Africa/Accra,101207
Chakwal,Chakwal,PK,32.93286,72.85394,Asia/Karachi,101200
Ngã Bảy,Nga Bay,VN,9.81371,105.82096,Asia/Ho_Chi_Minh,101192
Colatina,Colatina,BR,-19.53944,-40.63056,America/Sao_Paulo,101190
Gillingham,Gillingham,GB,51.38914,0.54863,Europe/London,101187
Suruç,Suruc,TR,36.97612,38.42533,Europe/Istanbul,101178
Teófilo Otoni,Teofilo Otoni,BR,-17.8575,-41.50528,America/Sao_Paulo,101170
Huacheng,Huacheng,CN,24.06703,115.61309,Asia/Shanghai,101165
Ocaña,Ocana,CO,8.23773,-73.35604,America/Bogota,101158
Hồng Ngự,Hong Ngu,VN,10.8,105.35,Asia/Ho_Chi_Minh,101155
Daoukro,Daoukro,CI,7.0591,-3.9631,Africa/Abidjan,101136
Tokuyama,Tokuyama,JP,34.05,131.81667,Asia/Tokyo,101133
Ţimā,Tima,EG,26.90843,31.43469,Africa/Cairo,101130
Donghae City,Donghae City,KR,37.54389,129.10694,Asia/Seoul,101128
Standerton,Standerton,ZA,-26.93366,29.24152,Africa/Johannesburg,101101
Kanoya,Kanoya,JP,31.38333,130.85,Asia/Tokyo,101096
Mokopane,Mokopane,ZA,-24.19436,29.00974,Africa/Johannesburg,101090
Dikirnis,Dikirnis,EG,31.08898,31.59478,Africa/Cairo,101082
New Bedford,New Bedford,US,41.63526,-70.92701,America/New_York,101079
Lāhījān,Lahijan,IR,37.20416,50.00919,Asia/Tehran,101073
Leuven,Leuven,BE,50.87959,4.70093,Europe/Brussels,101032
Mezhdurechensk,Mezhdurechensk,RU,53.68993,88.06221,Asia/Novokuznetsk,101026
Bānswāra,Banswara,IN,23.54109,74.4425,Asia/Kolkata,101017
Jolo,Jolo,PH,6.05222,121.00222,Asia/Manila,101002
Ryazanskiy,Ryazanskiy,RU,55.73333,37.76667,Europe/Moscow,101000
Novyye Cherëmushki,Novyye Cheremushki,RU,55.7,37.58333,Europe/Moscow,101000
Elbasan,Elbasan,AL,41.11138,20.08224,Europe/Tirane,100903
Ijok,Ijok,MY,3.31667,101.4,Asia/Kuala_Lumpur,100899
Vista,Vista,US,33.20004,-117.24254,America/Los_Angeles,100890
Davie,Davie,US,26.06287,-80.2331,America/New_York,100882
Errachidia,Errachidia,MA,31.9314,-4.42663,Africa/Casablanca,100870
Twifu Praso,Twifu Praso,GH,5.61411,-1.5502,Africa/Accra,100851
Red Deer,Red Deer,CA,52.26682,-113.802,America/Edmonton,100844
Solikamsk,Solikamsk,RU,59.66686,56.74267,Asia/Yekaterinburg,100812
El Progreso,El Progreso,HN,15.4,-87.8,America/Tegucigalpa,100810
Chirmiri,Chirmiri,IN,23.19073,82.35314,Asia/Kolkata,100800
Chikusei,Chikusei,JP,36.316,139.98238,Asia/Tokyo,100753
Sungailiat,Sungailiat,ID,-1.85442,106.12215,Asia/Jakarta,100750
Arezzo,Arezzo,IT,43.46276,11.88068,Europe/Rome,100734
Újpest,Ujpest,HU,47.56863,19.08456,Europe/Budapest,100694
Calasiao,Calasiao,PH,16.0111,120.36,Asia/Manila,100686
Glazov,Glazov,RU,58.14,52.65619,Europe/Samara,100676
Rosarito,Rosarito,MX,32.36044,-117.04645,America/Tijuana,100660
Kallithéa,Kallithea,GR,37.95,23.7,Europe/Athens,100641
Ahar,Ahar,IR,38.4774,47.0699,Asia/Tehran,100641
Juan Díaz,Juan Diaz,PA,9.04059,-79.44083,America/Panama,100636
Yên Bái,Yen Bai,VN,21.72288,104.9113,Asia/Bangkok,100631
Grogol,Grogol,ID,-7.60111,110.81861,Asia/Jakarta,100613
Nāḩiyat al Iskandarīyah,Nahiyat al Iskandariyah,IQ,32.8873,44.34619,Asia/Baghdad,100600
Puerto Barrios,Puerto Barrios,GT,15.72724,-88.59787,America/Guatemala,100593
Bakwa,Bakwa,CD,4.1263,27.39527,Africa/Lubumbashi,100575
Itārsi,Itarsi,IN,22.61477,77.76222,Asia/Kolkata,100574
Chinatown,Chinatown,US,37.7966,-122.40858,America/Los_Angeles,100574
Si Maha Phot,Si Maha Phot,TH,13.96563,101.51352,Asia/Bangkok,100563
Hà Tiên,Ha Tien,VN,10.3831,104.48753,Asia/Ho_Chi_Minh,100560
Oleksiyivka,Oleksiyivka,UA,50.04516,36.19322,Europe/Kyiv,100500
Masjed Soleymān,Masjed Soleyman,IR,31.9364,49.3039,Asia/Tehran,100497
Los Rastrojos,Los Rastrojos,VE,10.02588,-69.24166,America/Caracas,100497
Vasco da Gama,Vasco da Gama,IN,15.39585,73.81568,Asia/Kolkata,100485
Barakaldo,Barakaldo,ES,43.29639,-2.98813,Europe/Madrid,100435
Lianjiang,Lianjiang,CN,21.64673,110.28172,Asia/Shanghai,100341
Oleksandrivskyi,Oleksandrivskyi,UA,47.96788,37.80335,Europe/Kyiv,100330
Ermelo,Ermelo,ZA,-26.53333,29.98333,Africa/Johannesburg,100324
Klagenfurt am Wörthersee,Klagenfurt am Woerthersee,AT,46.62472,14.30528,Europe/Vienna,100316
Linxi,Linxi,CN,39.71183,118.44954,Asia/Shanghai,100316
Tiébo,Tiebo,SN,14.63333,-16.23333,Africa/Dakar,100289
Gangtok,Gangtok,IN,27.32574,88.61216,Asia/Kolkata,100286
Datia,Datia,IN,25.67312,78.45908,Asia/Kolkata,100284
Sakado,Sakado,JP,35.95694,139.38889,Asia/Tokyo,100275
Sakata,Sakata,JP,38.91667,139.855,Asia/Tokyo,100273
Ust’-Ilimsk,Ust'-Ilimsk,RU,58.00056,102.66194,Asia/Irkutsk,100271
Girona,Girona,ES,41.98311,2.82493,Europe/Madrid,100266
Renton,Renton,US,47.48288,-122.21707,America/Los_Angeles,100242
Chust,Chust,UZ,41.00329,71.23791,Asia/Tashkent,100200
Kalmunai,Kalmunai,LK,7.40902,81.83472,Asia/Colombo,100171
Udine,Udine,IT,46.0693,13.23715,Europe/Rome,100170
Xinzhai,Xinzhai,CN,36.4,118.61667,Asia/Shanghai,100168
Phagwāra,Phagwara,IN,31.22452,75.77387,Asia/Kolkata,100146
Izumisano,Izumisano,JP,34.41667,135.31667,Asia/Tokyo,100131
Trier,Trier,DE,49.75565,6.63935,Europe/Berlin,100129
Ginowan,Ginowan,JP,26.26265,127.76147,Asia/Tokyo,100125
Inda Silasē,Inda Silase,ET,14.10307,38.28289,Africa/Addis_Ababa,100100
Qaşr Bin Ghashīr,Qasr Bin Ghashir,LY,32.68333,13.18333,Africa/Tripoli,100069
Punta Cana,Punta Cana,DO,18.58182,-68.40431,America/Santo_Domingo,100023
Roanoke,Roanoke,US,37.27097,-79.94143,America/New_York,100011
Airoli,Airoli,IN,19.15096,72.99625,Asia/Kolkata,100000
Luckeesarai,Luckeesarai,IN,25.1765,86.0947,Asia/Kolkata,99979
Shikohābād,Shikohabad,IN,27.108,78.58661,Asia/Kolkata,99678
Kāsganj,Kasganj,IN,27.80882,78.64579,Asia/Kolkata,99462
Khambhāt,Khambhat,IN,22.31744,72.61916,Asia/Kolkata,99164
Kohima,Kohima,IN,25.67467,94.11099,Asia/Kolkata,99039
Pandharpur,Pandharpur,IN,17.67924,75.33098,Asia/Kolkata,98923
Kapurthala Town,Kapurthala Town,IN,31.38011,75.38105,Asia/Kolkata,98916
Mahuva,Mahuva,IN,21.09007,71.76904,Asia/Kolkata,98519
Silvassa,Silvassa,IN,20.27386,72.99673,Asia/Kolkata,98265
Balāngīr,Balangir,IN,20.70419,83.49029,Asia/Kolkata,98238
Mughal Sarāi,Mughal Sarai,IN,25.28307,83.11968,Asia/Kolkata,98043
Nawāda,Nawada,IN,24.8867,85.54364,Asia/Kolkata,98029
Bhilai Charoda,Bhilai Charoda,IN,21.22305,81.45609,Asia/Kolkata,98008
Shāmli,Shamli,IN,29.4497,77.30959,Asia/Kolkata,97966
Jharsuguda,Jharsuguda,IN,21.85531,84.00698,Asia/Kolkata,97730
Sādatpur Gujran,Sadatpur Gujran,IN,28.72834,77.24817,Asia/Kolkata,97641
Chalisgaon,Chalisgaon,IN,20.45781,75.01596,Asia/Kolkata,97551
Villupuram,Villupuram,IN,11.93975,79.49244,Asia/Kolkata,97380
Amalner,Amalner,IN,21.03983,75.05887,Asia/Kolkata,97369
Tellicherry,Tellicherry,IN,11.74811,75.4929,Asia/Kolkata,97201
Manjeri,Manjeri,IN,11.12018,76.11996,Asia/Kolkata,97102
Birgaon,Birgaon,IN,21.30758,81.62793,Asia/Kolkata,96294
Bārmer,Barmer,IN,25.74572,71.39211,Asia/Kolkata,96225
Pūth Kalān,Puth Kalan,IN,28.7116,77.07887,Asia/Kolkata,96002
Kuniyamuttūr,Kuniyamuttur,IN,10.96376,76.95254,Asia/Kolkata,95924
Sardārshahr,Sardarshahr,IN,28.44062,74.491,Asia/Kolkata,95911
Sānand,Sanand,IN,22.99227,72.38177,Asia/Kolkata,95890
Sāhibganj,Sahibganj,IN,25.24425,87.63481,Asia/Kolkata,95890
Paramagudi,Paramagudi,IN,9.54633,78.5907,Asia/Kolkata,95579
Zerakpur,Zerakpur,IN,30.65622,76.82093,Asia/Kolkata,95553
Tiruchengode,Tiruchengode,IN,11.38016,77.89444,Asia/Kolkata,95335
Closepet,Closepet,IN,12.72181,77.28149,Asia/Kolkata,95167
Emmiganūr,Emmiganur,IN,15.77203,77.48345,Asia/Kolkata,95149
Vaniyambadi,Vaniyambadi,IN,12.68162,78.62014,Asia/Kolkata,95061
Kovilpatti,Kovilpatti,IN,9.17167,77.86989,Asia/Kolkata,95057
Parli Vaijnāth,Parli Vaijnath,IN,18.85057,76.53163,Asia/Kolkata,94863
Mainpuri,Mainpuri,IN,27.22857,79.02882,Asia/Kolkata,94619
Khāmgaon,Khamgaon,IN,20.70738,76.56827,Asia/Kolkata,94604
Makrāna,Makrana,IN,27.04361,74.72445,Asia/Kolkata,94487
Allinagaram,Allinagaram,IN,10.02737,77.47815,Asia/Kolkata,94453
Gudiyatham,Gudiyatham,IN,12.94601,78.87377,Asia/Kolkata,93973
Dhār,Dhar,IN,22.59373,75.29774,Asia/Kolkata,93917
Baraut,Baraut,IN,29.10199,77.26334,Asia/Kolkata,93544
Kalyani,Kalyani,IN,22.9757,88.4337,Asia/Kolkata,93184
Doddaballapura,Doddaballapura,IN,13.29452,77.53777,Asia/Kolkata,93105
Chīrāla,Chirala,IN,15.82385,80.35219,Asia/Kolkata,92942
Akot,Akot,IN,21.0963,77.0588,Asia/Kolkata,92637
Fatehpur,Fatehpur,IN,27.99486,74.95628,Asia/Kolkata,92595
Gharroli,Gharroli,IN,28.6167,77.33207,Asia/Kolkata,92540
Rajpura,Rajpura,IN,30.47856,76.59284,Asia/Kolkata,92301
Ballarpur,Ballarpur,IN,19.84696,79.34578,Asia/Kolkata,92146
Kot Kapūra,Kot Kapura,IN,30.58061,74.82609,Asia/Kolkata,91979
Bhandāra,Bhandara,IN,21.16817,79.64885,Asia/Kolkata,91845
Molārband,Molarband,IN,28.50295,77.31442,Asia/Kolkata,91402
Bagaha,Bagaha,IN,24.52898,85.06019,Asia/Kolkata,91383
Rayachoti,Rayachoti,IN,14.05723,78.75056,Asia/Kolkata,91234
Kadayanallur,Kadayanallur,IN,9.07277,77.34152,Asia/Kolkata,90364
Valparai,Valparai,IN,10.32691,76.95116,Asia/Kolkata,90353
Pollachi,Pollachi,IN,10.65825,77.0085,Asia/Kolkata,90180
Kāvali,Kavali,IN,14.9163,79.99449,Asia/Kolkata,90099
Roha,Roha,IN,18.43687,73.11964,Asia/Kolkata,90000
Mancherial,Mancherial,IN,18.87074,79.42863,Asia/Kolkata,89935
Avaniyāpuram,Avaniyapuram,IN,9.88179,78.11255,Asia/Kolkata,89635
Murādnagar,Muradnagar,IN,28.78069,77.49865,Asia/Kolkata,89482
Ankleshwar,Ankleshwar,IN,21.63236,72.99001,Asia/Kolkata,89457
Kadiri,Kadiri,IN,14.11168,78.15982,Asia/Kolkata,89429
Shahdol,Shahdol,IN,23.29356,81.3619,Asia/Kolkata,89289
Shrirampur,Shrirampur,IN,19.62201,74.65699,Asia/Kolkata,89282
Mahobā,Mahoba,IN,25.2905,79.87533,Asia/Kolkata,89170
Rāmgarh,Ramgarh,IN,23.6303,85.52156,Asia/Kolkata,88781
Contai,Contai,IN,21.77985,87.74892,Asia/Kolkata,88702
Sangrūr,Sangrur,IN,30.24506,75.84488,Asia/Kolkata,88615
Nirmal,Nirmal,IN,19.09685,78.34407,Asia/Kolkata,88433
Deoband,Deoband,IN,29.69505,77.67964,Asia/Kolkata,88171
Neyyāttinkara,Neyyattinkara,IN,8.39854,77.08586,Asia/Kolkata,88104
Tāndā,Tanda,IN,26.54953,82.65841,Asia/Kolkata,88073
Kolar,Kolar,IN,23.16478,77.41893,Asia/Kolkata,87882
Jhumri Telaiya,Jhumri Telaiya,IN,24.4349,85.52951,Asia/Kolkata,87867
Aruppukkottai,Aruppukkottai,IN,9.5096,78.09588,Asia/Kolkata,87722
Farīdkot,Faridkot,IN,30.67399,74.75579,Asia/Kolkata,87695
Madgaon,Madgaon,IN,15.27501,73.95786,Asia/Kolkata,87650
Velampālaiyam,Velampalaiyam,IN,11.13764,77.31064,Asia/Kolkata,87427
Jamūī,Jamui,IN,24.92606,86.22531,Asia/Kolkata,87357
Anjār,Anjar,IN,23.11316,70.02671,Asia/Kolkata,87183
Paralakhemundi,Paralakhemundi,IN,18.77619,84.09504,Asia/Kolkata,87152
Jharia,Jharia,IN,23.74079,86.41456,Asia/Kolkata,86938
Kāraikāl,Karaikal,IN,10.91667,79.83333,Asia/Kolkata,86838
Kāmthi,Kamthi,IN,21.21615,79.1973,Asia/Kolkata,86793
Hānsi,Hansi,IN,29.10239,75.96253,Asia/Kolkata,86770
Mayiladuthurai,Mayiladuthurai,IN,11.10354,79.655,Asia/Kolkata,86660
Anakapalle,Anakapalle,IN,17.69134,83.00395,Asia/Kolkata,86519
Maduravoyal,Maduravoyal,IN,13.0675,80.1632,Asia/Kolkata,86195
Sārni,Sarni,IN,22.10317,78.17159,Asia/Kolkata,86141
Dausa,Dausa,IN,26.89,76.33584,Asia/Kolkata,85960
Parādīp Garh,Paradip Garh,IN,20.31641,86.6085,Asia/Kolkata,85868
Hingoli,Hingoli,IN,19.71464,77.14238,Asia/Kolkata,85103
Bāruni,Baruni,IN,25.47509,85.96813,Asia/Kolkata,84888
Jeypore,Jeypore,IN,18.8563,82.5716,Asia/Kolkata,84830
Bijnor,Bijnor,IN,29.373,78.13636,Asia/Kolkata,84593
Dhoraji,Dhoraji,IN,21.73359,70.45004,Asia/Kolkata,84545
Vīrappanchathiram,Virappanchathiram,IN,11.35314,77.71253,Asia/Kolkata,84453
Bālāghāt,Balaghat,IN,21.8156,80.18845,Asia/Kolkata,84261
Udhampur,Udhampur,IN,32.92431,75.13573,Asia/Kolkata,84015
Najībābād,Najibabad,IN,29.61194,78.34274,Asia/Kolkata,84006
Idaiyarpālaiyam,Idaiyarpalaiyam,IN,11.03937,76.92369,Asia/Kolkata,83908
Harihar,Harihar,IN,14.51288,75.80716,Asia/Kolkata,83219
Chilla Soroda Bāngar,Chilla Soroda Bangar,IN,28.59572,77.30189,Asia/Kolkata,83217
Sirsilla,Sirsilla,IN,18.38865,78.81048,Asia/Kolkata,83186
Karauli,Karauli,IN,26.49831,77.02755,Asia/Kolkata,82960
Mānsa,Mansa,IN,29.98844,75.40167,Asia/Kolkata,82956
Jangipur,Jangipur,IN,24.47001,88.07659,Asia/Kolkata,82548
Gobindgarh,Gobindgarh,IN,30.67089,76.30192,Asia/Kolkata,82266
Saunda,Saunda,IN,23.66453,85.32694,Asia/Kolkata,81915
Maraimalainagar,Maraimalainagar,IN,12.79782,80.02502,Asia/Kolkata,81872
Ashoknagar,Ashoknagar,IN,24.57578,77.73123,Asia/Kolkata,81828
Phulwari Sharif,Phulwari Sharif,IN,25.57765,85.07246,Asia/Kolkata,81740
Mhow,Mhow,IN,22.5589,75.76543,Asia/Kolkata,81702
Malout,Malout,IN,30.21121,74.4818,Asia/Kolkata,81406
Kadi,Kadi,IN,23.29908,72.33362,Asia/Kolkata,81404
Vijalpor,Vijalpor,IN,20.92212,72.90945,Asia/Kolkata,81245
Palakollu,Palakollu,IN,16.5167,81.73,Asia/Kolkata,81199
Himatnagar,Himatnagar,IN,23.59893,72.96602,Asia/Kolkata,81137
Dholka,Dholka,IN,22.72732,72.44128,Asia/Kolkata,80945
Kotkapura,Kotkapura,IN,30.5819,74.83298,Asia/Kolkata,80741
Bargarh,Bargarh,IN,21.33348,83.61905,Asia/Kolkata,80625
Kharghar,Kharghar,IN,19.04979,73.07024,Asia/Kolkata,80612
Kairāna,Kairana,IN,29.39541,77.2054,Asia/Kolkata,80432
Brajarajnagar,Brajarajnagar,IN,21.81667,83.91667,Asia/Kolkata,80403
Kāmāreddi,Kamareddi,IN,18.32001,78.34177,Asia/Kolkata,80315
Palwancha,Palwancha,IN,17.58152,80.67651,Asia/Kolkata,80199
Manmād,Manmad,IN,20.25334,74.43755,Asia/Kolkata,80058
Srikalahasti,Srikalahasti,IN,13.75514,79.70143,Asia/Kolkata,80056
Kottagūdem,Kottagudem,IN,17.55106,80.61779,Asia/Kolkata,79819
Nawābganj,Nawabganj,IN,26.93129,81.19841,Asia/Kolkata,79246
Gokak,Gokak,IN,16.16901,74.82393,Asia/Kolkata,79121
Tīkamgarh,Tikamgarh,IN,24.74327,78.83061,Asia/Kolkata,79106
Arakkonam,Arakkonam,IN,13.08449,79.67053,Asia/Kolkata,79080
Arāria,Araria,IN,26.14934,87.51323,Asia/Kolkata,79021
Koch Bihār,Koch Bihar,IN,26.32539,89.44508,Asia/Kolkata,78737
Kharakvasla,Kharakvasla,IN,18.43997,73.77545,Asia/Kolkata,78684
Bhadohi,Bhadohi,IN,25.39526,82.5703,Asia/Kolkata,78568
Kātoya,Katoya,IN,23.64558,88.13258,Asia/Kolkata,78408
Medininagar,Medininagar,IN,24.03971,84.0658,Asia/Kolkata,78396
Wāshīm,Washim,IN,20.11128,77.133,Asia/Kolkata,78387
Bagbera,Bagbera,IN,22.75948,86.19049,Asia/Kolkata,78356
Savarkundla,Savarkundla,IN,21.33726,71.3035,Asia/Kolkata,78354
Basoda,Basoda,IN,23.85153,77.93652,Asia/Kolkata,78289
Tanuku,Tanuku,IN,16.75438,81.68143,Asia/Kolkata,77962
Gurdaspur,Gurdaspur,IN,32.03933,75.40318,Asia/Kolkata,77928
Edattala,Edattala,IN,10.05639,76.38451,Asia/Kolkata,77811
Bodhan,Bodhan,IN,18.66208,77.88581,Asia/Kolkata,77573
Balrāmpur,Balrampur,IN,27.42949,82.18545,Asia/Kolkata,77396
Bāramūla,Baramula,IN,34.209,74.34285,Asia/Kolkata,77276
Karwar,Karwar,IN,14.81361,74.12972,Asia/Kolkata,77139
Dhuliān,Dhulian,IN,24.68127,87.9535,Asia/Kolkata,77070
Rabkavi-Banhatti,Rabkavi-Banhatti,IN,16.47,75.12,Asia/Kolkata,77004
Mawāna,Mawana,IN,29.10288,77.92199,Asia/Kolkata,76973
Shirpur,Shirpur,IN,21.34821,74.88035,Asia/Kolkata,76905
Budge Budge,Budge Budge,IN,22.48275,88.18176,Asia/Kolkata,76837
Kundla,Kundla,IN,21.34222,71.30633,Asia/Kolkata,76809
Visnagar,Visnagar,IN,23.69855,72.5521,Asia/Kolkata,76753
Kannauj,Kannauj,IN,27.05524,79.9188,Asia/Kolkata,76714
Khajoori Khas,Khajoori Khas,IN,28.70958,77.2587,Asia/Kolkata,76640
Neelankarai,Neelankarai,IN,12.9495,80.2592,Asia/Kolkata,76600
Nagīna,Nagina,IN,29.44433,78.43646,Asia/Kolkata,76593
Badagara,Badagara,IN,11.59776,75.58142,Asia/Kolkata,76493
Fazilka,Fazilka,IN,30.40207,74.02836,Asia/Kolkata,76492
Electronic City Phase I,Electronic City Phase I,IN,12.85492,77.6633,Asia/Kolkata,76348
Ratnagiri,Ratnagiri,IN,16.99154,73.31022,Asia/Kolkata,76229
Keshod,Keshod,IN,21.30328,70.24861,Asia/Kolkata,76193
Konnagar,Konnagar,IN,22.70508,88.34446,Asia/Kolkata,76082
Chintamani,Chintamani,IN,13.40051,78.05172,Asia/Kolkata,76068
Pammal,Pammal,IN,12.975,80.13472,Asia/Kolkata,75870
Sindhnūr,Sindhnur,IN,15.76983,76.75581,Asia/Kolkata,75837
Madhubani,Madhubani,IN,26.35367,86.07169,Asia/Kolkata,75736
Bodināyakkanūr,Bodinayakkanur,IN,10.01171,77.34976,Asia/Kolkata,75680
Khadki,Khadki,IN,18.5635,73.85205,Asia/Kolkata,75654
Dhrāngadhra,Dhrangadhra,IN,22.99167,71.46793,Asia/Kolkata,75578
Tezpur,Tezpur,IN,26.63333,92.8,Asia/Kolkata,75540
Srivilliputhur,Srivilliputhur,IN,9.51272,77.63369,Asia/Kolkata,75396
Benipur,Benipur,IN,26.05509,86.14557,Asia/Kolkata,75317
Pāloncha,Paloncha,IN,17.60184,80.70509,Asia/Kolkata,75224
Jaora,Jaora,IN,23.63783,75.12711,Asia/Kolkata,74907
Tura,Tura,IN,25.51421,90.20239,Asia/Kolkata,74858
Gūdūr,Gudur,IN,14.15093,79.8521,Asia/Kolkata,74851
Narnaul,Narnaul,IN,28.04444,76.10833,Asia/Kolkata,74581
Balotra,Balotra,IN,25.83242,72.24,Asia/Kolkata,74496
Kharar,Kharar,IN,30.74632,76.64689,Asia/Kolkata,74460
Yadgir,Yadgir,IN,16.77007,77.13755,Asia/Kolkata,74294
Harda,Harda,IN,22.34414,77.09536,Asia/Kolkata,74268
Pilkhua,Pilkhua,IN,28.71271,77.656,Asia/Kolkata,74212
Ambājogāi,Ambajogai,IN,18.73312,76.38616,Asia/Kolkata,74114
Kāpas Herd,Kapas Herd,IN,28.52614,77.08396,Asia/Kolkata,74073
Bela,Bela,IN,25.92058,81.99629,Asia/Kolkata,73992
Rabkavi,Rabkavi,IN,16.47567,75.1106,Asia/Kolkata,73835
Bawāna,Bawana,IN,28.7982,77.03431,Asia/Kolkata,73680
Shāhābād,Shahabad,IN,27.6431,79.9402,Asia/Kolkata,73606
Virudhachalam,Virudhachalam,IN,11.51497,79.32824,Asia/Kolkata,73585
Chāndpur,Chandpur,IN,29.13489,78.27187,Asia/Kolkata,73555
Kāsipālaiyam,Kasipalaiyam,IN,11.31984,77.70971,Asia/Kolkata,73425
Sikandarābād,Sikandarabad,IN,28.45226,77.70004,Asia/Kolkata,73379
Virudunagar,Virudunagar,IN,9.58509,77.95787,Asia/Kolkata,73273
Pattukkottai,Pattukkottai,IN,10.42358,79.31949,Asia/Kolkata,73135
Pusad,Pusad,IN,19.91274,77.57838,Asia/Kolkata,73046
Tindivanam,Tindivanam,IN,12.234,79.65551,Asia/Kolkata,72796
Chopda,Chopda,IN,21.24578,75.29946,Asia/Kolkata,72783
Taliparamba,Taliparamba,IN,12.04161,75.35927,Asia/Kolkata,72465
Sangāreddi,Sangareddi,IN,17.62477,78.08669,Asia/Kolkata,72344
Pālghar,Palghar,IN,19.69693,72.76543,Asia/Kolkata,72335
Dharapuram,Dharapuram,IN,10.73828,77.53223,Asia/Kolkata,72291
Payyanur,Payyanur,IN,12.0935,75.20249,Asia/Kolkata,72111
Sheopur,Sheopur,IN,25.66472,76.69616,Asia/Kolkata,71951
Channapatna,Channapatna,IN,12.65143,77.20672,Asia/Kolkata,71942
Koyilandy,Koyilandy,IN,11.4381,75.69306,Asia/Kolkata,71873
Farīdpur,Faridpur,IN,28.20997,79.54149,Asia/Kolkata,71783
Barauni,Barauni,IN,25.4709,85.976,Asia/Kolkata,71660
Krishnagiri,Krishnagiri,IN,12.51921,78.21382,Asia/Kolkata,71323
Sopur,Sopur,IN,34.28671,74.47228,Asia/Kolkata,71292
Rāyagada,Rayagada,IN,19.17132,83.41428,Asia/Kolkata,71208
Zahirābād,Zahirabad,IN,17.68138,77.60743,Asia/Kolkata,71166
Khopoli,Khopoli,IN,18.78562,73.34589,Asia/Kolkata,71141
Ratangarh,Ratangarh,IN,28.08137,74.61854,Asia/Kolkata,71124
Mārkāpur,Markapur,IN,15.73534,79.26848,Asia/Kolkata,71092
Kalamassery,Kalamassery,IN,10.0614,76.32631,Asia/Kolkata,71038
Bolpur,Bolpur,IN,23.66278,87.69695,Asia/Kolkata,70998
Panjim,Panjim,IN,15.49574,73.82624,Asia/Kolkata,70991
Rānāghāt,Ranaghat,IN,23.17623,88.56667,Asia/Kolkata,70984
Fatehābād,Fatehabad,IN,29.51525,75.45554,Asia/Kolkata,70777
Bāpatla,Bapatla,IN,15.90422,80.46743,Asia/Kolkata,70777
Beypore,Beypore,IN,11.17151,75.80611,Asia/Kolkata,70751
Koppal,Koppal,IN,15.34522,76.15478,Asia/Kolkata,70698
Badvel,Badvel,IN,14.7451,79.06288,Asia/Kolkata,70626
Dādri,Dadri,IN,28.55257,77.55403,Asia/Kolkata,70609
Thenkasi,Thenkasi,IN,8.96003,77.31525,Asia/Kolkata,70545
Suratgarh,Suratgarh,IN,29.3215,73.89979,Asia/Kolkata,70536
Auraiya,Auraiya,IN,26.46517,79.50918,Asia/Kolkata,70508
Palani,Palani,IN,10.45034,77.5209,Asia/Kolkata,70467
Nallūr,Nallur,IN,11.1003,77.39136,Asia/Kolkata,70115
Chamrajnagar,Chamrajnagar,IN,11.92312,76.93949,Asia/Kolkata,69875
Mīthepur,Mithepur,IN,28.4974,77.31856,Asia/Kolkata,69837
Māngrol,Mangrol,IN,21.12268,70.11484,Asia/Kolkata,69779
Basavakalyan,Basavakalyan,IN,17.87445,76.94972,Asia/Kolkata,69717
Pul Pehlad,Pul Pehlad,IN,28.49938,77.29104,Asia/Kolkata,69657
Chāībāsa,Chaibasa,IN,22.55038,85.80249,Asia/Kolkata,69565
Tripunittura,Tripunittura,IN,9.94283,76.33331,Asia/Kolkata,69390
Shājāpur,Shajapur,IN,23.42637,76.27775,Asia/Kolkata,69263
Mettupalayam,Mettupalayam,IN,11.29971,76.93485,Asia/Kolkata,69213
Sunām,Sunam,IN,30.12883,75.79943,Asia/Kolkata,69069
Bhawānipatna,Bhawanipatna,IN,19.90717,83.16697,Asia/Kolkata,69045
Ziauddin Pur,Ziauddin Pur,IN,28.70873,77.27654,Asia/Kolkata,68993
Jamkhandi,Jamkhandi,IN,16.50461,75.29146,Asia/Kolkata,68938
Basmat,Basmat,IN,19.32872,77.15746,Asia/Kolkata,68846
Taj Pul,Taj Pul,IN,28.49482,77.30587,Asia/Kolkata,68796
Kayamkulam,Kayamkulam,IN,9.18173,76.50093,Asia/Kolkata,68634
Dharmapuri,Dharmapuri,IN,12.1277,78.15794,Asia/Kolkata,68619
Bīsalpur,Bisalpur,IN,28.29253,79.80472,Asia/Kolkata,68355
Attili,Attili,IN,16.7,81.6,Asia/Kolkata,68196
Cumbum,Cumbum,IN,9.73647,77.2847,Asia/Kolkata,68090
Munnar,Munnar,IN,10.08818,77.06239,Asia/Kolkata,68000
Panipat Taraf Makhdum Zadgan,Panipat Taraf Makhdum Zadgan,IN,29.41607,76.98831,Asia/Kolkata,67998
Nābha,Nabha,IN,30.37577,76.15292,Asia/Kolkata,67972
Bihāt,Bihat,IN,25.42534,86.02083,Asia/Kolkata,67952
Samāstipur,Samastipur,IN,25.86222,85.77953,Asia/Kolkata,67925
Kāranja,Karanja,IN,20.48273,77.48857,Asia/Kolkata,67907
Sītāmarhi,Sitamarhi,IN,26.59357,85.4906,Asia/Kolkata,67818
Rājsamand,Rajsamand,IN,25.07145,73.8798,Asia/Kolkata,67798
Malkāpur,Malkapur,IN,20.88555,76.19932,Asia/Kolkata,67740
Modāsa,Modasa,IN,23.46253,73.29857,Asia/Kolkata,67648
Jaisalmer,Jaisalmer,IN,26.91763,70.90387,Asia/Kolkata,67604
Buldāna,Buldana,IN,20.52933,76.18457,Asia/Kolkata,67431
Dhenkānāl,Dhenkanal,IN,20.65744,85.59693,Asia/Kolkata,67414
Urun-Islāmpur,Urun-Islampur,IN,17.05,74.26667,Asia/Kolkata,67391
Gopālganj,Gopalganj,IN,26.46734,84.44041,Asia/Kolkata,67339
Bongaigaon,Bongaigaon,IN,26.47703,90.55815,Asia/Kolkata,67322
Sangamner,Sangamner,IN,19.56784,74.21154,Asia/Kolkata,67309
Hāveri,Haveri,IN,14.79354,75.40448,Asia/Kolkata,67102
Mannargudi,Mannargudi,IN,10.66626,79.45064,Asia/Kolkata,66999
Jhālāwār,Jhalawar,IN,24.59633,76.16499,Asia/Kolkata,66919
Tarn Taran,Tarn Taran,IN,31.45191,74.92777,Asia/Kolkata,66847
Siddipet,Siddipet,IN,18.10483,78.84858,Asia/Kolkata,66737
Bellampalli,Bellampalli,IN,19.05577,79.493,Asia/Kolkata,66660
Barbil,Barbil,IN,22.10194,85.37752,Asia/Kolkata,66540
Koratla,Koratla,IN,18.82154,78.71186,Asia/Kolkata,66504
Rishīkesh,Rishikesh,IN,30.10778,78.29255,Asia/Kolkata,66390
Goyerkāta,Goyerkata,IN,26.69984,89.02565,Asia/Kolkata,66358
Mandamarri,Mandamarri,IN,18.96506,79.47475,Asia/Kolkata,66176
Puliyankudi,Puliyankudi,IN,9.17489,77.39799,Asia/Kolkata,66034
Palāsa,Palasa,IN,18.77257,84.41012,Asia/Kolkata,65833
Gohāna,Gohana,IN,29.13777,76.70247,Asia/Kolkata,65708
Pulivendla,Pulivendla,IN,14.42139,78.22502,Asia/Kolkata,65706
Chengalpattu,Chengalpattu,IN,12.69184,79.97661,Asia/Kolkata,65689
Wadgaon Kolhati,Wadgaon Kolhati,IN,19.84307,75.236,Asia/Kolkata,65620
Lādnūn,Ladnun,IN,27.65312,74.39993,Asia/Kolkata,65575
Supaul,Supaul,IN,26.11527,86.59509,Asia/Kolkata,65437
Gangārāmpur,Gangarampur,IN,25.40138,88.52978,Asia/Kolkata,65316
Ramanathapuram,Ramanathapuram,IN,9.37158,78.83077,Asia/Kolkata,65314
Jagraon,Jagraon,IN,30.78783,75.47391,Asia/Kolkata,65305
Sinnar,Sinnar,IN,19.84505,73.99866,Asia/Kolkata,65299
Kopargaon,Kopargaon,IN,19.88239,74.47605,Asia/Kolkata,65273
Alīpur Duār,Alipur Duar,IN,26.4835,89.52286,Asia/Kolkata,65232
Tandur,Tandur,IN,17.24849,77.57698,Asia/Kolkata,65115
Khatauli,Khatauli,IN,29.27844,77.73302,Asia/Kolkata,64731
Vīrarāghavapuram,Viraraghavapuram,IN,13.07306,80.10778,Asia/Kolkata,64698
Siuri,Siuri,IN,23.90806,87.52773,Asia/Kolkata,64659
Bīna,Bina,IN,24.17161,78.18755,Asia/Kolkata,64529
Pālitāna,Palitana,IN,21.52519,71.82309,Asia/Kolkata,64497
Chaumu,Chaumu,IN,27.16955,75.72226,Asia/Kolkata,64417
Hālol,Halol,IN,22.50321,73.47242,Asia/Kolkata,64265
Kodār,Kodar,IN,16.9985,79.9656,Asia/Kolkata,64234
Bāngarda Chhota,Bangarda Chhota,IN,22.74354,75.81448,Asia/Kolkata,64213
Tādepalle,Tadepalle,IN,16.48333,80.6,Asia/Kolkata,64149
Tirupattur,Tirupattur,IN,12.49239,78.56804,Asia/Kolkata,64125
Chinnachowk,Chinnachowk,IN,14.47516,78.8354,Asia/Kolkata,64053
Bishnupur,Bishnupur,IN,23.0738,87.31991,Asia/Kolkata,64041
Āmūr,Amur,IN,18.79284,78.27666,Asia/Kolkata,64023
Baheri,Baheri,IN,28.77416,79.4974,Asia/Kolkata,63953
Nawalgarh,Nawalgarh,IN,27.85161,75.27384,Asia/Kolkata,63948
Ānaiyūr,Anaiyur,IN,9.96152,78.1118,Asia/Kolkata,63917
Kunnamkulam,Kunnamkulam,IN,10.64667,76.06695,Asia/Kolkata,63903
Rāghogarh,Raghogarh,IN,24.44318,77.19768,Asia/Kolkata,63873
Tohāna,Tohana,IN,29.71332,75.90441,Asia/Kolkata,63871
Jatani,Jatani,IN,20.15975,85.70742,Asia/Kolkata,63697
Arni,Arni,IN,12.66771,79.28529,Asia/Kolkata,63671
Chik Ballāpur,Chik Ballapur,IN,13.43512,77.72787,Asia/Kolkata,63652
Dhubri,Dhubri,IN,26.01856,89.98564,Asia/Kolkata,63388
Borsad,Borsad,IN,22.40788,72.89817,Asia/Kolkata,63377
Gadwāl,Gadwal,IN,16.23504,77.79556,Asia/Kolkata,63177
Pidugurālla,Piduguralla,IN,16.47926,79.88632,Asia/Kolkata,63103
Sheikhpura,Sheikhpura,IN,25.13994,85.84096,Asia/Kolkata,62927
Sirsi,Sirsi,IN,14.62072,74.83554,Asia/Kolkata,62882
Nipāni,Nipani,IN,16.399,74.38285,Asia/Kolkata,62865
Kannur,Kannur,IN,11.86752,75.35763,Asia/Kolkata,62836
Bāri,Bari,IN,26.64661,77.61634,Asia/Kolkata,62721
Nokha,Nokha,IN,27.56155,73.47141,Asia/Kolkata,62699
Vinukonda,Vinukonda,IN,16.0531,79.73964,Asia/Kolkata,62550
Renukūt,Renukut,IN,24.21641,83.0358,Asia/Kolkata,62413
Nagari,Nagari,IN,13.32139,79.58557,Asia/Kolkata,62253
Chidambaram,Chidambaram,IN,11.39933,79.69144,Asia/Kolkata,62153
Dabwāli,Dabwali,IN,29.94906,74.73832,Asia/Kolkata,62113
Sibsāgar,Sibsagar,IN,26.98427,94.63784,Asia/Kolkata,62104
Narwāna,Narwana,IN,29.59903,76.11927,Asia/Kolkata,62090
Okha,Okha,IN,22.46756,69.07002,Asia/Kolkata,62052
Kuchāman,Kuchaman,IN,27.14745,74.85655,Asia/Kolkata,61969
Nīmbāhera,Nimbahera,IN,24.62166,74.67999,Asia/Kolkata,61949
Siddhapur,Siddhapur,IN,23.91783,72.37212,Asia/Kolkata,61867
Diphu,Diphu,IN,25.84341,93.43116,Asia/Kolkata,61797
Attur,Attur,IN,11.59414,78.60143,Asia/Kolkata,61793
Rāyadrug,Rayadrug,IN,14.69971,76.85241,Asia/Kolkata,61749
Rāth,Rath,IN,25.59474,79.5666,Asia/Kolkata,61728
Cheruvannur,Cheruvannur,IN,11.19033,75.82833,Asia/Kolkata,61614
Vriddhāchalam,Vriddhachalam,IN,11.5183,79.32411,Asia/Kolkata,61498
Bārh,Barh,IN,25.48339,85.70928,Asia/Kolkata,61470
Shāhāda,Shahada,IN,21.54538,74.47106,Asia/Kolkata,61376
Dabra,Dabra,IN,25.88572,78.33221,Asia/Kolkata,61277
Udumalaippettai,Udumalaippettai,IN,10.58806,77.24779,Asia/Kolkata,61133
Tiptūr,Tiptur,IN,13.2563,76.47768,Asia/Kolkata,60957
Sahaswān,Sahaswan,IN,28.07227,78.75082,Asia/Kolkata,60953
Wanparti,Wanparti,IN,16.36738,78.06889,Asia/Kolkata,60949
Sirhind,Sirhind,IN,30.64321,76.38421,Asia/Kolkata,60847
Bārdoli,Bardoli,IN,21.12297,73.11151,Asia/Kolkata,60821
Mokameh,Mokameh,IN,25.39662,85.9219,Asia/Kolkata,60678
Arāmbāgh,Arambagh,IN,22.88333,87.78333,Asia/Kolkata,60639
Poonamalle,Poonamalle,IN,13.04888,80.11488,Asia/Kolkata,60607
Keonjhargarh,Keonjhargarh,IN,21.6318,85.59686,Asia/Kolkata,60590
Bhadravati,Bhadravati,IN,20.1001,79.11442,Asia/Kolkata,60565
Panruti,Panruti,IN,11.77662,79.55269,Asia/Kolkata,60323
Ilkal,Ilkal,IN,15.95923,76.11351,Asia/Kolkata,60242
Kīratpur,Kiratpur,IN,29.50671,78.20613,Asia/Kolkata,60223
Vrindāvan,Vrindavan,IN,27.58105,77.69662,Asia/Kolkata,60195
Kodungallūr,Kodungallur,IN,10.23263,76.19513,Asia/Kolkata,60190
Nedumangād,Nedumangad,IN,8.60267,77.00139,Asia/Kolkata,60161
Bangaon,Bangaon,IN,25.86728,86.51152,Asia/Kolkata,60000
Narsimhapur,Narsimhapur,IN,22.94936,79.18357,Asia/Kolkata,59966
Ponnur,Ponnur,IN,16.07114,80.54944,Asia/Kolkata,59913
Kathua,Kathua,IN,32.36941,75.52539,Asia/Kolkata,59866
North Lakhimpur,North Lakhimpur,IN,27.23517,94.10357,Asia/Kolkata,59841
Masaurhi Buzurg,Masaurhi Buzurg,IN,25.35417,85.03195,Asia/Kolkata,59803
Nerkunram,Nerkunram,IN,13.06194,80.20944,Asia/Kolkata,59790
Shegaon,Shegaon,IN,20.7932,76.69921,Asia/Kolkata,59672
Mandideep,Mandideep,IN,23.08166,77.53328,Asia/Kolkata,59654
Pāchora,Pachora,IN,20.66727,75.35305,Asia/Kolkata,59609
Gobichettipalayam,Gobichettipalayam,IN,11.45496,77.4422,Asia/Kolkata,59523
Gangoh,Gangoh,IN,29.78004,77.26346,Asia/Kolkata,59519
Itanagar,Itanagar,IN,27.08694,93.60987,Asia/Kolkata,59490
Jaitpur,Jaitpur,IN,28.50647,77.32976,Asia/Kolkata,59330
Narasapur,Narasapur,IN,16.43425,81.69845,Asia/Kolkata,59306
Dhone,Dhone,IN,15.3952,77.8715,Asia/Kolkata,59272
Rājgarh,Rajgarh,IN,28.64201,75.38612,Asia/Kolkata,59193
Ullal,Ullal,IN,12.80569,74.86058,Asia/Kolkata,59116
Panna,Panna,IN,24.72094,80.18772,Asia/Kolkata,59091
Gola Gokarannāth,Gola Gokarannath,IN,28.07837,80.47054,Asia/Kolkata,58986
Gohad,Gohad,IN,26.43278,78.44205,Asia/Kolkata,58939
Wani,Wani,IN,20.05507,78.95313,Asia/Kolkata,58840
Thiruvarur,Thiruvarur,IN,10.77269,79.6368,Asia/Kolkata,58777
Upleta,Upleta,IN,21.74015,70.28256,Asia/Kolkata,58775
Nūzvīd,Nuzvid,IN,16.78854,80.84593,Asia/Kolkata,58590
Lonavla,Lonavla,IN,18.75275,73.40575,Asia/Kolkata,58562
Una,Una,IN,20.82318,71.03795,Asia/Kolkata,58528
Sillod,Sillod,IN,20.30303,75.65284,Asia/Kolkata,58230
Sīra,Sira,IN,13.74155,76.9043,Asia/Kolkata,57928
Chikhli,Chikhli,IN,20.35046,76.25774,Asia/Kolkata,57889
Jhārgrām,Jhargram,IN,22.45384,86.99497,Asia/Kolkata,57796
Kagaznāgār,Kagaznagar,IN,19.33159,79.46605,Asia/Kolkata,57583
Bhātāpāra,Bhatapara,IN,21.735,81.94711,Asia/Kolkata,57537
Kāsībugga,Kasibugga,IN,18.75927,84.41613,Asia/Kolkata,57507
Hasanpur,Hasanpur,IN,28.72249,78.28436,Asia/Kolkata,57481
Lohārdagā,Lohardaga,IN,23.43305,84.67992,Asia/Kolkata,57411
Jahāngīrābād,Jahangirabad,IN,28.40549,78.10588,Asia/Kolkata,57363
Sherkot,Sherkot,IN,29.32704,78.57429,Asia/Kolkata,57361
Kātrās,Katras,IN,23.79752,86.29834,Asia/Kolkata,57349
Mācherla,Macherla,IN,16.47635,79.43533,Asia/Kolkata,57290
Naksalbāri,Naksalbari,IN,26.6827,88.22001,Asia/Kolkata,57283
Sankarankovil,Sankarankovil,IN,9.17048,77.54107,Asia/Kolkata,57277
Mulbāgal,Mulbagal,IN,13.16352,78.39346,Asia/Kolkata,57276
Kandukūr,Kandukur,IN,15.21542,79.9039,Asia/Kolkata,57246
Tiruvalla,Tiruvalla,IN,9.3816,76.57489,Asia/Kolkata,57223
Roshanpura,Roshanpura,IN,28.60057,76.98918,Asia/Kolkata,57217
Ponnūru,Ponnuru,IN,16.06547,80.55203,Asia/Kolkata,57170
Kollegāl,Kollegal,IN,12.15449,77.11051,Asia/Kolkata,57149
Mukandpur,Mukandpur,IN,28.73944,77.18315,Asia/Kolkata,57135
Unjha,Unjha,IN,23.80366,72.39101,Asia/Kolkata,57108
Chhibrāmau,Chhibramau,IN,27.14872,79.50078,Asia/Kolkata,57071
Tilhar,Tilhar,IN,27.96282,79.73827,Asia/Kolkata,57043
Lunglei,Lunglei,IN,22.89247,92.74218,Asia/Kolkata,57011
Hoskote,Hoskote,IN,13.0707,77.79814,Asia/Kolkata,56980
Byasanagar,Byasanagar,IN,20.95569,86.12643,Asia/Kolkata,56946
Bada Barabīl,Bada Barabil,IN,22.11186,85.38684,Asia/Kolkata,56870
Sāmalkot,Samalkot,IN,17.05675,82.17639,Asia/Kolkata,56864
Karīmganj,Karimganj,IN,24.86919,92.35543,Asia/Kolkata,56854
Bobbili,Bobbili,IN,18.57366,83.35925,Asia/Kolkata,56819
Mettur,Mettur,IN,11.78796,77.8008,Asia/Kolkata,56743
Sattenapalle,Sattenapalle,IN,16.39381,80.15221,Asia/Kolkata,56721
Tirūrangādi,Tirurangadi,IN,11.04316,75.92337,Asia/Kolkata,56632
Tennala,Tennala,IN,10.99342,75.93504,Asia/Kolkata,56546
Chakradharpur,Chakradharpur,IN,22.67611,85.62892,Asia/Kolkata,56531
Sendhwa,Sendhwa,IN,21.68562,75.09622,Asia/Kolkata,56485
Talegaon Dābhāde,Talegaon Dabhade,IN,18.73502,73.67561,Asia/Kolkata,56435
Hiriyūr,Hiriyur,IN,13.94455,76.61723,Asia/Kolkata,56416
Anjangaon,Anjangaon,IN,21.16516,77.3091,Asia/Kolkata,56380
Charkhi Dādri,Charkhi Dadri,IN,28.59166,76.27161,Asia/Kolkata,56337
Ujhāni,Ujhani,IN,28.00311,79.00821,Asia/Kolkata,56309
Bankra,Bankra,IN,22.60291,88.27751,Asia/Kolkata,56273
Dabhoi,Dabhoi,IN,22.18333,73.43333,Asia/Kolkata,56253
Teghra,Teghra,IN,25.49043,85.94001,Asia/Kolkata,56234
Obra,Obra,IN,24.41863,82.98797,Asia/Kolkata,56110
Tiruvallur,Tiruvallur,IN,13.14376,79.90889,Asia/Kolkata,56074
Mandapeta,Mandapeta,IN,16.86254,81.92921,Asia/Kolkata,56063
Tirur,Tirur,IN,10.91368,75.92118,Asia/Kolkata,56058
Ropar,Ropar,IN,30.96896,76.52695,Asia/Kolkata,56038
Nāmakkal,Namakkal,IN,11.22126,78.16524,Asia/Kolkata,55997
Arcot,Arcot,IN,12.90569,79.31897,Asia/Kolkata,55955
Lāharpur,Laharpur,IN,27.70827,80.90256,Asia/Kolkata,55911
Viramgām,Viramgam,IN,23.12564,72.05014,Asia/Kolkata,55821
Islāmpur,Islampur,IN,26.26541,88.18982,Asia/Kolkata,55691
Karād,Karad,IN,17.28937,74.18183,Asia/Kolkata,55663
Yanam,Yanam,IN,16.73308,82.21364,Asia/Kolkata,55626
Ābu Road,Abu Road,IN,24.48012,72.78186,Asia/Kolkata,55599
Raxaul,Raxaul,IN,26.97982,84.85065,Asia/Kolkata,55536
Moonniyur,Moonniyur,IN,11.05972,75.90311,Asia/Kolkata,55535
Barwāni,Barwani,IN,22.03232,74.89982,Asia/Kolkata,55504
Kottayam,Kottayam,IN,9.58692,76.52132,Asia/Kolkata,55374
Tiruttangal,Tiruttangal,IN,9.48333,77.83333,Asia/Kolkata,55362
Petlād,Petlad,IN,22.47681,72.79995,Asia/Kolkata,55330
Jālaun,Jalaun,IN,26.1451,79.3366,Asia/Kolkata,55299
Periya Semūr,Periya Semur,IN,11.36088,77.68952,Asia/Kolkata,55282
Madhupur,Madhupur,IN,24.27419,86.63929,Asia/Kolkata,55238
Dhūri,Dhuri,IN,30.36846,75.86791,Asia/Kolkata,55225
Challakere,Challakere,IN,14.318,76.65165,Asia/Kolkata,55194
Etāwa,Etawa,IN,24.18351,78.20289,Asia/Kolkata,55185
Chiplūn,Chiplun,IN,17.53339,73.50935,Asia/Kolkata,55139
Mandlā,Mandla,IN,22.59879,80.37115,Asia/Kolkata,55133
Bhīmunipatnam,Bhimunipatnam,IN,17.89017,83.45203,Asia/Kolkata,55082
Mawlai-Mawïong,Mawlai-Mawiong,IN,25.62322,91.88175,Asia/Kolkata,55012
Kavanur,Kavanur,IN,12.99623,80.07514,Asia/Kolkata,54986
Pithāpuram,Pithapuram,IN,17.1168,82.25284,Asia/Kolkata,54859
Kāndi,Kandi,IN,23.95946,88.04018,Asia/Kolkata,54848
Idappadi,Idappadi,IN,11.58624,77.83891,Asia/Kolkata,54823
Sāhibābād Daulotpur,Sahibabad Daulotpur,IN,28.74705,77.11465,Asia/Kolkata,54773
Punganūru,Punganuru,IN,13.36672,78.57186,Asia/Kolkata,54746
Ghātāl,Ghatal,IN,22.66244,87.73399,Asia/Kolkata,54658
Jāfarābād,Jafarabad,IN,28.67873,77.27116,Asia/Kolkata,54601
Sāgar,Sagar,IN,14.16498,75.02901,Asia/Kolkata,54550
Sihor,Sihor,IN,21.71134,71.96179,Asia/Kolkata,54547
Mūndka,Mundka,IN,28.68012,77.02975,Asia/Kolkata,54541
Deglur,Deglur,IN,18.54829,77.57695,Asia/Kolkata,54493
Madhepura,Madhepura,IN,25.92127,86.79271,Asia/Kolkata,54472
Bārāmati,Baramati,IN,18.15174,74.57767,Asia/Kolkata,54415
Mahāsamund,Mahasamund,IN,21.10743,82.0948,Asia/Kolkata,54413
Sidhi,Sidhi,IN,24.4038,81.87954,Asia/Kolkata,54331
Kāsaragod,Kasaragod,IN,12.49838,74.98959,Asia/Kolkata,54172
Garhchiroli,Garhchiroli,IN,20.18061,80.00522,Asia/Kolkata,54152
Puttūr,Puttur,IN,13.44189,79.55314,Asia/Kolkata,54092
Jalor,Jalor,IN,25.34558,72.61559,Asia/Kolkata,54081
Samāna,Samana,IN,30.15395,76.19851,Asia/Kolkata,54072
Rāzampeta,Razampeta,IN,14.19544,79.15896,Asia/Kolkata,54050
Wāri,Wari,IN,21.15313,79.0076,Asia/Kolkata,54048
Shella,Shella,IN,25.17861,91.63952,Asia/Kolkata,54039
Palmaner,Palmaner,IN,13.2,78.74725,Asia/Kolkata,54035
Deolāli,Deolali,IN,19.94404,73.83441,Asia/Kolkata,54027
Kanakapura,Kanakapura,IN,12.54654,77.42005,Asia/Kolkata,54014
Wokha,Wokha,IN,26.09717,94.25817,Asia/Kolkata,54010
Umred,Umred,IN,20.85396,79.32466,Asia/Kolkata,53971
Kālna,Kalna,IN,23.21944,88.36295,Asia/Kolkata,53964
Pallichal,Pallichal,IN,8.44976,77.02573,Asia/Kolkata,53861
Tāndoni,Tandoni,IN,10.92611,78.0941,Asia/Kolkata,53854
Pārvatipuram,Parvatipuram,IN,18.78392,83.42569,Asia/Kolkata,53844
Kotharia,Kotharia,IN,22.23436,70.81903,Asia/Kolkata,53794
Ottapalam,Ottapalam,IN,10.7735,76.37758,Asia/Kolkata,53792
Dīdwāna,Didwana,IN,27.40096,74.57537,Asia/Kolkata,53749
Begampur,Begampur,IN,28.72655,77.06689,Asia/Kolkata,53682
Gaddi Annaram,Gaddi Annaram,IN,17.36687,78.5242,Asia/Kolkata,53622
Dumraon,Dumraon,IN,25.55265,84.15149,Asia/Kolkata,53618
Nerupperichchal,Nerupperichchal,IN,11.16105,77.37398,Asia/Kolkata,53579
Jaggaiahpet,Jaggaiahpet,IN,16.89155,80.09551,Asia/Kolkata,53530
Rampur Hat,Rampur Hat,IN,24.17737,87.78275,Asia/Kolkata,53468
Khanapuram Haveli,Khanapuram Haveli,IN,17.26239,80.16809,Asia/Kolkata,53442
Goālpāra,Goalpara,IN,26.17668,90.62634,Asia/Kolkata,53430
Tuni,Tuni,IN,17.35905,82.54607,Asia/Kolkata,53425
Laxmangarh,Laxmangarh,IN,27.82294,75.02754,Asia/Kolkata,53392
Shāhpur,Shahpur,IN,16.69605,76.8422,Asia/Kolkata,53366
Bhongīr,Bhongir,IN,17.51544,78.88563,Asia/Kolkata,53339
Puttūr,Puttur,IN,12.75975,75.20169,Asia/Kolkata,53331
Ullagaram,Ullagaram,IN,12.979,80.19703,Asia/Kolkata,53322
Sri Dūngargarh,Sri Dungargarh,IN,28.09617,74.00868,Asia/Kolkata,53294
Ayodhya,Ayodhya,IN,26.79909,82.2047,Asia/Kolkata,53293
Mubarakpur,Mubarakpur,IN,26.08866,83.29088,Asia/Kolkata,53263
Amalāpuram,Amalapuram,IN,16.57868,82.00609,Asia/Kolkata,53231
Arsikere,Arsikere,IN,13.31446,76.25704,Asia/Kolkata,53216
Phaltan,Phaltan,IN,17.99113,74.43177,Asia/Kolkata,53202
Ashta,Ashta,IN,23.01754,76.72208,Asia/Kolkata,53184
Sandīla,Sandila,IN,27.06989,80.51497,Asia/Kolkata,53182
Vikārābād,Vikarabad,IN,17.3381,77.90441,Asia/Kolkata,53143
Baruipur,Baruipur,IN,22.36544,88.4325,Asia/Kolkata,53128
Choudwar,Choudwar,IN,20.53917,85.91512,Asia/Kolkata,52999
Shāhābād,Shahabad,IN,17.1307,76.94361,Asia/Kolkata,52952
Sultānganj,Sultanganj,IN,25.23831,86.73559,Asia/Kolkata,52892
Mandi Dabwāli,Mandi Dabwali,IN,29.96633,74.70025,Asia/Kolkata,52873
Konch,Konch,IN,25.99451,79.15127,Asia/Kolkata,52773
Bāprola,Baprola,IN,28.64133,77.01415,Asia/Kolkata,52744
Venkatagiri,Venkatagiri,IN,13.96005,79.58032,Asia/Kolkata,52688
Dabhel,Dabhel,IN,20.40953,72.88339,Asia/Kolkata,52578
Biswān,Biswan,IN,27.49581,80.99618,Asia/Kolkata,52516
Siruguppa,Siruguppa,IN,15.63,76.89217,Asia/Kolkata,52492
Kosi,Kosi,IN,27.79449,77.4368,Asia/Kolkata,52492
Sironj,Sironj,IN,24.10313,77.69055,Asia/Kolkata,52460
Jangaon,Jangaon,IN,17.72602,79.15236,Asia/Kolkata,52394
Daudnagar,Daudnagar,IN,25.03473,84.40095,Asia/Kolkata,52364
Dandeli,Dandeli,IN,15.26667,74.61667,Asia/Kolkata,52295
Ramapuram,Ramapuram,IN,13.03179,80.18243,Asia/Kolkata,52295
Mudhol,Mudhol,IN,16.33354,75.28305,Asia/Kolkata,52199
Thodupuzha,Thodupuzha,IN,9.89394,76.72216,Asia/Kolkata,52045
Devakottai,Devakottai,IN,9.94704,78.8233,Asia/Kolkata,51865
Arwal,Arwal,IN,25.24281,84.66571,Asia/Kolkata,51849
Kāliyāganj,Kaliyaganj,IN,25.63442,88.32665,Asia/Kolkata,51748
Nasīrābād,Nasirabad,IN,26.30473,74.73364,Asia/Kolkata,51747
Khagaul,Khagaul,IN,25.57898,85.04564,Asia/Kolkata,51577
Changanācheri,Changanacheri,IN,9.44203,76.53604,Asia/Kolkata,51430
Shorāpur,Shorapur,IN,16.521,76.75738,Asia/Kolkata,51398
Māndvi,Mandvi,IN,22.83282,69.35237,Asia/Kolkata,51376
Rajgangpur,Rajgangpur,IN,22.2,84.583,Asia/Kolkata,51362
Ozar,Ozar,IN,20.09473,73.92816,Asia/Kolkata,51297
Peranāmpattu,Peranampattu,IN,12.9343,78.7189,Asia/Kolkata,51271
Gumlā,Gumla,IN,23.04268,84.54429,Asia/Kolkata,51264
Rāmnagar,Ramnagar,IN,29.3925,79.1283,Asia/Kolkata,51244
Vazhakkala,Vazhakkala,IN,10.01239,76.32633,Asia/Kolkata,51242
Shujālpur,Shujalpur,IN,23.40673,76.7098,Asia/Kolkata,51225
Tirumangalam,Tirumangalam,IN,9.82307,77.98381,Asia/Kolkata,51194
Sidlaghatta,Sidlaghatta,IN,13.38896,77.86444,Asia/Kolkata,51159
Khurai,Khurai,IN,24.04372,78.33014,Asia/Kolkata,51108
Hilsa,Hilsa,IN,25.31642,85.28234,Asia/Kolkata,51052
Rampura Phul,Rampura Phul,IN,30.27563,75.24253,Asia/Kolkata,51023
Fatwa,Fatwa,IN,25.50958,85.30504,Asia/Kolkata,50961
Tūndla,Tundla,IN,27.2146,78.23683,Asia/Kolkata,50939
Mannārakkāt,Mannarakkat,IN,10.99223,76.46418,Asia/Kolkata,50921
Metpalle,Metpalle,IN,18.84724,78.62563,Asia/Kolkata,50902
Naya Gaon,Naya Gaon,IN,30.77515,76.79308,Asia/Kolkata,50869
Repalle,Repalle,IN,16.0184,80.82958,Asia/Kolkata,50866
Hunsūr,Hunsur,IN,12.30359,76.29275,Asia/Kolkata,50865
Nanjangūd,Nanjangud,IN,12.11764,76.68397,Asia/Kolkata,50598
Forbesganj,Forbesganj,IN,26.30253,87.26556,Asia/Kolkata,50475
Nithari,Nithari,IN,28.70489,77.05285,Asia/Kolkata,50464
Sunabeda,Sunabeda,IN,18.7284,82.82932,Asia/Kolkata,50394
Gajraula,Gajraula,IN,28.8457,78.2396,Asia/Kolkata,50380
Vīrapāndi,Virapandi,IN,11.06247,77.35076,Asia/Kolkata,50301
Dāhānu,Dahanu,IN,19.96778,72.71263,Asia/Kolkata,50287
Rasipuram,Rasipuram,IN,11.46009,78.18635,Asia/Kolkata,50244
Sālūr,Salur,IN,18.51716,83.20548,Asia/Kolkata,50206
Bhabhua,Bhabhua,IN,25.04049,83.60749,Asia/Kolkata,50179
Hodal,Hodal,IN,27.89196,77.36744,Asia/Kolkata,50143
Bhadrāchalam,Bhadrachalam,IN,17.66846,80.88887,Asia/Kolkata,50087
Aonla,Aonla,IN,28.27402,79.16521,Asia/Kolkata,50011
Tirupparangunram,Tirupparangunram,IN,9.88151,78.07306,Asia/Kolkata,50004
Chatrā,Chatra,IN,24.20645,84.87085,Asia/Kolkata,49985
Khagaria,Khagaria,IN,25.5022,86.46708,Asia/Kolkata,49982
Dhāmpur,Dhampur,IN,29.30883,78.51083,Asia/Kolkata,49973
Phalodi,Phalodi,IN,27.13102,72.36826,Asia/Kolkata,49914
Gangākher,Gangakher,IN,18.96962,76.74946,Asia/Kolkata,49891
Sardhana,Sardhana,IN,29.14551,77.61433,Asia/Kolkata,49857
Nohar,Nohar,IN,29.18292,74.77064,Asia/Kolkata,49835
Yeola,Yeola,IN,20.0424,74.48944,Asia/Kolkata,49826
Bhaisa,Bhaisa,IN,19.11285,77.96336,Asia/Kolkata,49764
Perintalmanna,Perintalmanna,IN,10.97724,76.22541,Asia/Kolkata,49723
Jugsālai,Jugsalai,IN,22.77668,86.18351,Asia/Kolkata,49660
Perambalur,Perambalur,IN,11.23333,78.88333,Asia/Kolkata,49648
Badūria,Baduria,IN,22.74431,88.78655,Asia/Kolkata,49547
Gudalur,Gudalur,IN,11.52073,76.48141,Asia/Kolkata,49535
Kizhake Chālakudi,Kizhake Chalakudi,IN,10.30067,76.33763,Asia/Kolkata,49525
Narkatiāganj,Narkatiaganj,IN,27.10383,84.46185,Asia/Kolkata,49507
Peddāpuram,Peddapuram,IN,17.07701,82.13836,Asia/Kolkata,49477
Majalgaon,Majalgaon,IN,19.15513,76.20992,Asia/Kolkata,49453
Daund,Daund,IN,18.46515,74.58375,Asia/Kolkata,49450
Kapadvanj,Kapadvanj,IN,23.02302,73.07113,Asia/Kolkata,49308
Kotputli,Kotputli,IN,27.70207,76.19911,Asia/Kolkata,49202
Dyāne,Dyane,IN,20.56743,74.52845,Asia/Kolkata,49192
Bail-Hongal,Bail-Hongal,IN,15.8137,74.85895,Asia/Kolkata,49182
Biaora,Biaora,IN,23.9205,76.91074,Asia/Kolkata,49093
Naugachhia,Naugachhia,IN,25.38807,87.09906,Asia/Kolkata,49069
Kānūru,Kanuru,IN,16.49853,80.69141,Asia/Kolkata,49006
Dehu Road,Dehu Road,IN,18.68211,73.73161,Asia/Kolkata,48961
Pipariā,Piparia,IN,22.75703,78.35499,Asia/Kolkata,48826
Barpeta,Barpeta,IN,26.32293,91.00632,Asia/Kolkata,48824
Gooty,Gooty,IN,15.11836,77.63776,Asia/Kolkata,48658
Tamlūk,Tamluk,IN,22.30083,87.92593,Asia/Kolkata,48646
Vengara,Vengara,IN,11.05083,75.97806,Asia/Kolkata,48600
Jaisingpur,Jaisingpur,IN,16.77639,74.55361,Asia/Kolkata,48510
Nangal,Nangal,IN,31.38966,76.37574,Asia/Kolkata,48497
Jasdan,Jasdan,IN,22.03709,71.20794,Asia/Kolkata,48483
Godda,Godda,IN,24.827,87.2125,Asia/Kolkata,48480
Bikramganj,Bikramganj,IN,25.21073,84.25508,Asia/Kolkata,48465
Morār,Morar,IN,26.2264,78.22482,Asia/Kolkata,48464
Jhajjar,Jhajjar,IN,28.6063,76.6565,Asia/Kolkata,48424
Rāmnagar,Ramnagar,IN,27.16371,84.32342,Asia/Kolkata,48411
Nihtaur,Nihtaur,IN,29.32416,78.38724,Asia/Kolkata,48389
Mahnar Bazar,Mahnar Bazar,IN,25.60962,85.48076,Asia/Kolkata,48293
Vite,Vite,IN,17.27343,74.53792,Asia/Kolkata,48289
Gumia,Gumia,IN,23.7975,85.82523,Asia/Kolkata,48141
Anakaputhur,Anakaputhur,IN,12.9828,80.1264,Asia/Kolkata,48050
Tānālūr,Tanalur,IN,10.95154,75.90961,Asia/Kolkata,47976
Bhīnmāl,Bhinmal,IN,24.99944,72.27141,Asia/Kolkata,47932
Sadasivpet,Sadasivpet,IN,17.61925,77.95263,Asia/Kolkata,47920
Bakhtiarpur,Bakhtiarpur,IN,25.45598,85.5329,Asia/Kolkata,47897
Jalandhar Cantonment,Jalandhar Cantonment,IN,31.29421,75.61974,Asia/Kolkata,47845
Athani,Athani,IN,16.72613,75.06421,Asia/Kolkata,47842
Warud,Warud,IN,21.47101,78.26965,Asia/Kolkata,47817
Wānkāner,Wankaner,IN,22.61198,70.94379,Asia/Kolkata,47814
Churāchāndpur,Churachandpur,IN,24.33353,93.66999,Asia/Kolkata,47774
Dūngarpur,Dungarpur,IN,23.84306,73.71466,Asia/Kolkata,47706
Chhaya,Chhaya,IN,21.62878,69.63386,Asia/Kolkata,47699
Dumka,Dumka,IN,24.26778,87.24855,Asia/Kolkata,47663
Gādarwāra,Gadarwara,IN,22.9235,78.7849,Asia/Kolkata,47604
Pithorāgarh,Pithoragarh,IN,29.58349,80.20947,Asia/Kolkata,47571
Ballia,Ballia,IN,25.42139,86.31445,Asia/Kolkata,47550
Bihtā,Bihta,IN,25.55885,84.87141,Asia/Kolkata,47549
Atraulī,Atrauli,IN,28.02964,78.28571,Asia/Kolkata,47512
Walajapet,Walajapet,IN,12.9251,79.36626,Asia/Kolkata,47498
Koraput,Koraput,IN,18.81199,82.71048,Asia/Kolkata,47468
Umarkhed,Umarkhed,IN,19.60144,77.68878,Asia/Kolkata,47458
Gudalur,Gudalur,IN,9.67826,77.24951,Asia/Kolkata,47419
Kunnamangalam,Kunnamangalam,IN,11.30459,75.87772,Asia/Kolkata,47396
Valasaravakkam,Valasaravakkam,IN,13.04394,80.17251,Asia/Kolkata,47378
Jodhpur,Jodhpur,IN,21.90174,70.0327,Asia/Kolkata,47329
Alangad,Alangad,IN,10.10192,76.29104,Asia/Kolkata,47329
Alengād,Alengad,IN,10.11901,76.30226,Asia/Kolkata,47329
Punalūr,Punalur,IN,9.01956,76.92261,Asia/Kolkata,47263
Vikramasingapuram,Vikramasingapuram,IN,8.71477,77.39032,Asia/Kolkata,47241
Vattiyūrkāvu,Vattiyurkavu,IN,8.52469,76.98886,Asia/Kolkata,47187
Padrauna,Padrauna,IN,26.90403,83.98087,Asia/Kolkata,47181
Ambāh,Ambah,IN,26.70423,78.22678,Asia/Kolkata,47177
Komalapuram,Komalapuram,IN,9.54189,76.34236,Asia/Kolkata,47126
Mattanur,Mattanur,IN,11.93018,75.57152,Asia/Kolkata,47078
Harpanahalli,Harpanahalli,IN,14.78766,75.98863,Asia/Kolkata,47039
Kendrāparha,Kendraparha,IN,20.50166,86.42227,Asia/Kolkata,47006
Tighri,Tighri,IN,28.51225,77.24083,Asia/Kolkata,46974
Pallikal,Pallikal,IN,11.13723,75.92575,Asia/Kolkata,46962
Selu,Selu,IN,19.45512,76.44073,Asia/Kolkata,46915
Medak,Medak,IN,18.04531,78.26078,Asia/Kolkata,46880
Patancheru,Patancheru,IN,17.53334,78.2645,Asia/Kolkata,46821
Chhatarpur,Chhatarpur,IN,28.49849,77.18254,Asia/Kolkata,46776
Dondaicha,Dondaicha,IN,21.3236,74.56804,Asia/Kolkata,46767
Jāmner,Jamner,IN,20.80949,75.77768,Asia/Kolkata,46762
Burla,Burla,IN,21.50976,83.87259,Asia/Kolkata,46698
Porur,Porur,IN,13.03565,80.15821,Asia/Kolkata,46690
Nellikkuppam,Nellikkuppam,IN,11.77554,79.67016,Asia/Kolkata,46678
Padra,Padra,IN,22.2398,73.08451,Asia/Kolkata,46660
Kawardha,Kawardha,IN,22.00853,81.23148,Asia/Kolkata,46657
Gulāothi,Gulaothi,IN,28.58938,77.79318,Asia/Kolkata,46647
Joda,Joda,IN,22.017,85.422,Asia/Kolkata,46631
Seohāra,Seohara,IN,29.20904,78.58837,Asia/Kolkata,46546
Warora,Warora,IN,20.22885,79.00277,Asia/Kolkata,46532
Mānvi,Manvi,IN,15.99126,77.05034,Asia/Kolkata,46465
Kurseong,Kurseong,IN,26.88251,88.27729,Asia/Kolkata,46427
Manglaur,Manglaur,IN,29.79094,77.87836,Asia/Kolkata,46395
Nilambūr,Nilambur,IN,11.27271,76.22571,Asia/Kolkata,46366
Ganj Dundwāra,Ganj Dundwara,IN,27.73308,78.94119,Asia/Kolkata,46314
Nānpāra,Nanpara,IN,27.86459,81.50036,Asia/Kolkata,46280
Khordha,Khordha,IN,20.18268,85.61629,Asia/Kolkata,46205
Atarra,Atarra,IN,25.28618,80.57155,Asia/Kolkata,46168
Barbigha,Barbigha,IN,25.2167,85.7333,Asia/Kolkata,46075
Merta,Merta,IN,26.64859,74.03414,Asia/Kolkata,46070
Jammalamadugu,Jammalamadugu,IN,14.84677,78.38314,Asia/Kolkata,46069
Garhwa,Garhwa,IN,24.16002,83.80755,Asia/Kolkata,46059
Nawanshahr,Nawanshahr,IN,31.1245,76.11613,Asia/Kolkata,46024
Rānāvāv,Ranavav,IN,21.68734,69.74485,Asia/Kolkata,46018
Bānka,Banka,IN,24.88091,86.92257,Asia/Kolkata,45977
Thoubāl,Thoubal,IN,24.63881,93.99639,Asia/Kolkata,45947
Mahmudābād,Mahmudabad,IN,27.29191,81.11775,Asia/Kolkata,45921
Milavittan,Milavittan,IN,8.81928,78.09087,Asia/Kolkata,45863
Pakur,Pakur,IN,24.63925,87.84239,Asia/Kolkata,45840
Cherthala,Cherthala,IN,9.68444,76.33558,Asia/Kolkata,45827
Nāyudupet,Nayudupet,IN,13.90742,79.89465,Asia/Kolkata,45769
Farrukhnagar,Farrukhnagar,IN,17.07787,78.20339,Asia/Kolkata,45675
Rāmpura,Rampura,IN,30.256,75.24116,Asia/Kolkata,45639
Chirakkal,Chirakkal,IN,11.91257,75.36102,Asia/Kolkata,45601
Chirkunda,Chirkunda,IN,23.74771,86.78804,Asia/Kolkata,45508
Coonoor,Coonoor,IN,11.34979,76.79375,Asia/Kolkata,45494
Pāndhurnā,Pandhurna,IN,21.59556,78.52628,Asia/Kolkata,45479
Shertallai,Shertallai,IN,9.68581,76.33996,Asia/Kolkata,45474
Kodur,Kodur,IN,11.01528,76.07009,Asia/Kolkata,45459
Giddarbāha,Giddarbaha,IN,30.19953,74.66627,Asia/Kolkata,45370
Meddappakkam,Meddappakkam,IN,12.91661,80.19385,Asia/Kolkata,45356
Nandikotkūr,Nandikotkur,IN,15.85668,78.26569,Asia/Kolkata,45343
Khalīlābād,Khalilabad,IN,26.77268,83.07179,Asia/Kolkata,45321
Chittaranjan,Chittaranjan,IN,23.85681,86.90324,Asia/Kolkata,45305
Pāthardih,Pathardih,IN,23.6658,86.43166,Asia/Kolkata,45276
Chāmpa,Champa,IN,22.03532,82.64234,Asia/Kolkata,45256
Mehkar,Mehkar,IN,20.1505,76.56841,Asia/Kolkata,45248
Dhanpuri,Dhanpuri,IN,23.18542,81.55513,Asia/Kolkata,45156
Sundergarh,Sundergarh,IN,22.11667,84.03333,Asia/Kolkata,45036
Dīg,Dig,IN,27.47188,77.32564,Asia/Kolkata,44999
Tumsar,Tumsar,IN,21.38333,79.73333,Asia/Kolkata,44869
Rameswaram,Rameswaram,IN,9.2885,79.31271,Asia/Kolkata,44856
Bangarapet,Bangarapet,IN,12.99116,78.17804,Asia/Kolkata,44849
Tānda,Tanda,IN,28.97621,78.94187,Asia/Kolkata,44822
Vishāram,Visharam,IN,12.91808,79.27756,Asia/Kolkata,44786
Thiruthani,Thiruthani,IN,13.17594,79.61637,Asia/Kolkata,44781
Digras,Digras,IN,20.1035,77.71846,Asia/Kolkata,44767
Maradu,Maradu,IN,9.93653,76.32382,Asia/Kolkata,44704
Bāndīkūi,Bandikui,IN,27.05087,76.57325,Asia/Kolkata,44664
Dowleswaram,Dowleswaram,IN,16.94761,81.77987,Asia/Kolkata,44637
Bālāpur,Balapur,IN,20.66612,76.77386,Asia/Kolkata,44594
Tondalam,Tondalam,IN,11.50137,76.34983,Asia/Kolkata,44590
Jawaharnagar,Jawaharnagar,IN,17.51001,78.56562,Asia/Kolkata,44562
Homnābād,Homnabad,IN,17.77074,77.12519,Asia/Kolkata,44483
Memāri,Memari,IN,23.17647,88.09749,Asia/Kolkata,44448
Nāndūra,Nandura,IN,20.83417,76.45924,Asia/Kolkata,44419
Kottangara,Kottangara,IN,8.92412,76.64673,Asia/Kolkata,44402
Angul,Angul,IN,20.84089,85.10192,Asia/Kolkata,44386
Kōttakkal,Kottakkal,IN,11.00089,76.00618,Asia/Kolkata,44382
Libāspur,Libaspur,IN,28.75089,77.14647,Asia/Kolkata,44375
Dalli Rājhara,Dalli Rajhara,IN,20.58573,81.07501,Asia/Kolkata,44363
Kālpi,Kalpi,IN,26.11667,79.73333,Asia/Kolkata,44339
Jintūr,Jintur,IN,19.61186,76.6874,Asia/Kolkata,44291
Daman,Daman,IN,20.41431,72.83236,Asia/Kolkata,44282
Rāmnagar,Ramnagar,IN,25.26907,83.02971,Asia/Kolkata,44277
Anekal,Anekal,IN,12.7111,77.69557,Asia/Kolkata,44260
Akkarampalle,Akkarampalle,IN,13.65,79.42,Asia/Kolkata,44219
Nidadavole,Nidadavole,IN,16.90572,81.67222,Asia/Kolkata,44173
Raisen,Raisen,IN,23.33033,77.7811,Asia/Kolkata,44162
Gūduvāncheri,Guduvancheri,IN,12.84519,80.06055,Asia/Kolkata,44098
Varangaon,Varangaon,IN,21.01767,75.91042,Asia/Kolkata,44067
Sihorā,Sihora,IN,23.4871,80.10404,Asia/Kolkata,44048
Chidawa,Chidawa,IN,28.23937,75.64035,Asia/Kolkata,43953
Ahmadpur,Ahmadpur,IN,18.70622,76.93731,Asia/Kolkata,43936
Olavanna,Olavanna,IN,11.21836,75.83248,Asia/Kolkata,43895
Gobārdānga,Gobardanga,IN,22.8774,88.75479,Asia/Kolkata,43808
Melmadai,Melmadai,IN,9.92638,78.15028,Asia/Kolkata,43797
Saint Thomas Mount,Saint Thomas Mount,IN,13.00334,80.19614,Asia/Kolkata,43795
Yellandu,Yellandu,IN,17.59064,80.32146,Asia/Kolkata,43787
Hāflong,Haflong,IN,25.16478,93.01744,Asia/Kolkata,43756
Polavaram,Polavaram,IN,17.24754,81.64372,Asia/Kolkata,43710
Kanuru,Kanuru,IN,16.28584,81.25464,Asia/Kolkata,43696
Bodupāl,Bodupal,IN,17.41877,78.58427,Asia/Kolkata,43692
Rāmachandrapuram,Ramachandrapuram,IN,16.83636,82.02871,Asia/Kolkata,43657
Panachikkad,Panachikkad,IN,9.52974,76.54062,Asia/Kolkata,43595
Shōranūr,Shoranur,IN,10.76181,76.27078,Asia/Kolkata,43533
Pallikaranai,Pallikaranai,IN,12.9377,80.2153,Asia/Kolkata,43493
Kāndhla,Kandhla,IN,29.32104,77.27101,Asia/Kolkata,43387
Barwāla,Barwala,IN,29.36747,75.90809,Asia/Kolkata,43384
Nilithi,Nilithi,IN,28.65201,77.05644,Asia/Kolkata,43371
Jambusar,Jambusar,IN,22.05236,72.80074,Asia/Kolkata,43344
Varkala,Varkala,IN,8.7333,76.7167,Asia/Kolkata,43276
Kātol,Katol,IN,21.27388,78.5858,Asia/Kolkata,43267
Kopali,Kopali,IN,22.83718,86.19161,Asia/Kolkata,43256
Sainthia,Sainthia,IN,23.94826,87.68045,Asia/Kolkata,43221
Choornikkara,Choornikkara,IN,10.08788,76.3411,Asia/Kolkata,43207
Perungudi,Perungudi,IN,12.96095,80.24094,Asia/Kolkata,43111
Kamal Pur Majra Burari,Kamal Pur Majra Burari,IN,28.74667,77.19348,Asia/Kolkata,43086
Jīwanpur,Jiwanpur,IN,28.71448,77.28489,Asia/Kolkata,43054
Barhiya,Barhiya,IN,25.28814,86.02055,Asia/Kolkata,43045
Sojat,Sojat,IN,25.92493,73.66633,Asia/Kolkata,43023
Kālimpong,Kalimpong,IN,27.03461,88.63084,Asia/Kolkata,43000
Periyakulam,Periyakulam,IN,10.12268,77.54372,Asia/Kolkata,42976
Simdega,Simdega,IN,22.61523,84.50208,Asia/Kolkata,42944
Bishrāmpur,Bishrampur,IN,24.25299,83.92502,Asia/Kolkata,42925
Kottuvalli,Kottuvalli,IN,10.11119,76.24634,Asia/Kolkata,42922
Bairāgnia,Bairagnia,IN,26.74063,85.27323,Asia/Kolkata,42895
Diglipur,Diglipur,IN,13.26667,93,Asia/Kolkata,42877
Panipat Taraf Ansar,Panipat Taraf Ansar,IN,29.41223,76.9547,Asia/Kolkata,42877
Ranjangaon S,Ranjangaon S,IN,19.84404,75.21482,Asia/Kolkata,42877
Kakkodi,Kakkodi,IN,11.31973,75.80146,Asia/Kolkata,42866
Mahbūbābād,Mahbubabad,IN,17.59728,80.00207,Asia/Kolkata,42851
Perumbaikad,Perumbaikad,IN,9.61827,76.53127,Asia/Kolkata,42839
Ārvi,Arvi,IN,20.99585,78.22914,Asia/Kolkata,42822
Parāsia,Parasia,IN,22.1913,78.75904,Asia/Kolkata,42786
Sivaganga,Sivaganga,IN,9.84701,78.48358,Asia/Kolkata,42785
Limbdi,Limbdi,IN,22.56507,71.81076,Asia/Kolkata,42769
Chavara,Chavara,IN,8.96727,76.54188,Asia/Kolkata,42655
Dahegām,Dahegam,IN,23.16903,72.82161,Asia/Kolkata,42632
Shāhābād,Shahabad,IN,30.16776,76.87046,Asia/Kolkata,42607
Jaspur,Jaspur,IN,29.27919,78.82798,Asia/Kolkata,42524
Thān,Than,IN,22.57422,71.19942,Asia/Kolkata,42508
Bāola,Baola,IN,22.82844,72.36364,Asia/Kolkata,42458
Khekra,Khekra,IN,28.86586,77.2841,Asia/Kolkata,42408
Bhupalpally,Bhupalpally,IN,18.42866,79.86385,Asia/Kolkata,42387
Dīnhāta,Dinhata,IN,26.13526,89.46129,Asia/Kolkata,42381
Aland,Aland,IN,17.56425,76.56854,Asia/Kolkata,42371
Kumbalangy,Kumbalangy,IN,9.87977,76.28353,Asia/Kolkata,42367
Naini Tāl,Naini Tal,IN,29.39743,79.44686,Asia/Kolkata,42309
Idar,Idar,IN,23.84145,73.00068,Asia/Kolkata,42306
Chinnamanūr,Chinnamanur,IN,9.83999,77.38109,Asia/Kolkata,42305
Bhawāni Mandi,Bhawani Mandi,IN,24.41582,75.83552,Asia/Kolkata,42283
Kyathampalle,Kyathampalle,IN,19.66781,78.5289,Asia/Kolkata,42275
Sikandra Rao,Sikandra Rao,IN,27.68859,78.37985,Asia/Kolkata,42229
Palladam,Palladam,IN,10.99175,77.28633,Asia/Kolkata,42225
Rāzām,Razam,IN,18.44909,83.65957,Asia/Kolkata,42197
Jājpur,Jajpur,IN,20.84852,86.33729,Asia/Kolkata,42157
Jora,Jora,IN,26.34209,77.8092,Asia/Kolkata,42153
Canning,Canning,IN,22.31399,88.66508,Asia/Kolkata,42132
Khairābād,Khairabad,IN,27.52698,80.75461,Asia/Kolkata,42125
Pratāpgarh,Pratapgarh,IN,24.03215,74.78162,Asia/Kolkata,42079
Dhāka,Dhaka,IN,26.67479,85.16698,Asia/Kolkata,42063
Kannad,Kannad,IN,20.25684,75.13786,Asia/Kolkata,42056
Nāthdwāra,Nathdwara,IN,24.93805,73.82392,Asia/Kolkata,42016
Abdu Rahiman Nagar,Abdu Rahiman Nagar,IN,11.06983,75.93879,Asia/Kolkata,41993
Golāghāt,Golaghat,IN,26.51167,93.95951,Asia/Kolkata,41989
Kekri,Kekri,IN,25.97132,75.14992,Asia/Kolkata,41890
Barauli,Barauli,IN,26.38109,84.58648,Asia/Kolkata,41877
Mahē,Mahe,IN,11.70172,75.53474,Asia/Kolkata,41816
Diamond Harbour,Diamond Harbour,IN,22.19268,88.18951,Asia/Kolkata,41802
Sūrampatti,Surampatti,IN,11.32726,77.71122,Asia/Kolkata,41782
Bāghpat,Baghpat,IN,28.94485,77.21865,Asia/Kolkata,41766
Bar Bigha,Bar Bigha,IN,25.21855,85.7332,Asia/Kolkata,41758
Nārāyanpet,Narayanpet,IN,16.74799,77.4954,Asia/Kolkata,41752
Khambhāliya,Khambhaliya,IN,22.20685,69.65031,Asia/Kolkata,41734
Bilāra,Bilara,IN,26.18067,73.7055,Asia/Kolkata,41710
Trikonavattam,Trikonavattam,IN,8.88987,76.66588,Asia/Kolkata,41609
Rājgīr,Rajgir,IN,25.02828,85.42079,Asia/Kolkata,41587
Kudappanakkunnu,Kudappanakkunnu,IN,8.55142,76.96079,Asia/Kolkata,41583
Paithan,Paithan,IN,19.47506,75.38558,Asia/Kolkata,41536
Kodīnar,Kodinar,IN,20.79393,70.70216,Asia/Kolkata,41492
Pīleru,Pileru,IN,13.65584,78.93854,Asia/Kolkata,41489
Pirāyiri,Pirayiri,IN,10.76523,76.63178,Asia/Kolkata,41359
Rāmganj Mandi,Ramganj Mandi,IN,24.64648,75.94325,Asia/Kolkata,41328
Vaijāpur,Vaijapur,IN,19.92672,74.7275,Asia/Kolkata,41296
Kannamangalam,Kannamangalam,IN,11.07543,75.98522,Asia/Kolkata,41260
Saundatti,Saundatti,IN,15.76615,75.11778,Asia/Kolkata,41215
Jaggayyapeta,Jaggayyapeta,IN,16.8938,80.09807,Asia/Kolkata,41180
Peddapalli,Peddapalli,IN,18.61357,79.37442,Asia/Kolkata,41171
Dhupgāri,Dhupgari,IN,26.58904,89.00732,Asia/Kolkata,41168
Triprangod,Triprangod,IN,10.84225,75.94856,Asia/Kolkata,41167
Chākan,Chakan,IN,18.76059,73.86351,Asia/Kolkata,41113
Bharthana,Bharthana,IN,26.75231,79.2218,Asia/Kolkata,41055
Patti,Patti,IN,31.28092,74.85849,Asia/Kolkata,40976
Jalārpet,Jalarpet,IN,12.57025,78.57318,Asia/Kolkata,40959
Vadgaon,Vadgaon,IN,20.37589,78.11258,Asia/Kolkata,40884
Tālcher,Talcher,IN,20.94927,85.23354,Asia/Kolkata,40841
Thottada,Thottada,IN,11.83851,75.4208,Asia/Kolkata,40818
Kalliyoor,Kalliyoor,IN,8.43128,77.01285,Asia/Kolkata,40816
Arantāngi,Arantangi,IN,10.17235,78.99118,Asia/Kolkata,40814
Athiyannur,Athiyannur,IN,8.393,77.06371,Asia/Kolkata,40712
Icchannūr,Icchannur,IN,11.36148,75.77819,Asia/Kolkata,40697
Sherghāti,Sherghati,IN,24.5595,84.79162,Asia/Kolkata,40666
Bhādra,Bhadra,IN,29.10298,75.17138,Asia/Kolkata,40662
Jhajha,Jhajha,IN,24.77107,86.37888,Asia/Kolkata,40646
Ghātsīla,Ghatsila,IN,22.58531,86.47682,Asia/Kolkata,40624
Dharmanagar,Dharmanagar,IN,24.36667,92.16667,Asia/Kolkata,40595
Kayalpattinam,Kayalpattinam,IN,8.57143,78.11992,Asia/Kolkata,40588
Nowgong,Nowgong,IN,25.06136,79.44125,Asia/Kolkata,40580
Savanūr,Savanur,IN,14.97335,75.33724,Asia/Kolkata,40567
Nailā,Naila,IN,22.02074,82.5666,Asia/Kolkata,40561
Nannambra,Nannambra,IN,10.99211,75.90799,Asia/Kolkata,40543
Manapparai,Manapparai,IN,10.60772,78.42582,Asia/Kolkata,40510
Boyampālaiyam,Boyampalaiyam,IN,11.14875,77.35368,Asia/Kolkata,40503
Kallakkurichchi,Kallakkurichchi,IN,11.7404,78.959,Asia/Kolkata,40449
Kulathummal,Kulathummal,IN,8.5073,77.08145,Asia/Kolkata,40448
Ettumānūr,Ettumanur,IN,9.66898,76.55924,Asia/Kolkata,40438
Ghātampur,Ghatampur,IN,26.15272,80.16803,Asia/Kolkata,40435
Channarāyapatna,Channarayapatna,IN,12.90642,76.38775,Asia/Kolkata,40417
Akivīdu,Akividu,IN,16.58225,81.38112,Asia/Kolkata,40413
Kovvūr,Kovvur,IN,17.0162,81.72934,Asia/Kolkata,40379
Vellakkovil,Vellakkovil,IN,10.94627,77.71242,Asia/Kolkata,40359
Sabalgarh,Sabalgarh,IN,26.24918,77.40786,Asia/Kolkata,40333
Bhālki,Bhalki,IN,18.04348,77.206,Asia/Kolkata,40333
Kāttipparutti,Kattipparutti,IN,10.87385,76.05348,Asia/Kolkata,40318
Murtajāpur,Murtajapur,IN,20.73299,77.36694,Asia/Kolkata,40295
Peringathur,Peringathur,IN,11.7137,75.58599,Asia/Kolkata,40292
Solan,Solan,IN,30.90908,77.10869,Asia/Kolkata,40283
Nādāpuram,Nadapuram,IN,11.68465,75.65493,Asia/Kolkata,40230
Gursahāiganj,Gursahaiganj,IN,27.11518,79.73174,Asia/Kolkata,40214
Maihar,Maihar,IN,24.26594,80.76063,Asia/Kolkata,40192
Bantvāl,Bantval,IN,12.8905,75.03489,Asia/Kolkata,40155
Pallipalayam,Pallipalayam,IN,11.36523,77.76235,Asia/Kolkata,40140
Mapusa,Mapusa,IN,15.59154,73.80898,Asia/Kolkata,40122
Tāki,Taki,IN,22.58867,88.93253,Asia/Kolkata,40113
Akalkot,Akalkot,IN,17.52532,76.20611,Asia/Kolkata,40103
Maner,Maner,IN,25.64602,84.87291,Asia/Kolkata,40068
Mālūr,Malur,IN,13.00322,77.93798,Asia/Kolkata,40050
Bakhri,Bakhri,IN,25.59889,86.26074,Asia/Kolkata,40043
Mayyanād,Mayyanad,IN,8.83726,76.64505,Asia/Kolkata,40039
Mappilaiurani,Mappilaiurani,IN,8.8359,78.13518,Asia/Kolkata,40035
Melur,Melur,IN,10.03241,78.3393,Asia/Kolkata,40017
Hāsimāra,Hasimara,IN,26.7469,89.35385,Asia/Kolkata,40000
Sathupalli,Sathupalli,IN,17.24968,80.86899,Asia/Kolkata,40000
Pūranpur,Puranpur,IN,28.51283,80.14829,Asia/Kolkata,39988
Aklūj,Akluj,IN,17.89241,75.02138,Asia/Kolkata,39972
Bānsi,Bansi,IN,27.17749,82.93442,Asia/Kolkata,39926
Bīlāspur,Bilaspur,IN,28.88655,79.2703,Asia/Kolkata,39873
Vadavalli,Vadavalli,IN,11.02472,76.8973,Asia/Kolkata,39873
Thakurdwara,Thakurdwara,IN,29.19203,78.86145,Asia/Kolkata,39860
Amudālavalasa,Amudalavalasa,IN,18.41025,83.90295,Asia/Kolkata,39799
Vyāra,Vyara,IN,21.11079,73.39365,Asia/Kolkata,39789
Bhavāni,Bhavani,IN,11.44553,77.68215,Asia/Kolkata,39744
Samālkha,Samalkha,IN,29.23552,77.01273,Asia/Kolkata,39710
Lakkanahalli,Lakkanahalli,IN,12.11202,78.15384,Asia/Kolkata,39697
Porsa,Porsa,IN,26.67444,78.37081,Asia/Kolkata,39669
Kadungalūr,Kadungalur,IN,10.0948,76.32106,Asia/Kolkata,39666
Kālappatti,Kalappatti,IN,11.07937,77.03709,Asia/Kolkata,39586
Anandpur,Anandpur,IN,21.21411,86.12492,Asia/Kolkata,39585
Chaklāsi,Chaklasi,IN,22.6532,72.94497,Asia/Kolkata,39581
Rādhanpur,Radhanpur,IN,23.83238,71.6047,Asia/Kolkata,39558
Murshidābād,Murshidabad,IN,24.1839,88.27171,Asia/Kolkata,39557
Manakunnam,Manakunnam,IN,9.8857,76.37328,Asia/Kolkata,39538
Bhachāu,Bhachau,IN,23.29858,70.34279,Asia/Kolkata,39532
Jalālābād,Jalalabad,IN,30.60622,74.25727,Asia/Kolkata,39525
Kurinjippādi,Kurinjippadi,IN,11.55028,79.59066,Asia/Kolkata,39514
Sedam,Sedam,IN,17.17859,77.28998,Asia/Kolkata,39341
Vādāsinor,Vadasinor,IN,22.95677,73.33505,Asia/Kolkata,39330
Kampli,Kampli,IN,15.40626,76.60013,Asia/Kolkata,39307
Kāro,Karo,IN,23.78516,85.9783,Asia/Kolkata,39305
Tirkadavūr,Tirkadavur,IN,8.92398,76.59101,Asia/Kolkata,39285
Jogbani,Jogbani,IN,26.39905,87.26525,Asia/Kolkata,39281
Mūkondapalli,Mukondapalli,IN,12.75142,77.80169,Asia/Kolkata,39245
Sirohi,Sirohi,IN,24.88838,72.84794,Asia/Kolkata,39229
Aroor,Aroor,IN,9.8694,76.30498,Asia/Kolkata,39214
Othukkungal,Othukkungal,IN,11.0283,76.02903,Asia/Kolkata,39139
Ghosī,Ghosi,IN,26.10587,83.5393,Asia/Kolkata,39138
Sumerpur,Sumerpur,IN,25.1543,73.08157,Asia/Kolkata,39132
Pehowa,Pehowa,IN,29.97897,76.58249,Asia/Kolkata,39101
Kārakkād,Karakkad,IN,10.58804,76.03884,Asia/Kolkata,39098
Nūrpur,Nurpur,IN,29.14956,78.4084,Asia/Kolkata,39077
Revelganj,Revelganj,IN,25.78976,84.63596,Asia/Kolkata,39039
Betamcherla,Betamcherla,IN,15.45144,78.14797,Asia/Kolkata,38994
Belpahar,Belpahar,IN,21.8218,83.8458,Asia/Kolkata,38993
Chīka,Chika,IN,30.04891,76.343,Asia/Kolkata,38952
Paravūr Tekkumbhāgam,Paravur Tekkumbhagam,IN,8.7947,76.66798,Asia/Kolkata,38946
Tuvāgudi,Tuvagudi,IN,10.74725,78.82133,Asia/Kolkata,38887
Dwārka,Dwarka,IN,22.23944,68.96778,Asia/Kolkata,38873
Kotamangalam,Kotamangalam,IN,10.06435,76.62843,Asia/Kolkata,38837
Kātpādi,Katpadi,IN,12.96951,79.14552,Asia/Kolkata,38833
Rangat,Rangat,IN,12.50595,92.9155,Asia/Kolkata,38824
Sagauli,Sagauli,IN,26.7639,84.74341,Asia/Kolkata,38815
Rāhuri,Rahuri,IN,19.39069,74.64979,Asia/Kolkata,38813
Sanāwad,Sanawad,IN,22.17391,76.06993,Asia/Kolkata,38740
Kondapalle,Kondapalle,IN,16.61989,80.54244,Asia/Kolkata,38714
Vetapālem,Vetapalem,IN,15.78502,80.30663,Asia/Kolkata,38671
Sangariā,Sangaria,IN,29.79886,74.46683,Asia/Kolkata,38638
Jalesar,Jalesar,IN,27.47315,78.3031,Asia/Kolkata,38614
Nattakam,Nattakam,IN,9.54533,76.51414,Asia/Kolkata,38599
Paliā Kalān,Palia Kalan,IN,28.43205,80.58137,Asia/Kolkata,38547
Bayāna,Bayana,IN,26.90791,77.28985,Asia/Kolkata,38502
Rājula,Rajula,IN,21.03854,71.44345,Asia/Kolkata,38489
Bodh Gaya,Bodh Gaya,IN,24.69808,84.9869,Asia/Kolkata,38439
Keru,Keru,IN,26.19247,73.0443,Asia/Kolkata,38429
Kollancode,Kollancode,IN,8.28903,77.10799,Asia/Kolkata,38385
Kilakarai,Kilakarai,IN,9.23183,78.78545,Asia/Kolkata,38355
Kumhāri,Kumhari,IN,21.26667,81.51667,Asia/Kolkata,38334
Chikodi,Chikodi,IN,16.42898,74.58591,Asia/Kolkata,38307
Khairtal,Khairtal,IN,27.80426,76.63861,Asia/Kolkata,38298
Pathanāmthitta,Pathanamthitta,IN,9.26667,76.78333,Asia/Kolkata,38285
Chōrōd,Chorod,IN,11.62773,75.59147,Asia/Kolkata,38245
Nandigāma,Nandigama,IN,16.7717,80.28596,Asia/Kolkata,38219
Indi,Indi,IN,17.17735,75.9526,Asia/Kolkata,38217
Kondli,Kondli,IN,28.61167,77.32667,Asia/Kolkata,38207
Nildoh,Nildoh,IN,21.11075,78.98915,Asia/Kolkata,38157
Kabnur,Kabnur,IN,16.70166,74.43952,Asia/Kolkata,38146
Malavalli,Malavalli,IN,12.38556,77.06045,Asia/Kolkata,38129
Sūlūru,Suluru,IN,13.7,80.01667,Asia/Kolkata,38065
Kāman,Kaman,IN,27.65791,77.26908,Asia/Kolkata,38040
Chetwayi,Chetwayi,IN,10.52885,76.04793,Asia/Kolkata,38011
Nongthymmai,Nongthymmai,IN,25.5637,91.9064,Asia/Kolkata,38004
Shahbazpur,Shahbazpur,IN,26.30511,87.28865,Asia/Kolkata,38000
Wādi,Wadi,IN,17.05183,76.99048,Asia/Kolkata,37988
Tirupati NMA,Tirupati NMA,IN,13.63229,79.48568,Asia/Kolkata,37968
Gauribidanur,Gauribidanur,IN,13.61072,77.51738,Asia/Kolkata,37947
Tāsgaon,Tasgaon,IN,17.037,74.60171,Asia/Kolkata,37945
Agar,Agar,IN,23.71177,76.01571,Asia/Kolkata,37917
Rajakilpakkam,Rajakilpakkam,IN,12.91944,80.16972,Asia/Kolkata,37906
Gharonda Neemka Bangar,Gharonda Neemka Bangar,IN,28.61644,77.288,Asia/Kolkata,37876
Dibai,Dibai,IN,28.20849,78.26173,Asia/Kolkata,37873
Robertsganj,Robertsganj,IN,24.6886,83.06784,Asia/Kolkata,37855
Pen,Pen,IN,18.73734,73.09603,Asia/Kolkata,37852
Tarikere,Tarikere,IN,13.70954,75.81382,Asia/Kolkata,37848
Maudaha,Maudaha,IN,25.68312,80.11419,Asia/Kolkata,37844
Sathyamangalam,Sathyamangalam,IN,11.50526,77.23826,Asia/Kolkata,37816
Gharaunda,Gharaunda,IN,29.53692,76.97142,Asia/Kolkata,37816
Cheyyar,Cheyyar,IN,12.66052,79.54308,Asia/Kolkata,37802
Sonepur,Sonepur,IN,25.69608,85.16669,Asia/Kolkata,37776
Niwai,Niwai,IN,26.36073,75.91836,Asia/Kolkata,37765
Gogri Jamālpur,Gogri Jamalpur,IN,25.41117,86.65925,Asia/Kolkata,37753
Bilāsipāra,Bilasipara,IN,26.23285,90.2341,Asia/Kolkata,37739
Nangli Sakrawat,Nangli Sakrawat,IN,28.62169,76.9923,Asia/Kolkata,37706
Satānā,Satana,IN,20.59483,74.20301,Asia/Kolkata,37701
Rāwatbhāta,Rawatbhata,IN,24.92981,75.59209,Asia/Kolkata,37699
Ellenabad,Ellenabad,IN,29.45282,74.66122,Asia/Kolkata,37680
Wānādongri,Wanadongri,IN,21.0938,78.97273,Asia/Kolkata,37667
Parola,Parola,IN,20.88098,75.11937,Asia/Kolkata,37666
Pāthri,Pathri,IN,19.2588,76.43412,Asia/Kolkata,37648
Bopal,Bopal,IN,23.03341,72.46723,Asia/Kolkata,37635
Chettipālaiyam,Chettipalaiyam,IN,11.16669,77.33502,Asia/Kolkata,37620
Talattala,Talattala,IN,8.87382,76.67158,Asia/Kolkata,37517
Jhālrapātan,Jhalrapatan,IN,24.54205,76.17242,Asia/Kolkata,37506
Zira,Zira,IN,30.96853,74.99106,Asia/Kolkata,37498
Leh,Leh,IN,34.16504,77.58402,Asia/Kolkata,37475
Kānker,Kanker,IN,20.27193,81.49177,Asia/Kolkata,37442
Sārangpur,Sarangpur,IN,23.56651,76.47306,Asia/Kolkata,37435
Sandūr,Sandur,IN,15.08613,76.54692,Asia/Kolkata,37431
Bāngarmau,Bangarmau,IN,26.8912,80.21149,Asia/Kolkata,37425
Kanigiri U,Kanigiri U,IN,15.40637,79.50702,Asia/Kolkata,37420
Jaito,Jaito,IN,30.45126,74.89189,Asia/Kolkata,37377
Dongargarh,Dongargarh,IN,21.18893,80.75459,Asia/Kolkata,37372
Phulbāni,Phulbani,IN,20.48101,84.23063,Asia/Kolkata,37371
Malayinkeezhu,Malayinkeezhu,IN,8.4902,77.0374,Asia/Kolkata,37350
Attingal,Attingal,IN,8.69609,76.81507,Asia/Kolkata,37346
Perunkalattu,Perunkalattu,IN,12.91823,80.08245,Asia/Kolkata,37342
Morsi,Morsi,IN,21.3403,78.01258,Asia/Kolkata,37333
Pilibangan,Pilibangan,IN,29.44964,74.10093,Asia/Kolkata,37288
Nelamangala,Nelamangala,IN,13.09978,77.39364,Asia/Kolkata,37232
Sindgi,Sindgi,IN,16.91883,76.23368,Asia/Kolkata,37226
Vettūr,Vettur,IN,8.71742,76.72582,Asia/Kolkata,37219
Bhadgaon,Bhadgaon,IN,20.66905,75.22937,Asia/Kolkata,37214
Ratia,Ratia,IN,29.69029,75.57688,Asia/Kolkata,37152
Sirūr,Sirur,IN,18.8276,74.37475,Asia/Kolkata,37111
Ashta,Ashta,IN,16.94943,74.40936,Asia/Kolkata,37105
Lālganj,Lalganj,IN,25.86894,85.17394,Asia/Kolkata,37098
Tinnanūr,Tinnanur,IN,13.11448,80.02713,Asia/Kolkata,37095
Bandipura,Bandipura,IN,34.41728,74.64308,Asia/Kolkata,37081
Bābarpur,Babarpur,IN,28.68747,77.28558,Asia/Kolkata,37058
Pujali,Pujali,IN,22.46787,88.14524,Asia/Kolkata,37047
Garhmuktesar,Garhmuktesar,IN,28.78732,78.10214,Asia/Kolkata,37043
Bahādurganj,Bahadurganj,IN,26.26172,87.82443,Asia/Kolkata,36993
Nakodar,Nakodar,IN,31.12586,75.47508,Asia/Kolkata,36973
Lūnāvāda,Lunavada,IN,23.12841,73.61043,Asia/Kolkata,36954
Vazhayur,Vazhayur,IN,11.21729,75.89987,Asia/Kolkata,36909
Hojāi,Hojai,IN,26.00281,92.85605,Asia/Kolkata,36869
Akbarpur,Akbarpur,IN,26.42953,82.53431,Asia/Kolkata,36865
Pīpār,Pipar,IN,26.38441,73.54394,Asia/Kolkata,36810
Lanka,Lanka,IN,25.92907,92.94856,Asia/Kolkata,36805
Tuensang,Tuensang,IN,26.26704,94.82415,Asia/Kolkata,36774
Vuyyūru,Vuyyuru,IN,16.36307,80.84406,Asia/Kolkata,36755
Lakshmeshwar,Lakshmeshwar,IN,15.12689,75.46935,Asia/Kolkata,36754
Kumta,Kumta,IN,14.42853,74.4189,Asia/Kolkata,36719
Yāval,Yaval,IN,21.16772,75.69762,Asia/Kolkata,36706
Tilda Newra,Tilda Newra,IN,21.55324,81.80187,Asia/Kolkata,36682
Kattivākkam,Kattivakkam,IN,13.21667,80.31667,Asia/Kolkata,36617
Peringottupulam,Peringottupulam,IN,11.02682,76.0987,Asia/Kolkata,36602
Sohna,Sohna,IN,28.24737,77.06544,Asia/Kolkata,36552
Patāmundai,Patamundai,IN,20.57806,86.56063,Asia/Kolkata,36528
Kodaikānāl,Kodaikanal,IN,10.23925,77.48932,Asia/Kolkata,36501
Ichchāpuram,Ichchapuram,IN,19.11393,84.68721,Asia/Kolkata,36493
Daryāpur,Daryapur,IN,20.92489,77.32644,Asia/Kolkata,36463
Chunār,Chunar,IN,25.12776,82.8821,Asia/Kolkata,36459
Amīnpur,Aminpur,IN,17.5242,78.32273,Asia/Kolkata,36452
Mungeli,Mungeli,IN,22.06566,81.68543,Asia/Kolkata,36450
Barnagar,Barnagar,IN,23.0489,75.37804,Asia/Kolkata,36438
Pūrna,Purna,IN,19.1817,77.02566,Asia/Kolkata,36433
Khunti,Khunti,IN,23.07602,85.27818,Asia/Kolkata,36390
Nargund,Nargund,IN,15.72299,75.38666,Asia/Kolkata,36291
Parappur,Parappur,IN,11.01213,75.99471,Asia/Kolkata,36270
Neem ka Thana,Neem ka Thana,IN,27.73976,75.78652,Asia/Kolkata,36231
Vilappil,Vilappil,IN,8.52218,77.04001,Asia/Kolkata,36212
Nilanga,Nilanga,IN,18.11675,76.75279,Asia/Kolkata,36172
Naharlagun,Naharlagun,IN,27.10467,93.69518,Asia/Kolkata,36158
Boisar,Boisar,IN,19.80362,72.75598,Asia/Kolkata,36151
Ausa,Ausa,IN,18.24728,76.4993,Asia/Kolkata,36118
Sadābād,Sadabad,IN,27.43818,78.03758,Asia/Kolkata,36093
Bindki,Bindki,IN,26.03613,80.57617,Asia/Kolkata,36058
Mahālingpur,Mahalingpur,IN,16.3888,75.10873,Asia/Kolkata,36055
Rāvu,Ravu,IN,22.63727,75.81474,Asia/Kolkata,36055
Mālpura,Malpura,IN,26.2838,75.36458,Asia/Kolkata,36028
Wai,Wai,IN,17.95276,73.89058,Asia/Kolkata,36025
Bramhapuri,Bramhapuri,IN,20.61107,79.86103,Asia/Kolkata,36025
Shikaripura,Shikaripura,IN,14.2698,75.35643,Asia/Kolkata,36015
Shirdi,Shirdi,IN,19.76616,74.47738,Asia/Kolkata,36004
Neduva,Neduva,IN,11.05669,75.86685,Asia/Kolkata,35996
Venganoor,Venganoor,IN,8.39638,77.00331,Asia/Kolkata,35963
Ramanattukara,Ramanattukara,IN,11.17802,75.86892,Asia/Kolkata,35937
Mokokchūng,Mokokchung,IN,26.3248,94.51834,Asia/Kolkata,35913
Pinjaur,Pinjaur,IN,30.79873,76.91822,Asia/Kolkata,35912
Mādāyi,Madayi,IN,12.03427,75.23779,Asia/Kolkata,35888
Partūr,Partur,IN,19.59925,76.21541,Asia/Kolkata,35883
Dīndārpur,Dindarpur,IN,28.59813,76.99161,Asia/Kolkata,35856
Talakkād,Talakkad,IN,10.88459,75.93091,Asia/Kolkata,35820
Krishnarājāsāgara,Krishnarajasagara,IN,12.43976,76.38276,Asia/Kolkata,35805
Jhābua,Jhabua,IN,22.76772,74.59087,Asia/Kolkata,35753
Madipakkam,Madipakkam,IN,12.96226,80.19864,Asia/Kolkata,35752
Karāla,Karala,IN,28.73548,77.03522,Asia/Kolkata,35730
Gariadhar,Gariadhar,IN,21.53889,71.57737,Asia/Kolkata,35692
Kakrāla,Kakrala,IN,27.89269,79.1945,Asia/Kolkata,35690
Bīdāsar,Bidasar,IN,27.83598,74.31776,Asia/Kolkata,35683
Lahār,Lahar,IN,26.19401,78.94137,Asia/Kolkata,35674
Ambasamudram,Ambasamudram,IN,8.71068,77.4519,Asia/Kolkata,35645
Islāmpur,Islampur,IN,25.14075,85.20587,Asia/Kolkata,35641
Kaipamangalam,Kaipamangalam,IN,10.33496,76.13924,Asia/Kolkata,35626
Medchal,Medchal,IN,17.62972,78.48139,Asia/Kolkata,35611
Ganaur,Ganaur,IN,29.1302,77.01832,Asia/Kolkata,35603
Sholinganallur,Sholinganallur,IN,12.88996,80.23127,Asia/Kolkata,35602
Kovūr,Kovur,IN,14.5005,79.98518,Asia/Kolkata,35600
Tuljāpur,Tuljapur,IN,18.00804,76.07011,Asia/Kolkata,35596
Barpeta Road,Barpeta Road,IN,26.50284,90.96937,Asia/Kolkata,35571
Uravakonda,Uravakonda,IN,14.94348,77.25494,Asia/Kolkata,35565
Babīna,Babina,IN,25.23947,78.47028,Asia/Kolkata,35538
Rafiganj,Rafiganj,IN,24.81757,84.63445,Asia/Kolkata,35536
Umarga,Umarga,IN,17.83841,76.62331,Asia/Kolkata,35477
Igatpuri,Igatpuri,IN,19.69522,73.5626,Asia/Kolkata,35461
Perumanna,Perumanna,IN,11.2529,75.89059,Asia/Kolkata,35460
Budhāna,Budhana,IN,29.28805,77.47534,Asia/Kolkata,35442
Lingsugūr,Lingsugur,IN,16.15876,76.52174,Asia/Kolkata,35411
Rājpīpla,Rajpipla,IN,21.86667,73.5,Asia/Kolkata,35392
Dharangaon,Dharangaon,IN,21.01187,75.27407,Asia/Kolkata,35375
Mahemdāvād,Mahemdavad,IN,22.82359,72.75551,Asia/Kolkata,35368
Karamsad,Karamsad,IN,22.54243,72.90392,Asia/Kolkata,35285
Sūrandai,Surandai,IN,8.97574,77.41923,Asia/Kolkata,35272
Manali,Manali,IN,13.16667,80.26667,Asia/Kolkata,35248
Wāris Alīganj,Waris Aliganj,IN,25.0172,85.64047,Asia/Kolkata,35243
Pulgaon,Pulgaon,IN,20.72204,78.32056,Asia/Kolkata,35238
Usilampatti,Usilampatti,IN,9.96936,77.78621,Asia/Kolkata,35219
Puzhathi,Puzhathi,IN,11.90112,75.38924,Asia/Kolkata,35212
Perunād,Perunad,IN,8.94899,76.64274,Asia/Kolkata,35173
Kāramadai,Karamadai,IN,11.24058,76.96009,Asia/Kolkata,35166
Giddalūr,Giddalur,IN,15.37439,78.92609,Asia/Kolkata,35150
Atmakūr,Atmakur,IN,15.88109,78.58704,Asia/Kolkata,35137
Pāppinisshēri,Pappinissheri,IN,11.95655,75.34034,Asia/Kolkata,35134
Vijāpur,Vijapur,IN,23.5623,72.74848,Asia/Kolkata,35118
Rāwatsār,Rawatsar,IN,29.26724,74.40288,Asia/Kolkata,35102
Dubrājpur,Dubrajpur,IN,23.7902,87.37648,Asia/Kolkata,35087
Karumattampatti,Karumattampatti,IN,11.10933,77.182,Asia/Kolkata,35062
Jalālābād,Jalalabad,IN,27.72625,79.65523,Asia/Kolkata,35051
Māranchēri,Marancheri,IN,10.74051,75.97096,Asia/Kolkata,35011
Podaturpet,Podaturpet,IN,13.28169,79.48538,Asia/Kolkata,35000
Shāhābād,Shahabad,IN,28.56681,79.00956,Asia/Kolkata,34962
Peruvallur,Peruvallur,IN,11.10483,75.93269,Asia/Kolkata,34941
Rairangpur,Rairangpur,IN,22.26675,86.17385,Asia/Kolkata,34929
Sīrkāzhi,Sirkazhi,IN,11.23725,79.73585,Asia/Kolkata,34927
Kichha,Kichha,IN,28.91154,79.52009,Asia/Kolkata,34904
Vijayapura,Vijayapura,IN,13.29724,77.80184,Asia/Kolkata,34866
Hebbagodi,Hebbagodi,IN,12.82632,77.68085,Asia/Kolkata,34827
Chēmanchēri,Chemancheri,IN,11.40482,75.72363,Asia/Kolkata,34819
Erāttupetta,Erattupetta,IN,9.68747,76.77891,Asia/Kolkata,34814
Rāmdurg,Ramdurg,IN,15.94579,75.29785,Asia/Kolkata,34800
Jāmadoba,Jamadoba,IN,23.71667,86.4,Asia/Kolkata,34774
Safidon,Safidon,IN,29.40596,76.67042,Asia/Kolkata,34728
Bolārum,Bolarum,IN,17.55606,78.34824,Asia/Kolkata,34667
Bareli,Bareli,IN,23.00445,78.2301,Asia/Kolkata,34663
Erāmala,Eramala,IN,11.68591,75.59104,Asia/Kolkata,34658
Shikārpūr,Shikarpur,IN,28.28072,78.01411,Asia/Kolkata,34649
Sankeshwar,Sankeshwar,IN,16.25649,74.48195,Asia/Kolkata,34637
Karjat,Karjat,IN,18.9107,73.32354,Asia/Kolkata,34554
Bakhtiyārpur,Bakhtiyarpur,IN,25.46179,85.53179,Asia/Kolkata,34533
Bagasra,Bagasra,IN,21.48719,70.95516,Asia/Kolkata,34521
Villiappally,Villiappally,IN,11.62495,75.62875,Asia/Kolkata,34502
Aymanam,Aymanam,IN,9.60684,76.50055,Asia/Kolkata,34470
Angamāli,Angamali,IN,10.19055,76.38789,Asia/Kolkata,34399
Villianur,Villianur,IN,11.91393,79.75568,Asia/Kolkata,34383
Manipal,Manipal,IN,13.35,74.78333,Asia/Kolkata,34370
Lālsot,Lalsot,IN,26.55951,76.32915,Asia/Kolkata,34363
Mehidpur,Mehidpur,IN,23.48879,75.658,Asia/Kolkata,34362
Soyāgaon,Soyagaon,IN,20.5525,74.50687,Asia/Kolkata,34341
Sāngola,Sangola,IN,17.43948,75.19379,Asia/Kolkata,34321
Vedaraniyam,Vedaraniyam,IN,10.37208,79.85095,Asia/Kolkata,34266
Kuruvattūr,Kuruvattur,IN,11.33609,75.83511,Asia/Kolkata,34241
Muddebihāl,Muddebihal,IN,16.33782,76.13173,Asia/Kolkata,34217
Navāpur,Navapur,IN,21.16157,73.79399,Asia/Kolkata,34207
Khāchrod,Khachrod,IN,23.42322,75.28185,Asia/Kolkata,34191
Yanamalakuduru,Yanamalakuduru,IN,16.48531,80.66746,Asia/Kolkata,34177
Malajkhand,Malajkhand,IN,22.05158,80.71566,Asia/Kolkata,34176
Vapi INA,Vapi INA,IN,20.36006,72.93106,Asia/Kolkata,34162
Kunigal,Kunigal,IN,13.02319,77.02518,Asia/Kolkata,34155
Kadūr,Kadur,IN,13.55285,76.01164,Asia/Kolkata,34151
Chelambra,Chelambra,IN,11.15086,75.87192,Asia/Kolkata,34149
Hamīrpur,Hamirpur,IN,25.9553,80.14842,Asia/Kolkata,34144
Risod,Risod,IN,19.97671,76.78799,Asia/Kolkata,34136
Kokrajhar,Kokrajhar,IN,26.40107,90.27286,Asia/Kolkata,34136
Nawābganj,Nawabganj,IN,28.54103,79.63462,Asia/Kolkata,34134
Kālka,Kalka,IN,30.83982,76.94065,Asia/Kolkata,34134
Kāgal,Kagal,IN,16.57702,74.31544,Asia/Kolkata,34106
Pārassāla,Parassala,IN,8.33869,77.15422,Asia/Kolkata,34096
Titlāgarh,Titlagarh,IN,20.28961,83.15233,Asia/Kolkata,34067
Begamganj,Begamganj,IN,23.59917,78.34064,Asia/Kolkata,34031
Nagalapuram,Nagalapuram,IN,13.38836,79.79623,Asia/Kolkata,34026
Jāmkhed,Jamkhed,IN,18.73519,75.31343,Asia/Kolkata,34017
Fatehpur,Fatehpur,IN,27.17281,81.21061,Asia/Kolkata,34010
Elampalloor,Elampalloor,IN,8.95583,76.67388,Asia/Kolkata,33959
Jayamkondacholapuram,Jayamkondacholapuram,IN,11.21266,79.36369,Asia/Kolkata,33945
Tudiyalūr,Tudiyalur,IN,11.08159,76.94464,Asia/Kolkata,33924
Ālankōd,Alankod,IN,10.74603,76.03481,Asia/Kolkata,33918
Shāhpura,Shahpura,IN,27.3912,75.95956,Asia/Kolkata,33895
Elayavur,Elayavur,IN,11.88918,75.4124,Asia/Kolkata,33853
Guledagudda,Guledagudda,IN,16.05025,75.78997,Asia/Kolkata,33851
Iramallūr,Iramallur,IN,10.0619,76.57168,Asia/Kolkata,33829
Piro,Piro,IN,25.33218,84.40454,Asia/Kolkata,33785
Guskhara,Guskhara,IN,23.49276,87.73484,Asia/Kolkata,33780
Umreth,Umreth,IN,22.69881,73.11561,Asia/Kolkata,33762
Narsīpatnam,Narsipatnam,IN,17.66709,82.61245,Asia/Kolkata,33757
Bahjoi,Bahjoi,IN,28.39502,78.62659,Asia/Kolkata,33752
Dharmābād,Dharmabad,IN,18.89116,77.8494,Asia/Kolkata,33741
Chockli,Chockli,IN,11.72745,75.55509,Asia/Kolkata,33732
Vemalwāda,Vemalwada,IN,18.46523,78.86894,Asia/Kolkata,33706
Colgong,Colgong,IN,25.26328,87.23264,Asia/Kolkata,33700
Bāsudebpur,Basudebpur,IN,21.11974,86.72896,Asia/Kolkata,33690
Rājākhera,Rajakhera,IN,26.89802,78.171,Asia/Kolkata,33666
Hailākāndi,Hailakandi,IN,24.68394,92.56097,Asia/Kolkata,33637
Jagatsinghapur,Jagatsinghapur,IN,20.2557,86.17112,Asia/Kolkata,33631
Gevrai,Gevrai,IN,19.26372,75.75007,Asia/Kolkata,33562
Madikeri,Madikeri,IN,12.42602,75.7382,Asia/Kolkata,33540
Kopāganj,Kopaganj,IN,26.01923,83.5663,Asia/Kolkata,33539
Thāna Bhawan,Thana Bhawan,IN,29.58605,77.41811,Asia/Kolkata,33498
Pūndri,Pundri,IN,29.76096,76.56034,Asia/Kolkata,33484
Vagholi,Vagholi,IN,18.5823,73.98301,Asia/Kolkata,33479
Birmitrapur,Birmitrapur,IN,22.4,84.76667,Asia/Kolkata,33442
Chaksu,Chaksu,IN,26.6051,75.94814,Asia/Kolkata,33432
Darsi,Darsi,IN,15.76978,79.67939,Asia/Kolkata,33418
Zaidpur,Zaidpur,IN,26.83093,81.32929,Asia/Kolkata,33397
Remuna,Remuna,IN,21.52798,86.87156,Asia/Kolkata,33378
Puthenvelikara,Puthenvelikara,IN,10.18511,76.24537,Asia/Kolkata,33372
Āmli,Amli,IN,20.28333,73.01667,Asia/Kolkata,33369
Anūpgarh,Anupgarh,IN,29.19111,73.20861,Asia/Kolkata,33309
Salāya,Salaya,IN,22.31038,69.60376,Asia/Kolkata,33246
Idangansālai,Idangansalai,IN,11.62721,77.98898,Asia/Kolkata,33245
Kosamba,Kosamba,IN,21.46202,72.95842,Asia/Kolkata,33221
Basavana Bāgevādi,Basavana Bagevadi,IN,16.57278,75.97252,Asia/Kolkata,33198
Muhammadābād,Muhammadabad,IN,25.61907,83.75576,Asia/Kolkata,33186
Lakhyabad,Lakhyabad,IN,23.66667,86.66667,Asia/Kolkata,33162
Aya Nagar,Aya Nagar,IN,28.47202,77.1327,Asia/Kolkata,33123
Umaria,Umaria,IN,23.52473,80.83716,Asia/Kolkata,33114
Chanderi,Chanderi,IN,24.71312,78.13809,Asia/Kolkata,33081
Ajānūr,Ajanur,IN,12.33614,75.09297,Asia/Kolkata,33079
Manendragarh,Manendragarh,IN,23.21337,82.20232,Asia/Kolkata,33071
Rāmgarh,Ramgarh,IN,28.17096,74.97973,Asia/Kolkata,33024
Bhādāsar,Bhadasar,IN,28.31457,74.28952,Asia/Kolkata,33006
Srvanampatti,Srvanampatti,IN,11.07643,77.00449,Asia/Kolkata,32920
Patrātu,Patratu,IN,23.66505,85.30353,Asia/Kolkata,32899
Bhokar,Bhokar,IN,19.21933,77.66962,Asia/Kolkata,32899
Sānchor,Sanchor,IN,24.75361,71.7728,Asia/Kolkata,32875
Kurumbapet,Kurumbapet,IN,11.93983,79.77127,Asia/Kolkata,32871
Kaimganj,Kaimganj,IN,27.55441,79.33525,Asia/Kolkata,32858
Bāmaur,Bamaur,IN,26.33895,78.10104,Asia/Kolkata,32838
Jānjgīr,Janjgir,IN,22.00922,82.5778,Asia/Kolkata,32833
Egra,Egra,IN,21.89947,87.53794,Asia/Kolkata,32832
Bihārīganj,Bihariganj,IN,25.73415,86.98837,Asia/Kolkata,32805
Mushābani,Mushabani,IN,22.51135,86.45713,Asia/Kolkata,32761
Udaipur,Udaipur,IN,23.53333,91.48333,Asia/Kolkata,32758
Dighwāra,Dighwara,IN,25.74434,85.01003,Asia/Kolkata,32741
Ngūr,Ngur,IN,23.53798,93.3732,Asia/Kolkata,32734
Garhākota,Garhakota,IN,23.7791,79.14321,Asia/Kolkata,32726
Vengola Kizhakkumbāgam,Vengola Kizhakkumbagam,IN,10.06374,76.47606,Asia/Kolkata,32697
Mamun,Mamun,IN,32.28241,75.69831,Asia/Kolkata,32689
Nānjikkottai,Nanjikkottai,IN,10.72925,79.14245,Asia/Kolkata,32689
Bijuri,Bijuri,IN,23.25236,82.11673,Asia/Kolkata,32682
Ghugus,Ghugus,IN,19.9381,79.11192,Asia/Kolkata,32654
Tārānagar,Taranagar,IN,28.6686,75.03207,Asia/Kolkata,32640
Nepānagar,Nepanagar,IN,21.4538,76.39335,Asia/Kolkata,32611
Bādepalli,Badepalli,IN,16.7549,78.14427,Asia/Kolkata,32598
Nautanwa,Nautanwa,IN,27.42752,83.41789,Asia/Kolkata,32587
Pīrzādagūda,Pirzadaguda,IN,17.39455,78.59047,Asia/Kolkata,32586
Hisua,Hisua,IN,24.8336,85.41729,Asia/Kolkata,32585
Shamshabad,Shamshabad,IN,17.25186,78.41835,Asia/Kolkata,32583
Vallabh Vidyanagar,Vallabh Vidyanagar,IN,22.53333,72.9,Asia/Kolkata,32581
Erraguntla,Erraguntla,IN,14.63853,78.53974,Asia/Kolkata,32574
Edappāl,Edappal,IN,10.78339,76.00789,Asia/Kolkata,32550
Manuguru,Manuguru,IN,17.93023,80.82671,Asia/Kolkata,32539
Soro,Soro,IN,21.27851,86.68833,Asia/Kolkata,32531
Ulliyeri,Ulliyeri,IN,11.45247,75.76662,Asia/Kolkata,32509
Saoner,Saoner,IN,21.3851,78.92155,Asia/Kolkata,32498
Muttayyāpuram,Muttayyapuram,IN,8.7498,78.13112,Asia/Kolkata,32494
Manwath,Manwath,IN,19.30133,76.49735,Asia/Kolkata,32488
Dhandhuka,Dhandhuka,IN,22.38185,71.98664,Asia/Kolkata,32475
Jūjūvādi,Jujuvadi,IN,12.76794,77.79184,Asia/Kolkata,32474
Hatta,Hatta,IN,24.13406,79.60119,Asia/Kolkata,32465
Jagdīspur,Jagdispur,IN,25.46811,84.41939,Asia/Kolkata,32447
Almora,Almora,IN,29.59713,79.65911,Asia/Kolkata,32442
Thuraiyur,Thuraiyur,IN,11.14805,78.59911,Asia/Kolkata,32439
Saknepalli,Saknepalli,IN,18.92862,79.45712,Asia/Kolkata,32385
Anta,Anta,IN,25.15,76.3,Asia/Kolkata,32377
Gajendragarh,Gajendragarh,IN,15.73628,75.96976,Asia/Kolkata,32359
Narsinghgarh,Narsinghgarh,IN,23.70758,77.09319,Asia/Kolkata,32329
Kalyandurg,Kalyandurg,IN,14.54519,77.10552,Asia/Kolkata,32328
Chittūr,Chittur,IN,10.69967,76.7471,Asia/Kolkata,32298
Madhapar,Madhapar,IN,23.23756,69.69946,Asia/Kolkata,32293
Chhabra,Chhabra,IN,24.66472,76.84379,Asia/Kolkata,32285
Manamadurai,Manamadurai,IN,9.67318,78.47096,Asia/Kolkata,32257
Tiruchchendur,Tiruchchendur,IN,8.49725,78.11906,Asia/Kolkata,32171
Bisauli,Bisauli,IN,28.30772,78.93678,Asia/Kolkata,32154
Kangayam,Kangayam,IN,11.00599,77.5609,Asia/Kolkata,32147
Mannanchōri,Mannanchori,IN,9.5722,76.35245,Asia/Kolkata,32139
Kakching,Kakching,IN,24.4982,93.98126,Asia/Kolkata,32138
Turaiyūr,Turaiyur,IN,11.14968,78.5987,Asia/Kolkata,32134
Bijaynagar,Bijaynagar,IN,25.92976,74.64916,Asia/Kolkata,32124
Ferokh,Ferokh,IN,11.17989,75.84141,Asia/Kolkata,32122
Dhāmnod,Dhamnod,IN,22.20928,75.47057,Asia/Kolkata,32093
Jora Khurd,Jora Khurd,IN,26.48927,77.97578,Asia/Kolkata,32087
Pāvugada,Pavugada,IN,14.09953,77.28018,Asia/Kolkata,32063
Thenhippalam,Thenhippalam,IN,11.13232,75.88224,Asia/Kolkata,32045
Halvad,Halvad,IN,23.01516,71.18029,Asia/Kolkata,32024
Meerpet,Meerpet,IN,17.32098,78.53046,Asia/Kolkata,32013
Zamānia,Zamania,IN,25.41961,83.55786,Asia/Kolkata,32008
Bhatkal,Bhatkal,IN,13.98534,74.55531,Asia/Kolkata,32000
Malkapur,Malkapur,IN,17.26214,74.17574,Asia/Kolkata,32000
Makhdumpur,Makhdumpur,IN,25.06567,84.97247,Asia/Kolkata,31994
Shafi Pur Ranhola,Shafi Pur Ranhola,IN,28.65729,77.04001,Asia/Kolkata,31944
Jāridih,Jaridih,IN,23.76571,85.93864,Asia/Kolkata,31882
Rasrā,Rasra,IN,25.8576,83.85487,Asia/Kolkata,31876
Sādpalli,Sadpalli,IN,17.20995,80.83642,Asia/Kolkata,31857
Sattur,Sattur,IN,9.35592,77.92457,Asia/Kolkata,31856
Maur,Maur,IN,30.08333,75.25,Asia/Kolkata,31849
Chhota Gobindpur,Chhota Gobindpur,IN,22.74588,86.25886,Asia/Kolkata,31843
Sāsvad,Sasvad,IN,18.34351,74.03102,Asia/Kolkata,31821
Vilavoorkkal,Vilavoorkkal,IN,8.48093,77.02204,Asia/Kolkata,31761
Kotma,Kotma,IN,23.20383,81.97904,Asia/Kolkata,31756
Kottaikuppam,Kottaikuppam,IN,11.96126,79.83923,Asia/Kolkata,31726
Khaira,Khaira,IN,19.78673,72.76161,Asia/Kolkata,31699
Tālīkota,Talikota,IN,16.47311,76.31085,Asia/Kolkata,31693
Puzhal,Puzhal,IN,13.16475,80.20385,Asia/Kolkata,31665
Kalpatta,Kalpatta,IN,11.60871,76.08343,Asia/Kolkata,31580
Ambad,Ambad,IN,19.61301,75.78906,Asia/Kolkata,31553
Sijua,Sijua,IN,23.77617,86.33028,Asia/Kolkata,31537
Rāhatgarh,Rahatgarh,IN,23.78968,78.39473,Asia/Kolkata,31537
Vandavāsi,Vandavasi,IN,12.50429,79.60556,Asia/Kolkata,31530
Tirumuruganpūndi,Tirumuruganpundi,IN,11.16493,77.30838,Asia/Kolkata,31528
Thanneermukkom,Thanneermukkom,IN,9.66337,76.38073,Asia/Kolkata,31525
Parūr,Parur,IN,10.1477,76.23,Asia/Kolkata,31503
Gomoh,Gomoh,IN,23.87355,86.1516,Asia/Kolkata,31495
Elūr,Elur,IN,10.06667,76.28333,Asia/Kolkata,31468
Chemmumiahpet,Chemmumiahpet,IN,14.46289,78.81191,Asia/Kolkata,31416
Jalālpur,Jalalpur,IN,26.31162,82.73859,Asia/Kolkata,31388
Kharagpur,Kharagpur,IN,25.12446,86.55578,Asia/Kolkata,31385
Sri Mādhopur,Sri Madhopur,IN,27.46599,75.59736,Asia/Kolkata,31366
Lumding Railway Colony,Lumding Railway Colony,IN,25.74903,93.16998,Asia/Kolkata,31347
Ahmedgarh,Ahmedgarh,IN,30.67731,75.82633,Asia/Kolkata,31302
Chītāpur,Chitapur,IN,17.12357,77.0824,Asia/Kolkata,31299
Jhanjhārpur,Jhanjharpur,IN,26.26467,86.27993,Asia/Kolkata,31283
Nāspur,Naspur,IN,18.84577,79.46165,Asia/Kolkata,31244
Singānallūr,Singanallur,IN,10.99898,77.03238,Asia/Kolkata,31239
Unchagao,Unchagao,IN,16.69746,74.27325,Asia/Kolkata,31238
Bagru,Bagru,IN,26.81067,75.54702,Asia/Kolkata,31229
Cheriyamundam,Cheriyamundam,IN,10.94764,75.95643,Asia/Kolkata,31212
Allapuram,Allapuram,IN,12.89509,79.12786,Asia/Kolkata,31211
Rāmāpuram,Ramapuram,IN,13.10091,79.1841,Asia/Kolkata,31169
Rosera,Rosera,IN,25.75494,86.03155,Asia/Kolkata,31155
Podili,Podili,IN,15.60639,79.61489,Asia/Kolkata,31145
Shrīgonda,Shrigonda,IN,18.61527,74.69895,Asia/Kolkata,31134
Kalliyasshēri,Kalliyassheri,IN,11.97549,75.36453,Asia/Kolkata,31122
Kannānendal,Kannanendal,IN,9.96487,78.14159,Asia/Kolkata,31095
Pāndharkawada,Pandharkawada,IN,20.02108,78.54628,Asia/Kolkata,31094
Mankāchar,Mankachar,IN,25.53347,89.86373,Asia/Kolkata,31091
Katirur,Katirur,IN,11.78491,75.53015,Asia/Kolkata,31087
Erandol,Erandol,IN,20.92206,75.32641,Asia/Kolkata,31071
Adirampattinam,Adirampattinam,IN,10.34059,79.37905,Asia/Kolkata,31066
Kūrāli,Kurali,IN,30.83424,76.57677,Asia/Kolkata,31060
Jagdīshpur,Jagdishpur,IN,26.74967,80.5451,Asia/Kolkata,31029
Ponneri,Ponneri,IN,13.33868,80.19487,Asia/Kolkata,31025
Shamsābād,Shamsabad,IN,27.01718,78.12358,Asia/Kolkata,31009
Malakanagiri,Malakanagiri,IN,18.36428,81.888,Asia/Kolkata,31007
Deolali,Deolali,IN,19.47393,74.62063,Asia/Kolkata,30997
Mangrūl Pīr,Mangrul Pir,IN,20.31379,77.34178,Asia/Kolkata,30983
Narsampet,Narsampet,IN,17.92786,79.89227,Asia/Kolkata,30963
Berasia,Berasia,IN,23.63134,77.43351,Asia/Kolkata,30951
Bādāmi,Badami,IN,15.91495,75.67683,Asia/Kolkata,30943
Pasān,Pasan,IN,22.84412,82.19823,Asia/Kolkata,30928
Pāmban,Pamban,IN,9.27904,79.21086,Asia/Kolkata,30926
Banda,Banda,IN,24.04488,78.96094,Asia/Kolkata,30923
Kondagaon,Kondagaon,IN,19.59083,81.664,Asia/Kolkata,30921
Kalakkādu,Kalakkadu,IN,8.5138,77.54944,Asia/Kolkata,30921
Puthuppariyāram,Puthuppariyaram,IN,10.81314,76.62869,Asia/Kolkata,30895
Vilāngudi,Vilangudi,IN,9.94578,78.09352,Asia/Kolkata,30884
Rūdarpur,Rudarpur,IN,26.44467,83.61302,Asia/Kolkata,30873
Sholinghur,Sholinghur,IN,13.1181,79.42025,Asia/Kolkata,30856
Mānāvadar,Manavadar,IN,21.49813,70.13775,Asia/Kolkata,30850
Purāini,Puraini,IN,25.14257,86.97967,Asia/Kolkata,30829
Deūlgaon Rāja,Deulgaon Raja,IN,20.01757,76.03755,Asia/Kolkata,30827
Dharmadam,Dharmadam,IN,11.77538,75.46459,Asia/Kolkata,30804
Madurāntakam,Madurantakam,IN,12.51167,79.88485,Asia/Kolkata,30796
Kizhuvalam-Koonthalloor,Kizhuvalam-Koonthalloor,IN,8.66251,76.80966,Asia/Kolkata,30770
Dharamsala,Dharamsala,IN,32.22006,76.32013,Asia/Kolkata,30764
Pedana,Pedana,IN,16.25582,81.14378,Asia/Kolkata,30721
Kaij,Kaij,IN,18.71364,76.06718,Asia/Kolkata,30704
Kallamchavadi,Kallamchavadi,IN,12.95306,80.13083,Asia/Kolkata,30702
Un,Un,IN,23.88745,71.76975,Asia/Kolkata,30671
Vadanappally,Vadanappally,IN,10.46905,76.08129,Asia/Kolkata,30657
Irimbiliyam,Irimbiliyam,IN,10.86242,76.09218,Asia/Kolkata,30635
Mūdbidri,Mudbidri,IN,13.06653,74.99525,Asia/Kolkata,30632
Pallappatti,Pallappatti,IN,10.72057,77.87951,Asia/Kolkata,30624
Cheranellūr,Cheranellur,IN,10.05428,76.2896,Asia/Kolkata,30594
Mahārāganj,Maharaganj,IN,27.14456,83.56214,Asia/Kolkata,30548
Nāgāvaram,Nagavaram,IN,17.48862,78.60208,Asia/Kolkata,30502
Tarakeswar,Tarakeswar,IN,22.88605,88.01363,Asia/Kolkata,30475
Tifrā,Tifra,IN,22.06312,82.13129,Asia/Kolkata,30465
Siraspur,Siraspur,IN,28.75815,77.13087,Asia/Kolkata,30445
Kundapura,Kundapura,IN,13.63126,74.6902,Asia/Kolkata,30444
Uran,Uran,IN,18.87813,72.93924,Asia/Kolkata,30439
Kasba,Kasba,IN,25.85643,87.53836,Asia/Kolkata,30421
Karjan,Karjan,IN,22.04671,73.11814,Asia/Kolkata,30405
Muvattupuzha,Muvattupuzha,IN,9.97985,76.57381,Asia/Kolkata,30397
Manāwar,Manawar,IN,22.23566,75.08917,Asia/Kolkata,30393
Pihānī,Pihani,IN,27.61987,80.20343,Asia/Kolkata,30369
Madukkarai,Madukkarai,IN,10.90568,76.96344,Asia/Kolkata,30357
Amlai,Amlai,IN,23.19838,81.58064,Asia/Kolkata,30354
Mānsa,Mansa,IN,23.42564,72.65739,Asia/Kolkata,30347
Dhāruhera,Dharuhera,IN,28.20553,76.79691,Asia/Kolkata,30344
Sarkhej,Sarkhej,IN,22.98297,72.50196,Asia/Kolkata,30341
Banmankhi Bazar,Banmankhi Bazar,IN,25.88761,87.19356,Asia/Kolkata,30336
Rehli,Rehli,IN,23.63722,79.06275,Asia/Kolkata,30329
Udaipur,Udaipur,IN,27.72297,75.47178,Asia/Kolkata,30264
Tāramangalam,Taramangalam,IN,11.69403,77.97035,Asia/Kolkata,30222
Amla,Amla,IN,21.92485,78.12786,Asia/Kolkata,30215
Tirukkoyilur,Tirukkoyilur,IN,11.9662,79.20259,Asia/Kolkata,30212
Musiri,Musiri,IN,10.95299,78.44427,Asia/Kolkata,30209
Hīrākud,Hirakud,IN,21.52502,83.87275,Asia/Kolkata,30207
Khair,Khair,IN,27.94195,77.84243,Asia/Kolkata,30173
Rajauli,Rajauli,IN,24.64486,85.50028,Asia/Kolkata,30170
Kakkalapalle,Kakkalapalle,IN,14.64152,77.56684,Asia/Kolkata,30128
Cherukavu,Cherukavu,IN,11.17307,75.90858,Asia/Kolkata,30126
Seoni Mālwa,Seoni Malwa,IN,22.45046,77.4665,Asia/Kolkata,30100
Oddanchathiram,Oddanchathiram,IN,10.48013,77.74977,Asia/Kolkata,30064
Fatehpur Sīkri,Fatehpur Sikri,IN,27.0937,77.66003,Asia/Kolkata,30026
Azhiyūr,Azhiyur,IN,11.69348,75.56013,Asia/Kolkata,30023
Byādgi,Byadgi,IN,14.67325,75.4868,Asia/Kolkata,30014
Birpara,Birpara,IN,26.70421,89.14547,Asia/Kolkata,30000
Cherpulassery,Cherpulassery,IN,10.87655,76.30932,Asia/Kolkata,30000
Multai,Multai,IN,21.77463,78.25756,Asia/Kolkata,29976
Holenarasipura,Holenarasipura,IN,12.78635,76.24331,Asia/Kolkata,29974
Talāja,Talaja,IN,21.3527,72.03524,Asia/Kolkata,29948
Marhaura,Marhaura,IN,25.97349,84.86796,Asia/Kolkata,29932
Kareli,Kareli,IN,22.91533,79.06378,Asia/Kolkata,29929
Bhongaon,Bhongaon,IN,27.25515,79.18118,Asia/Kolkata,29911
Baddi,Baddi,IN,30.95783,76.79136,Asia/Kolkata,29911
Pānakkudi,Panakkudi,IN,8.322,77.57711,Asia/Kolkata,29895
Gadhada,Gadhada,IN,21.96957,71.57828,Asia/Kolkata,29872
Pūlakkōd,Pulakkod,IN,11.30975,75.94995,Asia/Kolkata,29872
Mukeriān,Mukerian,IN,31.95394,75.61716,Asia/Kolkata,29841
Rāmgarh,Ramgarh,IN,27.25097,75.17893,Asia/Kolkata,29834
Ariyānkuppam,Ariyankuppam,IN,11.89532,79.80709,Asia/Kolkata,29808
Karumālūr,Karumalur,IN,10.1329,76.27992,Asia/Kolkata,29805
Kottārakara,Kottarakara,IN,9.00359,76.77383,Asia/Kolkata,29788
Mavoor,Mavoor,IN,11.26667,75.91667,Asia/Kolkata,29781
Pilāni,Pilani,IN,28.36725,75.60352,Asia/Kolkata,29741
Devarkonda,Devarkonda,IN,16.69186,78.92073,Asia/Kolkata,29731
Rājgarh,Rajgarh,IN,24.00826,76.7325,Asia/Kolkata,29726
Mīnād,Minad,IN,8.85031,76.69516,Asia/Kolkata,29716
Nedumbassery,Nedumbassery,IN,10.15646,76.40167,Asia/Kolkata,29706
Rājūra,Rajura,IN,19.77947,79.36459,Asia/Kolkata,29668
Bilāri,Bilari,IN,28.62146,78.80361,Asia/Kolkata,29666
Mūvattupula,Muvattupula,IN,9.98493,76.57728,Asia/Kolkata,29664
Adūr,Adur,IN,9.15595,76.73192,Asia/Kolkata,29652
Walwadi,Walwadi,IN,20.92085,74.76111,Asia/Kolkata,29636
Puthuppally,Puthuppally,IN,9.55752,76.57483,Asia/Kolkata,29635
Rāisinghnagar,Raisinghnagar,IN,29.53583,73.44917,Asia/Kolkata,29626
Mīrānpur Katra,Miranpur Katra,IN,28.02963,79.66778,Asia/Kolkata,29626
Kidarakulam,Kidarakulam,IN,8.56688,76.99129,Asia/Kolkata,29624
Kuttuparamba,Kuttuparamba,IN,11.82775,75.5659,Asia/Kolkata,29619
Ārangaon,Arangaon,IN,19.02681,74.71487,Asia/Kolkata,29591
Pakridayal,Pakridayal,IN,26.56271,85.0452,Asia/Kolkata,29582
Dhanera,Dhanera,IN,24.50967,72.02343,Asia/Kolkata,29578
Chengamanād,Chengamanad,IN,10.15409,76.34159,Asia/Kolkata,29576
Lākheri,Lakheri,IN,25.67237,76.17692,Asia/Kolkata,29572
Kalavoor,Kalavoor,IN,9.57046,76.32756,Asia/Kolkata,29564
Behror,Behror,IN,27.88832,76.28108,Asia/Kolkata,29531
Reddipālaiyam,Reddipalaiyam,IN,13.10778,80.12056,Asia/Kolkata,29511
Zunheboto,Zunheboto,IN,25.96667,94.51667,Asia/Kolkata,29499
Rajaori,Rajaori,IN,33.37526,74.3092,Asia/Kolkata,29486
Sankagiri,Sankagiri,IN,11.47599,77.86637,Asia/Kolkata,29467
Mharal Bk,Mharal Bk,IN,19.24588,73.1771,Asia/Kolkata,29462
Maināguri,Mainaguri,IN,26.56263,88.8204,Asia/Kolkata,29459
Nedumpana,Nedumpana,IN,8.90796,76.69298,Asia/Kolkata,29454
Puttankulam,Puttankulam,IN,8.8138,76.71791,Asia/Kolkata,29447
Sāgwāra,Sagwara,IN,23.67951,74.02013,Asia/Kolkata,29439
Nāgar Karnūl,Nagar Karnul,IN,16.4821,78.32471,Asia/Kolkata,29439
Ibrāhīmpatnam,Ibrahimpatnam,IN,16.58303,80.51432,Asia/Kolkata,29432
Vadakku Valliyūr,Vadakku Valliyur,IN,8.38286,77.61221,Asia/Kolkata,29417
Jāmtāra,Jamtara,IN,23.963,86.80285,Asia/Kolkata,29415
Khedbrahma,Khedbrahma,IN,24.0299,73.04632,Asia/Kolkata,29402
Tirukkalikkunram,Tirukkalikkunram,IN,12.60799,80.0555,Asia/Kolkata,29391
Talakkolattur,Talakkolattur,IN,11.35366,75.75798,Asia/Kolkata,29388
Pālkonda,Palkonda,IN,18.60374,83.75568,Asia/Kolkata,29378
Cheruthazham,Cheruthazham,IN,12.08097,75.26272,Asia/Kolkata,29348
Dhāri,Dhari,IN,21.32855,71.02645,Asia/Kolkata,29346
Amballūr,Amballur,IN,10.43431,76.26341,Asia/Kolkata,29341
Koovappady,Koovappady,IN,10.15525,76.48544,Asia/Kolkata,29339
Chendamangalam,Chendamangalam,IN,10.16322,76.23456,Asia/Kolkata,29326
Jewar,Jewar,IN,28.122,77.55734,Asia/Kolkata,29316
Nawāpāra,Nawapara,IN,20.97173,81.85884,Asia/Kolkata,29315
Tarsadi,Tarsadi,IN,21.46996,72.9521,Asia/Kolkata,29305
Ner,Ner,IN,20.48971,77.86632,Asia/Kolkata,29302
Shāhpura,Shahpura,IN,25.62094,74.92487,Asia/Kolkata,29259
Vijayapuram,Vijayapuram,IN,9.59123,76.56124,Asia/Kolkata,29248
Husainābād,Husainabad,IN,24.52849,84,Asia/Kolkata,29241
Udaipurwati,Udaipurwati,IN,27.73011,75.47161,Asia/Kolkata,29236
Jandiāla Gurū,Jandiala Guru,IN,31.56198,75.0277,Asia/Kolkata,29232
Bachhraon,Bachhraon,IN,28.92694,78.23456,Asia/Kolkata,29232
Irinjālakuda,Irinjalakuda,IN,10.34238,76.21124,Asia/Kolkata,29208
Renwāl,Renwal,IN,27.15767,75.35808,Asia/Kolkata,29201
Kumbalam,Kumbalam,IN,9.9063,76.31127,Asia/Kolkata,29193
Basni,Basni,IN,27.17232,73.64519,Asia/Kolkata,29187
Morigaon,Morigaon,IN,26.24908,92.34764,Asia/Kolkata,29164
Madhugiri,Madhugiri,IN,13.66035,77.21239,Asia/Kolkata,29159
Urakam,Urakam,IN,11.05124,75.98833,Asia/Kolkata,29157
Islāmnagar,Islamnagar,IN,28.32896,78.72524,Asia/Kolkata,29144
Ariyalūr,Ariyalur,IN,11.13849,79.07556,Asia/Kolkata,29144
Ponmana,Ponmana,IN,9.00798,76.52023,Asia/Kolkata,29139
Mahendragarh,Mahendragarh,IN,28.26935,76.15253,Asia/Kolkata,29128
Mudalgi,Mudalgi,IN,16.33685,74.96768,Asia/Kolkata,29128
Nakrekal,Nakrekal,IN,17.16259,79.42754,Asia/Kolkata,29126
Unamaucheri,Unamaucheri,IN,12.8608,80.10659,Asia/Kolkata,29122
Gorai,Gorai,IN,19.25,72.78333,Asia/Kolkata,29107
Uttamapālaiyam,Uttamapalaiyam,IN,9.80701,77.32718,Asia/Kolkata,29050
Khandela,Khandela,IN,27.60499,75.502,Asia/Kolkata,29044
Sirsāganj,Sirsaganj,IN,27.05715,78.68661,Asia/Kolkata,29034
Chodavaram,Chodavaram,IN,17.82884,82.93526,Asia/Kolkata,29000
Umarkot,Umarkot,IN,19.66529,82.20629,Asia/Kolkata,28993
Hupari,Hupari,IN,16.61667,74.40442,Asia/Kolkata,28953
Suār,Suar,IN,29.02841,79.05654,Asia/Kolkata,28941
Devadurga,Devadurga,IN,16.42314,76.93577,Asia/Kolkata,28929
Manoharpur,Manoharpur,IN,27.29769,75.9495,Asia/Kolkata,28928
Nāhan,Nahan,IN,30.56029,77.29426,Asia/Kolkata,28899
Lādwa,Ladwa,IN,29.9935,77.04563,Asia/Kolkata,28887
Gil,Gil,IN,30.84692,75.86362,Asia/Kolkata,28884
Gunupur,Gunupur,IN,19.0804,83.80879,Asia/Kolkata,28870
Avinashi,Avinashi,IN,11.19297,77.26865,Asia/Kolkata,28868
Kotagiri,Kotagiri,IN,11.42072,76.86035,Asia/Kolkata,28848
Sikka,Sikka,IN,22.43218,69.84158,Asia/Kolkata,28814
Panipat Taraf Rajputan,Panipat Taraf Rajputan,IN,29.36089,76.94258,Asia/Kolkata,28803
Kondotty,Kondotty,IN,11.1423,75.9657,Asia/Kolkata,28794
Rusera,Rusera,IN,25.75355,86.02597,Asia/Kolkata,28781
Desāīganj,Desaiganj,IN,20.62354,79.96454,Asia/Kolkata,28781
Maddūr,Maddur,IN,12.58283,77.04294,Asia/Kolkata,28754
Nongstoin,Nongstoin,IN,25.51704,91.26484,Asia/Kolkata,28742
Rāikot,Raikot,IN,30.65,75.6,Asia/Kolkata,28734
Dinapur Cantonment,Dinapur Cantonment,IN,25.63616,85.02026,Asia/Kolkata,28723
Jhālod,Jhalod,IN,23.10097,74.15536,Asia/Kolkata,28720
Karera,Karera,IN,25.45815,78.13583,Asia/Kolkata,28705
Murlīganj,Murliganj,IN,25.8969,86.99577,Asia/Kolkata,28691
Soron,Soron,IN,27.89055,78.74621,Asia/Kolkata,28683
Mukher,Mukher,IN,18.70636,77.36795,Asia/Kolkata,28647
Vandiyūr,Vandiyur,IN,9.90917,78.16088,Asia/Kolkata,28646
Alandi,Alandi,IN,18.67756,73.89868,Asia/Kolkata,28645
Pattāmbi,Pattambi,IN,10.80005,76.18408,Asia/Kolkata,28632
Tekkali,Tekkali,IN,18.6057,84.23546,Asia/Kolkata,28631
Duliajan,Duliajan,IN,27.36035,95.31806,Asia/Kolkata,28626
Duliajan Oil Town,Duliajan Oil Town,IN,27.3578,95.31407,Asia/Kolkata,28626
Kāraippudūr,Karaippudur,IN,11.05674,77.30613,Asia/Kolkata,28602
Ambikāpuram,Ambikapuram,IN,10.79385,76.65303,Asia/Kolkata,28592
Sūryampālaiyam,Suryampalaiyam,IN,11.40445,77.71227,Asia/Kolkata,28585
Motipur,Motipur,IN,26.25267,85.16076,Asia/Kolkata,28572
Ālangulam,Alangulam,IN,8.86404,77.49937,Asia/Kolkata,28558
Addanki,Addanki,IN,15.81061,79.97338,Asia/Kolkata,28547
Bemetāra,Bemetara,IN,21.71556,81.53423,Asia/Kolkata,28536
Milak,Milak,IN,28.61031,79.16997,Asia/Kolkata,28505
Losal,Losal,IN,27.4,74.91667,Asia/Kolkata,28504
Alirajpur,Alirajpur,IN,22.30393,74.35568,Asia/Kolkata,28498
Pārdi,Pardi,IN,20.5087,72.94569,Asia/Kolkata,28495
Kinwat,Kinwat,IN,19.62557,78.1987,Asia/Kolkata,28454
Pasan,Pasan,IN,23.16485,81.92859,Asia/Kolkata,28447
Lālgola,Lalgola,IN,24.42244,88.25238,Asia/Kolkata,28442
Utraula,Utraula,IN,27.31933,82.41872,Asia/Kolkata,28437
Baikunthpur,Baikunthpur,IN,23.26206,82.56051,Asia/Kolkata,28431
Jowai,Jowai,IN,25.43596,92.19132,Asia/Kolkata,28430
Ochira,Ochira,IN,9.13478,76.51169,Asia/Kolkata,28412
Rāpar,Rapar,IN,23.57267,70.64718,Asia/Kolkata,28407
Jammu Cantonment,Jammu Cantonment,IN,32.70438,74.86114,Asia/Kolkata,28396
Bānswāda,Banswada,IN,18.37725,77.88007,Asia/Kolkata,28384
Hosadurga,Hosadurga,IN,13.79631,76.28408,Asia/Kolkata,28370
Ramanayyapeta,Ramanayyapeta,IN,16.94516,82.2385,Asia/Kolkata,28369
Mīnjūr,Minjur,IN,13.27951,80.25815,Asia/Kolkata,28337
Sonāmukhi,Sonamukhi,IN,23.30521,87.41336,Asia/Kolkata,28334
Kukshi,Kukshi,IN,22.20677,74.75788,Asia/Kolkata,28331
Kansad,Kansad,IN,21.07466,72.87888,Asia/Kolkata,28327
Kālāvad,Kalavad,IN,22.20789,70.38343,Asia/Kolkata,28314
Jashpur Nagar,Jashpur Nagar,IN,22.88783,84.13864,Asia/Kolkata,28301
Māvelikara,Mavelikara,IN,9.25929,76.55642,Asia/Kolkata,28300
Dhanaura,Dhanaura,IN,28.95912,78.25629,Asia/Kolkata,28285
Jalgaon Jamod,Jalgaon Jamod,IN,21.05194,76.53464,Asia/Kolkata,28276
Pallipuram,Pallipuram,IN,9.75502,76.35724,Asia/Kolkata,28276
Sujānpur,Sujanpur,IN,32.31625,75.60741,Asia/Kolkata,28270
Annigeri,Annigeri,IN,15.42513,75.4335,Asia/Kolkata,28267
Piravam,Piravam,IN,9.86667,76.5,Asia/Kolkata,28254
Ganderbal,Ganderbal,IN,34.22619,74.77478,Asia/Kolkata,28233
Uliyazhathura,Uliyazhathura,IN,8.58165,76.92242,Asia/Kolkata,28230
Mandi,Mandi,IN,31.71194,76.93273,Asia/Kolkata,28217
Atholi,Atholi,IN,11.38853,75.7597,Asia/Kolkata,28213
Shiggaon,Shiggaon,IN,14.99053,75.22499,Asia/Kolkata,28207
Pandua,Pandua,IN,23.07492,88.28637,Asia/Kolkata,28205
Pūnch,Punch,IN,33.77033,74.09254,Asia/Kolkata,28197
Kottaikādu,Kottaikadu,IN,12.25556,79.98226,Asia/Kolkata,28172
Hāngal,Hangal,IN,14.76465,75.1246,Asia/Kolkata,28159
Jhadeshwar,Jhadeshwar,IN,21.71361,73.03231,Asia/Kolkata,28148
Polūr,Polur,IN,12.51217,79.12405,Asia/Kolkata,28123
Sheohar,Sheohar,IN,26.51393,85.29341,Asia/Kolkata,28116
Perumbavoor,Perumbavoor,IN,10.10695,76.47366,Asia/Kolkata,28110
Gundlupēt,Gundlupet,IN,11.81004,76.69027,Asia/Kolkata,28105
Sachīn,Sachin,IN,21.08718,72.88153,Asia/Kolkata,28102
Koynanagar,Koynanagar,IN,17.4,73.76667,Asia/Kolkata,28091
Gotegaon,Gotegaon,IN,23.02888,79.48233,Asia/Kolkata,28074
Kalwākurti,Kalwakurti,IN,16.66396,78.49143,Asia/Kolkata,28060
Sheoganj,Sheoganj,IN,25.13915,73.06784,Asia/Kolkata,28053
Devanahalli,Devanahalli,IN,13.24655,77.71183,Asia/Kolkata,28051
Āron,Aron,IN,24.38109,77.41739,Asia/Kolkata,28010
Hadagalli,Hadagalli,IN,15.02048,75.93185,Asia/Kolkata,27967
Patran,Patran,IN,29.9577,76.0486,Asia/Kolkata,27963
Tharād,Tharad,IN,24.39597,71.62577,Asia/Kolkata,27954
Panāgar,Panagar,IN,23.28539,79.99509,Asia/Kolkata,27932
Dāsna,Dasna,IN,28.67736,77.52252,Asia/Kolkata,27926
Kulittalai,Kulittalai,IN,10.93487,78.41251,Asia/Kolkata,27910
Sulur,Sulur,IN,11.02427,77.12565,Asia/Kolkata,27909
Rangia,Rangia,IN,26.44931,91.61356,Asia/Kolkata,27889
Bāmor Kalān,Bamor Kalan,IN,24.89298,78.15105,Asia/Kolkata,27860
Umargām,Umargam,IN,20.19718,72.75035,Asia/Kolkata,27859
Nalbāri,Nalbari,IN,26.43937,91.44041,Asia/Kolkata,27839
Pallikunnu,Pallikunnu,IN,11.88993,75.35652,Asia/Kolkata,27820
Trittāla,Trittala,IN,10.80303,76.12885,Asia/Kolkata,27796
Vadnagar,Vadnagar,IN,23.78593,72.63893,Asia/Kolkata,27790
Jaswantnagar,Jaswantnagar,IN,26.88271,78.90256,Asia/Kolkata,27777
Afzalgarh,Afzalgarh,IN,29.3937,78.67393,Asia/Kolkata,27753
Gangāpur,Gangapur,IN,19.69718,75.01045,Asia/Kolkata,27745
Mahna,Mahna,IN,30.22798,74.99365,Asia/Kolkata,27733
Rāipur,Raipur,IN,30.31097,78.08979,Asia/Kolkata,27702
Mathur,Mathur,IN,13.17097,80.24759,Asia/Kolkata,27674
Tehri,Tehri,IN,30.39086,78.4803,Asia/Kolkata,27611
Māgadi,Magadi,IN,12.95706,77.22374,Asia/Kolkata,27605
Pūvātūparamba,Puvatuparamba,IN,11.271,75.88945,Asia/Kolkata,27598
Bāspalli,Baspalli,IN,17.53909,78.36355,Asia/Kolkata,27563
Mahād,Mahad,IN,18.08333,73.41667,Asia/Kolkata,27536
Ezhupunna,Ezhupunna,IN,9.8211,76.29982,Asia/Kolkata,27528
Sānkrāil,Sankrail,IN,22.54997,88.22515,Asia/Kolkata,27523
Wārāseonī,Waraseoni,IN,21.76184,80.04301,Asia/Kolkata,27494
Beldānga,Beldanga,IN,23.93428,88.26018,Asia/Kolkata,27489
Jilādiguda,Jiladiguda,IN,17.332,78.52553,Asia/Kolkata,27461
Sausar,Sausar,IN,21.65576,78.79669,Asia/Kolkata,27459
Moothakunnam,Moothakunnam,IN,10.18995,76.20079,Asia/Kolkata,27458
Pathirappally,Pathirappally,IN,9.53539,76.32205,Asia/Kolkata,27445
Hadgāon,Hadgaon,IN,19.49552,77.65863,Asia/Kolkata,27433
Chandrapura,Chandrapura,IN,23.74877,86.11955,Asia/Kolkata,27425
Rājaldesar,Rajaldesar,IN,28.02849,74.47442,Asia/Kolkata,27419
Pachor,Pachor,IN,23.70982,76.73387,Asia/Kolkata,27396
Sādri,Sadri,IN,25.18555,73.45288,Asia/Kolkata,27390
Mīrānpur,Miranpur,IN,29.29026,77.94939,Asia/Kolkata,27390
Azhoor,Azhoor,IN,8.64415,76.79897,Asia/Kolkata,27390
Kullattūr,Kullattur,IN,12.94194,80.19472,Asia/Kolkata,27374
Balussheri,Balussheri,IN,11.44738,75.82944,Asia/Kolkata,27363
Kālānwāli,Kalanwali,IN,29.83573,74.9717,Asia/Kolkata,27355
Kadodara,Kadodara,IN,21.1616,72.9623,Asia/Kolkata,27336
Chakapara,Chakapara,IN,22.63222,88.34861,Asia/Kolkata,27320
Nanminda,Nanminda,IN,11.42325,75.82308,Asia/Kolkata,27316
Nokha,Nokha,IN,25.10479,84.1162,Asia/Kolkata,27302
Kattumannarkoil,Kattumannarkoil,IN,11.27631,79.55784,Asia/Kolkata,27294
Kalamb,Kalamb,IN,19.04437,73.95554,Asia/Kolkata,27287
Āndippatti,Andippatti,IN,9.99797,77.62097,Asia/Kolkata,27287
Arumuganeri,Arumuganeri,IN,8.5688,78.09091,Asia/Kolkata,27266
Elamanchili,Elamanchili,IN,17.54907,82.85749,Asia/Kolkata,27265
Adichānallūr,Adichanallur,IN,8.88049,76.71558,Asia/Kolkata,27240
Laitumkhrah,Laitumkhrah,IN,25.57067,91.89771,Asia/Kolkata,27219
Gulābpura,Gulabpura,IN,25.90448,74.66025,Asia/Kolkata,27215
Pāthardi,Pathardi,IN,19.17279,75.17425,Asia/Kolkata,27211
Kundarkhi,Kundarkhi,IN,28.68304,78.78559,Asia/Kolkata,27197
Ukhrul,Ukhrul,IN,25.11957,94.36417,Asia/Kolkata,27187
Gadhinglaj,Gadhinglaj,IN,16.22291,74.3501,Asia/Kolkata,27185
Bilgrām,Bilgram,IN,27.17509,80.03201,Asia/Kolkata,27173
Ali,Ali,IN,28.5161,77.30993,Asia/Kolkata,27169
Jāfarābād,Jafarabad,IN,20.86611,71.36606,Asia/Kolkata,27167
Bidhūna,Bidhuna,IN,26.80172,79.50829,Asia/Kolkata,27158
Bhelai,Bhelai,IN,22.3093,82.60953,Asia/Kolkata,27158
Ayakudi,Ayakudi,IN,10.44992,77.55198,Asia/Kolkata,27156
Vettanād,Vettanad,IN,8.60587,76.94235,Asia/Kolkata,27140
Āsandh,Asandh,IN,29.52119,76.60552,Asia/Kolkata,27125
Perumpāvūr,Perumpavur,IN,10.11544,76.47611,Asia/Kolkata,27105
Chanpatia,Chanpatia,IN,26.94442,84.5377,Asia/Kolkata,27095
Afzalpur,Afzalpur,IN,17.19986,76.36018,Asia/Kolkata,27088
Gobindpur,Gobindpur,IN,22.63393,86.07162,Asia/Kolkata,27066
Tikkotti,Tikkotti,IN,11.48333,75.61667,Asia/Kolkata,27051
Gingee,Gingee,IN,12.25282,79.41727,Asia/Kolkata,27045
Rāver,Raver,IN,21.24757,76.03509,Asia/Kolkata,27039
Bāgepalli,Bagepalli,IN,13.78338,77.79667,Asia/Kolkata,27011
Kotdwāra,Kotdwara,IN,29.74612,78.52219,Asia/Kolkata,27009
Payakaraopeta,Payakaraopeta,IN,17.36784,82.56826,Asia/Kolkata,27001
Bhawanipur,Bhawanipur,IN,26.45352,87.02744,Asia/Kolkata,27000
Elamkunnapuzha,Elamkunnapuzha,IN,10.02674,76.22229,Asia/Kolkata,26997
Ettumanoor,Ettumanoor,IN,9.67,76.57,Asia/Kolkata,26993
Lātehār,Latehar,IN,23.74423,84.49984,Asia/Kolkata,26981
Chengam,Chengam,IN,12.30889,78.79137,Asia/Kolkata,26980
Rājgarh,Rajgarh,IN,27.23731,76.62243,Asia/Kolkata,26953
Kumārapuram,Kumarapuram,IN,9.27078,76.43257,Asia/Kolkata,26943
Margherita,Margherita,IN,27.28482,95.66796,Asia/Kolkata,26914
Kulasēkarapuram,Kulasekarapuram,IN,9.0912,76.53034,Asia/Kolkata,26907
Sāmba,Samba,IN,32.56245,75.11993,Asia/Kolkata,26893
Pirthīpur,Pirthipur,IN,25.20837,78.75158,Asia/Kolkata,26883
Vepagunta,Vepagunta,IN,17.77844,83.21577,Asia/Kolkata,26881
Vadipatti,Vadipatti,IN,10.08481,77.96113,Asia/Kolkata,26830
Shenkottai,Shenkottai,IN,8.97741,77.24633,Asia/Kolkata,26823
Edacchēri,Edaccheri,IN,11.68178,75.6248,Asia/Kolkata,26819
Banmankhi,Banmankhi,IN,25.88857,87.19421,Asia/Kolkata,26806
Srīnivāspur,Srinivaspur,IN,13.33914,78.21175,Asia/Kolkata,26793
Palavakkam,Palavakkam,IN,12.9535,80.2572,Asia/Kolkata,26766
Chāndur,Chandur,IN,19.73444,79.17167,Asia/Kolkata,26755
Indāpur,Indapur,IN,18.3,73.25,Asia/Kolkata,26752
Varappuzha,Varappuzha,IN,10.07589,76.27152,Asia/Kolkata,26750
Kemrī,Kemri,IN,28.80673,79.2048,Asia/Kolkata,26726
Alattūr,Alattur,IN,10.65,76.53333,Asia/Kolkata,26720
Bela,Bela,IN,25.55707,84.43078,Asia/Kolkata,26707
Krishnāpuram,Krishnapuram,IN,9.15212,76.52338,Asia/Kolkata,26705
Kartārpur,Kartarpur,IN,31.44268,75.49847,Asia/Kolkata,26701
Māmidālapādu,Mamidalapadu,IN,15.85409,78.01481,Asia/Kolkata,26694
Karhal,Karhal,IN,27.00089,78.93935,Asia/Kolkata,26693
Lar,Lar,IN,26.20394,83.96906,Asia/Kolkata,26688
Kūdligi,Kudligi,IN,14.905,76.38527,Asia/Kolkata,26680
Alīganj,Aliganj,IN,27.49358,79.17127,Asia/Kolkata,26652
Baloda Bāzār,Baloda Bazar,IN,21.65678,82.16062,Asia/Kolkata,26632
Manihāri,Manihari,IN,25.33891,87.61998,Asia/Kolkata,26629
Kottur,Kottur,IN,10.53646,76.98034,Asia/Kolkata,26627
Faizpur,Faizpur,IN,21.16766,75.86006,Asia/Kolkata,26602
Manāsa,Manasa,IN,24.47764,75.14095,Asia/Kolkata,26551
Sankarapatti,Sankarapatti,IN,10.0477,78.74719,Asia/Kolkata,26536
Songadh,Songadh,IN,21.16966,73.56357,Asia/Kolkata,26515
Pauri,Pauri,IN,30.15286,78.7771,Asia/Kolkata,26514
Shāhganj,Shahganj,IN,26.04965,82.68423,Asia/Kolkata,26510
Dhrol,Dhrol,IN,22.567,70.41769,Asia/Kolkata,26496
Pallippatti,Pallippatti,IN,11.9399,78.40161,Asia/Kolkata,26492
Barwāh,Barwah,IN,22.25394,76.03853,Asia/Kolkata,26459
Mauganj,Mauganj,IN,24.66721,81.87339,Asia/Kolkata,26420
Bablāi,Bablai,IN,30.35729,76.879,Asia/Kolkata,26412
Terdāl,Terdal,IN,16.49379,75.04667,Asia/Kolkata,26411
Nādbai,Nadbai,IN,27.22288,77.19569,Asia/Kolkata,26411
Kallidaikurichi,Kallidaikurichi,IN,8.68591,77.46592,Asia/Kolkata,26398
Taloda,Taloda,IN,21.56128,74.21238,Asia/Kolkata,26363
Murugampālaiyam,Murugampalaiyam,IN,11.08063,77.32381,Asia/Kolkata,26349
Mon,Mon,IN,26.73583,95.05841,Asia/Kolkata,26328
Kheri,Kheri,IN,27.90354,80.79754,Asia/Kolkata,26327
Bilsi,Bilsi,IN,28.12941,78.9109,Asia/Kolkata,26320
Basi,Basi,IN,30.58813,76.84498,Asia/Kolkata,26295
Āyanchēri,Ayancheri,IN,11.62609,75.67427,Asia/Kolkata,26293
Kottūru,Kotturu,IN,14.82442,76.22005,Asia/Kolkata,26289
Anjad,Anjad,IN,22.04171,75.05519,Asia/Kolkata,26289
Chinnalapatti,Chinnalapatti,IN,10.28481,77.92332,Asia/Kolkata,26285
Narasannapeta,Narasannapeta,IN,18.41428,84.04463,Asia/Kolkata,26280
Ongallur-II,Ongallur-II,IN,10.78974,76.21898,Asia/Kolkata,26273
Rāmpur,Rampur,IN,29.8062,77.45251,Asia/Kolkata,26257
Aklera,Aklera,IN,24.41288,76.56719,Asia/Kolkata,26240
Mirganj,Mirganj,IN,26.37345,84.33489,Asia/Kolkata,26240
Kūdlu,Kudlu,IN,12.52979,74.97881,Asia/Kolkata,26235
Tekkalakote,Tekkalakote,IN,15.53444,76.87703,Asia/Kolkata,26224
Mungaoli,Mungaoli,IN,24.40837,78.09588,Asia/Kolkata,26192
Budhlāda,Budhlada,IN,29.92799,75.56205,Asia/Kolkata,26172
Anuppānadi,Anuppanadi,IN,9.90396,78.14326,Asia/Kolkata,26158
Reengus,Reengus,IN,27.3636,75.56838,Asia/Kolkata,26139
Sutrāpāra,Sutrapara,IN,20.84352,70.48318,Asia/Kolkata,26132
Kodoli,Kodoli,IN,17.67023,74.03469,Asia/Kolkata,26106
Phulera,Phulera,IN,26.87401,75.24171,Asia/Kolkata,26091
Renigunta,Renigunta,IN,13.65143,79.51256,Asia/Kolkata,26031
Basi,Basi,IN,26.8315,76.04856,Asia/Kolkata,26029
Khoni,Khoni,IN,19.31734,73.05973,Asia/Kolkata,26016
Areraj,Areraj,IN,26.5503,84.6801,Asia/Kolkata,26014
Muttanampālaiyam,Muttanampalaiyam,IN,11.08453,77.3969,Asia/Kolkata,26014
Junnar,Junnar,IN,19.20815,73.8752,Asia/Kolkata,25997
Mehsi,Mehsi,IN,26.35574,85.09251,Asia/Kolkata,25995
Edavai,Edavai,IN,8.7645,76.68845,Asia/Kolkata,25994
Mangaldai,Mangaldai,IN,26.44212,92.03047,Asia/Kolkata,25989
Naduvannūr,Naduvannur,IN,11.48772,75.77511,Asia/Kolkata,25979
Krishnarājpet,Krishnarajpet,IN,12.66621,76.4877,Asia/Kolkata,25946
Tirāwari,Tirawari,IN,29.80147,76.92825,Asia/Kolkata,25944
Mannachanallur,Mannachanallur,IN,10.90988,78.69927,Asia/Kolkata,25931
Periyanayakkanpalaiyam,Periyanayakkanpalaiyam,IN,11.15255,76.95159,Asia/Kolkata,25930
Kālol,Kalol,IN,22.60777,73.46272,Asia/Kolkata,25929
Kuttikkāttūr,Kuttikkattur,IN,11.26258,75.8796,Asia/Kolkata,25929
Jaynagar Majilpur,Jaynagar Majilpur,IN,22.1752,88.42008,Asia/Kolkata,25922
Kailāras,Kailaras,IN,26.30498,77.616,Asia/Kolkata,25920
Chīpurupalle,Chipurupalle,IN,18.31142,83.56846,Asia/Kolkata,25898
Iringal,Iringal,IN,11.55929,75.61663,Asia/Kolkata,25894
Jamjodhpur,Jamjodhpur,IN,21.90219,70.0357,Asia/Kolkata,25892
Chumukedima,Chumukedima,IN,25.82483,93.77592,Asia/Kolkata,25885
Thodiyoor,Thodiyoor,IN,9.07797,76.57772,Asia/Kolkata,25884
Nalhāti,Nalhati,IN,24.29704,87.82899,Asia/Kolkata,25878
Jāmul,Jamul,IN,21.25,81.4,Asia/Kolkata,25878
Kāladi,Kaladi,IN,10.81942,76.0064,Asia/Kolkata,25872
Muhamma,Muhamma,IN,9.60886,76.36083,Asia/Kolkata,25861
Ponmundam,Ponmundam,IN,10.95356,75.9468,Asia/Kolkata,25855
Mulamthuruthy,Mulamthuruthy,IN,9.90032,76.38701,Asia/Kolkata,25852
Gokarna,Gokarna,IN,14.55,74.31667,Asia/Kolkata,25851
Ganguwa,Ganguwa,IN,29.11343,75.69578,Asia/Kolkata,25847
Koregaon,Koregaon,IN,18.64573,74.05909,Asia/Kolkata,25846
Kāndla,Kandla,IN,23.03333,70.21667,Asia/Kolkata,25845
Erannoli,Erannoli,IN,11.76913,75.51766,Asia/Kolkata,25818
Kārkala,Karkala,IN,13.21428,74.99234,Asia/Kolkata,25800
Dārwha,Darwha,IN,20.31017,77.77257,Asia/Kolkata,25791
Chhota Udepur,Chhota Udepur,IN,22.30401,74.0158,Asia/Kolkata,25787
Avanigadda,Avanigadda,IN,16.02148,80.91808,Asia/Kolkata,25761
Mussoorie,Mussoorie,IN,30.45498,78.07068,Asia/Kolkata,25753
Kuttippuram,Kuttippuram,IN,10.84246,76.03077,Asia/Kolkata,25750
Jaleshwar,Jaleshwar,IN,21.80176,87.2225,Asia/Kolkata,25747
Jais,Jais,IN,26.2649,81.54855,Asia/Kolkata,25726
Kallam,Kallam,IN,18.57506,76.02186,Asia/Kolkata,25713
Pawāyan,Pawayan,IN,28.06626,80.10305,Asia/Kolkata,25708
Irugūr,Irugur,IN,11.01782,77.06285,Asia/Kolkata,25691
Jevargi,Jevargi,IN,17.01394,76.77317,Asia/Kolkata,25686
Mechcheri,Mechcheri,IN,11.83412,77.94387,Asia/Kolkata,25676
Silao,Silao,IN,25.08358,85.42804,Asia/Kolkata,25674
Khajuraho Group of Monuments,Khajuraho Group of Monuments,IN,24.84809,79.93351,Asia/Kolkata,25662
Silapathar,Silapathar,IN,27.59441,94.72402,Asia/Kolkata,25662
Dākor,Dakor,IN,22.75268,73.14967,Asia/Kolkata,25658
Wadgaon,Wadgaon,IN,16.83553,74.31338,Asia/Kolkata,25651
Deori Khās,Deori Khas,IN,23.39017,79.0163,Asia/Kolkata,25632
Jandiāla,Jandiala,IN,31.1593,75.61755,Asia/Kolkata,25631
Balakrishnapuram,Balakrishnapuram,IN,10.35909,78.00261,Asia/Kolkata,25627
Panayāttur Vadakkumbhāgam,Panayattur Vadakkumbhagam,IN,8.95457,76.6185,Asia/Kolkata,25607
Pāsighāt,Pasighat,IN,28.06631,95.32678,Asia/Kolkata,25581
Kheda,Kheda,IN,22.75218,72.68533,Asia/Kolkata,25575
Nagar,Nagar,IN,27.42397,77.09922,Asia/Kolkata,25572
Viswanatham,Viswanatham,IN,9.42952,77.80032,Asia/Kolkata,25555
Kamalāpuram,Kamalapuram,IN,15.30442,76.47649,Asia/Kolkata,25552
Poranki,Poranki,IN,16.47771,80.70755,Asia/Kolkata,25545
Parangipettai,Parangipettai,IN,11.49117,79.76053,Asia/Kolkata,25541
Andipalayam,Andipalayam,IN,11.09246,77.31225,Asia/Kolkata,25539
Adampur,Adampur,IN,29.28026,75.46818,Asia/Kolkata,25531
Kakkanad,Kakkanad,IN,10.01636,76.34168,Asia/Kolkata,25531
Indāpur,Indapur,IN,18.11529,75.02885,Asia/Kolkata,25515
Talikkulam,Talikkulam,IN,10.44036,76.09483,Asia/Kolkata,25507
Colonelganj,Colonelganj,IN,27.13432,81.69868,Asia/Kolkata,25503
Mehndāwal,Mehndawal,IN,26.97579,83.10995,Asia/Kolkata,25495
Koelwār,Koelwar,IN,25.58055,84.79751,Asia/Kolkata,25494
Harūr,Harur,IN,12.05267,78.48023,Asia/Kolkata,25469
Bannūr,Bannur,IN,12.33295,76.86201,Asia/Kolkata,25455
Mūl,Mul,IN,20.06987,79.67826,Asia/Kolkata,25449
Kuttampuzha,Kuttampuzha,IN,10.15033,76.73544,Asia/Kolkata,25436
Karuva,Karuva,IN,8.95003,76.59861,Asia/Kolkata,25432
Dorāha,Doraha,IN,30.79953,76.02355,Asia/Kolkata,25424
Koothanallur,Koothanallur,IN,10.7199,79.5157,Asia/Kolkata,25423
Khātegaon,Khategaon,IN,22.59573,76.9133,Asia/Kolkata,25413
Nīlēshwar,Nileshwar,IN,12.25953,75.1352,Asia/Kolkata,25405
Edaicode,Edaicode,IN,8.38251,77.19834,Asia/Kolkata,25378
Kadakkavoor,Kadakkavoor,IN,8.67921,76.76714,Asia/Kolkata,25362
Haludbani,Haludbani,IN,22.75123,86.2099,Asia/Kolkata,25360
Chāndor,Chandor,IN,20.3306,74.24467,Asia/Kolkata,25341
Sundarnagar,Sundarnagar,IN,31.53523,76.905,Asia/Kolkata,25338
Karungappalli,Karungappalli,IN,9.10422,76.53701,Asia/Kolkata,25336
Amarpur,Amarpur,IN,25.03967,86.90247,Asia/Kolkata,25336
Gadkhol,Gadkhol,IN,21.64381,73.01211,Asia/Kolkata,25332
Banganapalle,Banganapalle,IN,15.31771,78.22669,Asia/Kolkata,25325
Anūpshahr,Anupshahr,IN,28.35748,78.26914,Asia/Kolkata,25306
Jalālābad,Jalalabad,IN,29.61853,77.43908,Asia/Kolkata,25302
Chitaguppa,Chitaguppa,IN,17.69737,77.21525,Asia/Kolkata,25298
Bābra,Babra,IN,21.84577,71.30544,Asia/Kolkata,25270
Shamsābād,Shamsabad,IN,27.5371,79.43796,Asia/Kolkata,25266
Kithor,Kithor,IN,28.86684,77.93861,Asia/Kolkata,25262
Kallūr Vadakummuri,Kallur Vadakummuri,IN,10.25317,76.32815,Asia/Kolkata,25259
Machhlīshahr,Machhlishahr,IN,25.68564,82.41106,Asia/Kolkata,25247
Bagha Purana,Bagha Purana,IN,30.68809,75.09838,Asia/Kolkata,25206
Bhānder,Bhander,IN,25.73581,78.74555,Asia/Kolkata,25204
Azhikkōd,Azhikkod,IN,11.91985,75.33549,Asia/Kolkata,25195
Uttiramerūr,Uttiramerur,IN,12.61433,79.75748,Asia/Kolkata,25194
Dasūya,Dasuya,IN,31.81679,75.6531,Asia/Kolkata,25192
Gursarāi,Gursarai,IN,25.61677,79.18053,Asia/Kolkata,25191
Pāonta Sāhib,Paonta Sahib,IN,30.43666,77.62462,Asia/Kolkata,25183
Tirorā,Tirora,IN,21.40409,79.92617,Asia/Kolkata,25181
Rājgurunagar,Rajgurunagar,IN,18.86667,73.9,Asia/Kolkata,25146
Pottaneri Nallakavundanpatti,Pottaneri Nallakavundanpatti,IN,11.80388,77.85673,Asia/Kolkata,25133
Kamaruddinnagar,Kamaruddinnagar,IN,28.67695,77.05372,Asia/Kolkata,25126
Gauripur,Gauripur,IN,26.08334,89.96118,Asia/Kolkata,25124
Rānia,Rania,IN,29.52454,74.83689,Asia/Kolkata,25123
Mugalivakkam,Mugalivakkam,IN,13.02054,80.16528,Asia/Kolkata,25117
Thazhecode,Thazhecode,IN,11.32258,75.97579,Asia/Kolkata,25116
Saiha,Saiha,IN,22.49183,92.98143,Asia/Kolkata,25110
Chinna Salem,Chinna Salem,IN,11.63422,78.87412,Asia/Kolkata,25106
Vayalār,Vayalar,IN,9.71158,76.33888,Asia/Kolkata,25094
Ahraura,Ahraura,IN,25.01579,83.03294,Asia/Kolkata,25075
Rampachodavaram,Rampachodavaram,IN,17.44088,81.77558,Asia/Kolkata,25074
Māngrol,Mangrol,IN,25.33061,76.50973,Asia/Kolkata,25073
Shrīrangapattana,Shrirangapattana,IN,12.42264,76.68439,Asia/Kolkata,25061
Kharkhauda,Kharkhauda,IN,28.8787,76.91069,Asia/Kolkata,25051
Kantai,Kantai,IN,26.21421,85.29749,Asia/Kolkata,25051
Kanigiri,Kanigiri,IN,15.40555,79.50694,Asia/Kolkata,25045
Chengannūr,Chengannur,IN,9.31575,76.61513,Asia/Kolkata,25043
Sohāgpur,Sohagpur,IN,22.70055,78.19522,Asia/Kolkata,25040
Chandauli,Chandauli,IN,25.25803,83.26825,Asia/Kolkata,25035
Velur,Velur,IN,11.10825,78.00113,Asia/Kolkata,25012
Paramathi Velur,Paramathi Velur,IN,11.1916,77.9563,Asia/Kolkata,25012
Naubatpur,Naubatpur,IN,25.49856,84.96084,Asia/Kolkata,25011
Sāndi,Sandi,IN,27.28867,79.9519,Asia/Kolkata,25008
Padam,Padam,IN,33.46659,76.88488,Asia/Kolkata,25000
Marayur,Marayur,IN,10.27641,77.16205,Asia/Kolkata,25000
Kolasib,Kolasib,IN,24.22388,92.67869,Asia/Kolkata,25000
Shiraguppi,Shiraguppi,IN,16.61875,74.70907,Asia/Kolkata,25000
Ābu,Abu,IN,24.59365,72.71756,Asia/Kolkata,24981
Sadulshahar,Sadulshahar,IN,29.9087,74.17567,Asia/Kolkata,24980
Borāwar,Borawar,IN,27.02366,74.67579,Asia/Kolkata,24975
Marutharōd,Marutharod,IN,10.7751,76.69948,Asia/Kolkata,24963
Gajwel,Gajwel,IN,17.84816,78.68291,Asia/Kolkata,24961
Devarshola,Devarshola,IN,11.54366,76.44037,Asia/Kolkata,24954
Kunda,Kunda,IN,25.71702,81.51396,Asia/Kolkata,24948
Sakleshpur,Sakleshpur,IN,12.94119,75.78467,Asia/Kolkata,24931
Perundurai,Perundurai,IN,11.27564,77.58794,Asia/Kolkata,24930
Mundargi,Mundargi,IN,15.20677,75.8839,Asia/Kolkata,24919
Māchhīwāra,Machhiwara,IN,30.91557,76.20016,Asia/Kolkata,24916
Nainpur,Nainpur,IN,22.42996,80.10561,Asia/Kolkata,24914
Tarāna,Tarana,IN,23.33383,76.04253,Asia/Kolkata,24908
Keirao Bitra,Keirao Bitra,IN,24.71105,93.97461,Asia/Kolkata,24900
Kānth,Kanth,IN,29.05939,78.62951,Asia/Kolkata,24883
Charkhāri,Charkhari,IN,25.40304,79.74877,Asia/Kolkata,24881
Kushtagi,Kushtagi,IN,15.75623,76.19112,Asia/Kolkata,24878
Churi,Churi,IN,23.65491,85.01281,Asia/Kolkata,24876
Vellalūr,Vellalur,IN,10.97747,77.02601,Asia/Kolkata,24872
Srīperumbūdūr,Sriperumbudur,IN,12.96763,79.94197,Asia/Kolkata,24864
Muthutala,Muthutala,IN,10.83544,76.15958,Asia/Kolkata,24861
Mahwa,Mahwa,IN,27.04594,76.93152,Asia/Kolkata,24846
Kandahār,Kandahar,IN,18.87312,77.19231,Asia/Kolkata,24843
Fālna,Falna,IN,25.26743,73.23933,Asia/Kolkata,24839
Avilala,Avilala,IN,13.61106,79.4208,Asia/Kolkata,24839
Ghoti Budrukh,Ghoti Budrukh,IN,19.71641,73.62821,Asia/Kolkata,24838
Safīpur,Safipur,IN,26.73783,80.3435,Asia/Kolkata,24801
Brāhmana Periya Agrahāram,Brahmana Periya Agraharam,IN,11.36904,77.70633,Asia/Kolkata,24798
Thirunavaya,Thirunavaya,IN,10.87459,75.98546,Asia/Kolkata,24790
Anklesvar INA,Anklesvar INA,IN,21.61675,73.02759,Asia/Kolkata,24789
Kalamnūri,Kalamnuri,IN,19.67386,77.31149,Asia/Kolkata,24784
Kabrāi,Kabrai,IN,25.40281,79.9997,Asia/Kolkata,24771
Ilaiyankudi,Ilaiyankudi,IN,9.62512,78.62434,Asia/Kolkata,24767
Talwāra,Talwara,IN,31.9376,75.88657,Asia/Kolkata,24752
Fīrozpur Jhirka,Firozpur Jhirka,IN,27.78853,76.94496,Asia/Kolkata,24750
Tijāra,Tijara,IN,27.93411,76.85541,Asia/Kolkata,24747
Pūnāhāna,Punahana,IN,27.86371,77.20432,Asia/Kolkata,24734
Tattānkuttai,Tattankuttai,IN,11.43518,77.72369,Asia/Kolkata,24708
Koregaon,Koregaon,IN,17.69915,74.16252,Asia/Kolkata,24690
Phillaur,Phillaur,IN,31.01887,75.79111,Asia/Kolkata,24688
Pākāla,Pakala,IN,13.44903,79.11493,Asia/Kolkata,24680
Hinjilicut,Hinjilicut,IN,19.48166,84.74489,Asia/Kolkata,24671
Damua,Damua,IN,22.19291,78.46703,Asia/Kolkata,24663
Ezhudesam,Ezhudesam,IN,8.26512,77.14212,Asia/Kolkata,24657
Andol,Andol,IN,17.81458,78.07713,Asia/Kolkata,24645
Shāmgarh,Shamgarh,IN,24.18817,75.63903,Asia/Kolkata,24637
Ratanpur,Ratanpur,IN,22.2866,82.16823,Asia/Kolkata,24636
Kodarma,Kodarma,IN,24.46753,85.59397,Asia/Kolkata,24633
Keshorai Pātan,Keshorai Patan,IN,25.29275,75.93948,Asia/Kolkata,24627
Navalgund,Navalgund,IN,15.55877,75.35305,Asia/Kolkata,24613
Bholav,Bholav,IN,21.71974,73.01098,Asia/Kolkata,24605
Williamnagar,Williamnagar,IN,25.4955,90.6168,Asia/Kolkata,24597
Bijbehara,Bijbehara,IN,33.79378,75.107,Asia/Kolkata,24590
Gorantla,Gorantla,IN,13.98411,77.77224,Asia/Kolkata,24586
Dātāganj,Dataganj,IN,28.0253,79.40819,Asia/Kolkata,24562
Tiruppuvanam,Tiruppuvanam,IN,9.82564,78.25795,Asia/Kolkata,24554
Beohāri,Beohari,IN,24.02423,81.37831,Asia/Kolkata,24545
Pantheeramkavu,Pantheeramkavu,IN,11.23052,75.85178,Asia/Kolkata,24537
Chharra,Chharra,IN,27.9247,78.40102,Asia/Kolkata,24535
Hudkeshwar Buzurg,Hudkeshwar Buzurg,IN,21.08235,79.12736,Asia/Kolkata,24499
Pindwāra,Pindwara,IN,24.79749,73.05505,Asia/Kolkata,24487
Singāpur,Singapur,IN,17.46982,78.12574,Asia/Kolkata,24457
Sahaspur,Sahaspur,IN,29.12125,78.62273,Asia/Kolkata,24452
Ugrākheri,Ugrakheri,IN,29.378,77.00934,Asia/Kolkata,24440
Kānt,Kant,IN,27.81049,79.79185,Asia/Kolkata,24430
Bhokardan,Bhokardan,IN,20.2583,75.76997,Asia/Kolkata,24416
Maheshwar,Maheshwar,IN,22.17592,75.58715,Asia/Kolkata,24411
Thiruthuraipoondi,Thiruthuraipoondi,IN,10.52819,79.63268,Asia/Kolkata,24404
Meenambakkam,Meenambakkam,IN,12.98456,80.1747,Asia/Kolkata,24334
Chiknāyakanhalli,Chiknayakanhalli,IN,13.41609,76.62063,Asia/Kolkata,24292
Mahārājgani,Maharajgani,IN,26.11017,84.50365,Asia/Kolkata,24282
Ayanavelikulangara Vadakku,Ayanavelikulangara Vadakku,IN,9.04298,76.52297,Asia/Kolkata,24268
Kaithoon,Kaithoon,IN,25.12407,75.97218,Asia/Kolkata,24260
Denkanikota,Denkanikota,IN,12.5301,77.78887,Asia/Kolkata,24252
Chekkiād,Chekkiad,IN,11.71733,75.6419,Asia/Kolkata,24246
Mayāng Imphāl,Mayang Imphal,IN,24.60998,93.88873,Asia/Kolkata,24239
Haliyal,Haliyal,IN,15.32864,74.75638,Asia/Kolkata,24238
Vilankurichi,Vilankurichi,IN,11.07147,77.01729,Asia/Kolkata,24235
Rajākheri,Rajakheri,IN,23.85931,78.7852,Asia/Kolkata,24232
Sitārganj,Sitarganj,IN,28.9293,79.70436,Asia/Kolkata,24225
Nāndgaon,Nandgaon,IN,20.3068,74.65501,Asia/Kolkata,24209
Siuliban,Siuliban,IN,23.7486,86.78477,Asia/Kolkata,24202
Dharampur,Dharampur,IN,20.53693,73.17368,Asia/Kolkata,24178
Sikandarpur,Sikandarpur,IN,26.04327,84.05298,Asia/Kolkata,24177
Muhammadābād,Muhammadabad,IN,26.03404,83.38114,Asia/Kolkata,24146
Srīsailain,Srisailain,IN,16.07217,78.86816,Asia/Kolkata,24142
Barki Saria,Barki Saria,IN,24.17594,85.88938,Asia/Kolkata,24134
Loha,Loha,IN,18.94484,77.11553,Asia/Kolkata,24125
Mhaswad,Mhaswad,IN,17.63359,74.78773,Asia/Kolkata,24120
Alot,Alot,IN,23.76336,75.55662,Asia/Kolkata,24115
Suryaraopeta,Suryaraopeta,IN,16.99961,82.22317,Asia/Kolkata,24112
Aluva,Aluva,IN,10.10764,76.35158,Asia/Kolkata,24108
Hastināpur,Hastinapur,IN,29.16042,78.00762,Asia/Kolkata,24093
Chettipālaiyam,Chettipalaiyam,IN,10.91248,77.03699,Asia/Kolkata,24080
Sōmēshvara,Someshvara,IN,12.80351,74.86472,Asia/Kolkata,24066
Pacode,Pacode,IN,8.3352,77.21361,Asia/Kolkata,24050
Pāppākurichchi,Pappakurichchi,IN,10.81366,78.74813,Asia/Kolkata,24023
Morinda,Morinda,IN,30.79014,76.49883,Asia/Kolkata,24022
Diu,Diu,IN,20.71405,70.98224,Asia/Kolkata,23991
Nabīnagar,Nabinagar,IN,24.60681,84.12624,Asia/Kolkata,23984
Dīnānagar,Dinanagar,IN,32.13664,75.47291,Asia/Kolkata,23976
Māyābandar,Mayabandar,IN,12.90954,92.90348,Asia/Kolkata,23912
Kaikalapettai,Kaikalapettai,IN,13.02194,80.12056,Asia/Kolkata,23910
Bāzpur,Bazpur,IN,29.15299,79.10814,Asia/Kolkata,23900
Karumāndi Chellipālaiyam,Karumandi Chellipalaiyam,IN,11.30191,77.58603,Asia/Kolkata,23868
Dalsingh Sarai,Dalsingh Sarai,IN,25.66795,85.83636,Asia/Kolkata,23862
Makronia,Makronia,IN,23.84765,78.79903,Asia/Kolkata,23861
Sāvantvādi,Savantvadi,IN,15.90413,73.82191,Asia/Kolkata,23851
Longowal,Longowal,IN,30.19846,75.6819,Asia/Kolkata,23851
Vīrakeralam,Virakeralam,IN,11.00772,76.91262,Asia/Kolkata,23841
Reoti,Reoti,IN,25.85091,84.3778,Asia/Kolkata,23819
Pādiyanallūr,Padiyanallur,IN,13.20037,80.17606,Asia/Kolkata,23819
Nāsriganj,Nasriganj,IN,25.0514,84.32839,Asia/Kolkata,23819
Fatehganj West,Fatehganj West,IN,28.4662,79.30657,Asia/Kolkata,23810
Sadalgi,Sadalgi,IN,16.5587,74.53211,Asia/Kolkata,23790
Nasrullāhganj,Nasrullahganj,IN,22.6837,77.27069,Asia/Kolkata,23788
Sarjamda,Sarjamda,IN,22.74759,86.22573,Asia/Kolkata,23788
Narakal,Narakal,IN,10.03833,76.2221,Asia/Kolkata,23760
Lalgudi,Lalgudi,IN,10.87419,78.81935,Asia/Kolkata,23740
Ulundurpet,Ulundurpet,IN,11.69099,79.2873,Asia/Kolkata,23734
Lālganj,Lalganj,IN,25.93182,81.70478,Asia/Kolkata,23728
Malakpur Kohi Rangpur,Malakpur Kohi Rangpur,IN,28.54029,77.12075,Asia/Kolkata,23726
Nivāri,Nivari,IN,25.34911,78.79974,Asia/Kolkata,23724
Vypīn,Vypin,IN,9.96667,76.25,Asia/Kolkata,23717
Muluppilagadu,Muluppilagadu,IN,11.79788,75.45111,Asia/Kolkata,23709
Alwaye,Alwaye,IN,10.10649,76.35484,Asia/Kolkata,23703
Tisaiyanvilai,Tisaiyanvilai,IN,8.33702,77.86776,Asia/Kolkata,23702
Srīkandamangalam,Srikandamangalam,IN,9.65941,76.36335,Asia/Kolkata,23681
Kutiatodu,Kutiatodu,IN,9.8,76.33333,Asia/Kolkata,23669
Pipri,Pipri,IN,20.78613,78.5936,Asia/Kolkata,23661
Natham,Natham,IN,10.22776,78.22969,Asia/Kolkata,23660
Unnamalaikadai,Unnamalaikadai,IN,8.29957,77.24062,Asia/Kolkata,23656
Penugonda,Penugonda,IN,16.65363,81.7455,Asia/Kolkata,23654
Balod,Balod,IN,20.73081,81.20578,Asia/Kolkata,23648
Mariāni,Mariani,IN,26.65725,94.31529,Asia/Kolkata,23640
Qadian,Qadian,IN,31.82198,75.37663,Asia/Kolkata,23632
Painkulam,Painkulam,IN,8.26023,77.17396,Asia/Kolkata,23630
Prāntij,Prantij,IN,23.43605,72.84479,Asia/Kolkata,23596
Kulgam,Kulgam,IN,33.64456,75.01923,Asia/Kolkata,23584
Chinnūr,Chinnur,IN,18.85779,79.7956,Asia/Kolkata,23579
Katheru,Katheru,IN,17.03795,81.77597,Asia/Kolkata,23572
Mairwa,Mairwa,IN,26.23218,84.16349,Asia/Kolkata,23565
Todaraisingh,Todaraisingh,IN,26.02401,75.48182,Asia/Kolkata,23559
Pokaran,Pokaran,IN,26.92007,71.91631,Asia/Kolkata,23554
Kūmher,Kumher,IN,27.31657,77.37079,Asia/Kolkata,23540
Sreekaryam,Sreekaryam,IN,8.54884,76.91716,Asia/Kolkata,23528
Pānchla,Panchla,IN,22.53665,88.13785,Asia/Kolkata,23526
Mudkhed,Mudkhed,IN,19.15657,77.50304,Asia/Kolkata,23517
Shivpur Charcha,Shivpur Charcha,IN,23.32888,82.52809,Asia/Kolkata,23514
Jhīnjhak,Jhinjhak,IN,26.56093,79.73423,Asia/Kolkata,23499
Pethāpur,Pethapur,IN,23.26307,72.67386,Asia/Kolkata,23497
Malpe,Malpe,IN,13.34962,74.70394,Asia/Kolkata,23496
Birūr,Birur,IN,13.59723,75.97167,Asia/Kolkata,23493
Māndal,Mandal,IN,25.44126,74.56979,Asia/Kolkata,23478
Shīshgarh,Shishgarh,IN,28.72928,79.31469,Asia/Kolkata,23471
Kuchera,Kuchera,IN,26.98747,73.97108,Asia/Kolkata,23468
Pattiyūrgrāmam,Pattiyurgramam,IN,9.17744,76.50115,Asia/Kolkata,23460
Sevilimedu,Sevilimedu,IN,12.80826,79.68636,Asia/Kolkata,23454
Pawni,Pawni,IN,20.79229,79.63644,Asia/Kolkata,23450
Mānesar,Manesar,IN,28.35311,76.94036,Asia/Kolkata,23448
Chhātāpur,Chhatapur,IN,26.21965,87.00479,Asia/Kolkata,23425
Tūnēri,Tuneri,IN,11.69699,75.63491,Asia/Kolkata,23421
Urmar,Urmar,IN,31.68137,75.63549,Asia/Kolkata,23419
Lonar,Lonar,IN,19.98533,76.52046,Asia/Kolkata,23416
Pugalūr,Pugalur,IN,11.07401,78.02095,Asia/Kolkata,23408
Rāmtek,Ramtek,IN,21.39562,79.32725,Asia/Kolkata,23404
Monoharpur,Monoharpur,IN,22.10833,88.07889,Asia/Kolkata,23362
Injambakkam,Injambakkam,IN,12.9162,80.2488,Asia/Kolkata,23346
Mandāwa,Mandawa,IN,28.05541,75.14834,Asia/Kolkata,23335
Mahārājpur,Maharajpur,IN,25.01939,79.73189,Asia/Kolkata,23328
Soygaon,Soygaon,IN,20.59606,75.61765,Asia/Kolkata,23320
Kalānaur,Kalanaur,IN,28.82823,76.3955,Asia/Kolkata,23319
Chitrakoot Dham,Chitrakoot Dham,IN,25.21473,80.91645,Asia/Kolkata,23316
Ron,Ron,IN,15.69935,75.73408,Asia/Kolkata,23311
Vengattūr,Vengattur,IN,13.09988,79.93207,Asia/Kolkata,23292
Nāyanakulam,Nayanakulam,IN,9.96115,78.13715,Asia/Kolkata,23284
Bewar,Bewar,IN,27.21869,79.29761,Asia/Kolkata,23280
Marampilly,Marampilly,IN,10.11383,76.44184,Asia/Kolkata,23272
Od,Od,IN,22.62104,73.11725,Asia/Kolkata,23250
Tapa,Tapa,IN,30.29794,75.36936,Asia/Kolkata,23248
Vaikam,Vaikam,IN,9.74858,76.39637,Asia/Kolkata,23234
Kērkandi,Kerkandi,IN,11.36783,76.74576,Asia/Kolkata,23229
Colachel,Colachel,IN,8.17938,77.25818,Asia/Kolkata,23227
Bissāu,Bissau,IN,28.24737,75.07666,Asia/Kolkata,23227
Sāhibganj,Sahibganj,IN,26.30831,84.92695,Asia/Kolkata,23224
Karmāla,Karmala,IN,18.4077,75.19386,Asia/Kolkata,23199
Tharangambadi,Tharangambadi,IN,11.02764,79.85425,Asia/Kolkata,23191
Hinakallu,Hinakallu,IN,12.33042,76.60213,Asia/Kolkata,23162
Thiruvankulam,Thiruvankulam,IN,9.94679,76.36662,Asia/Kolkata,23160
Tiruverumbūr,Tiruverumbur,IN,10.79366,78.76898,Asia/Kolkata,23156
Kudachi,Kudachi,IN,16.62784,74.85408,Asia/Kolkata,23154
Seondha,Seondha,IN,26.15422,78.7812,Asia/Kolkata,23140
Kurduvādi,Kurduvadi,IN,18.09339,75.41567,Asia/Kolkata,23131
Mattigiri,Mattigiri,IN,12.69795,77.80832,Asia/Kolkata,23129
Lalganj,Lalganj,IN,25.799,82.99768,Asia/Kolkata,23124
Polasara,Polasara,IN,19.69386,84.81401,Asia/Kolkata,23119
Iroopara,Iroopara,IN,8.60747,76.91494,Asia/Kolkata,23113
Nakūr,Nakur,IN,29.91964,77.30438,Asia/Kolkata,23084
Narasingapuram,Narasingapuram,IN,11.60379,78.57782,Asia/Kolkata,23084
Palwal Rural,Palwal Rural,IN,28.14555,77.35132,Asia/Kolkata,23072
Pallikonda,Pallikonda,IN,12.90518,78.9427,Asia/Kolkata,23067
Asifābād,Asifabad,IN,19.35851,79.28415,Asia/Kolkata,23059
Pīpri,Pipri,IN,19.79371,75.53519,Asia/Kolkata,23047
Indargarh,Indargarh,IN,25.9109,78.56193,Asia/Kolkata,23045
Sivagiri,Sivagiri,IN,9.34461,77.42911,Asia/Kolkata,23040
Vadakkanandal,Vadakkanandal,IN,11.7817,78.8354,Asia/Kolkata,23034
Ancharakandy,Ancharakandy,IN,11.8841,75.48501,Asia/Kolkata,23030
Trikarpūr South,Trikarpur South,IN,12.11649,75.18517,Asia/Kolkata,22991
Hukeri,Hukeri,IN,16.23082,74.60244,Asia/Kolkata,22988
Todabhim,Todabhim,IN,26.91667,76.81667,Asia/Kolkata,22977
Pehlādpur Bāngar,Pehladpur Bangar,IN,28.75058,77.081,Asia/Kolkata,22968
Dooru Verinag,Dooru Verinag,IN,33.5594,75.23222,Asia/Kolkata,22968
Tiruchanur,Tiruchanur,IN,13.60727,79.44864,Asia/Kolkata,22963
Kanhān,Kanhan,IN,21.22899,79.2398,Asia/Kolkata,22945
Gopavaram,Gopavaram,IN,14.78412,78.5729,Asia/Kolkata,22936
Vattalkundu,Vattalkundu,IN,10.16069,77.75883,Asia/Kolkata,22928
Dhamanagar,Dhamanagar,IN,20.9167,86.45,Asia/Kolkata,22920
Saidpur,Saidpur,IN,25.53749,83.22378,Asia/Kolkata,22904
Tittagudi,Tittagudi,IN,11.40717,79.12216,Asia/Kolkata,22894
Phulpur,Phulpur,IN,25.54895,82.0895,Asia/Kolkata,22886
Kunnatnād,Kunnatnad,IN,10.04292,76.42406,Asia/Kolkata,22881
Jharoda Mazra Burāri,Jharoda Mazra Burari,IN,28.73014,77.20911,Asia/Kolkata,22878
Karanjiā,Karanjia,IN,21.76259,85.97319,Asia/Kolkata,22865
Sāngaria,Sangaria,IN,26.18872,73.02649,Asia/Kolkata,22853
Balarāmpur,Balarampur,IN,23.09714,86.22292,Asia/Kolkata,22847
Aramboli,Aramboli,IN,8.24962,77.52161,Asia/Kolkata,22846
Ubaidullāhganj,Ubaidullahganj,IN,22.99834,77.58621,Asia/Kolkata,22845
Chitarpur,Chitarpur,IN,23.57283,85.65355,Asia/Kolkata,22837
Naraingarh,Naraingarh,IN,30.47798,77.12804,Asia/Kolkata,22832
Sāmbhar,Sambhar,IN,26.90806,75.19137,Asia/Kolkata,22828
Vellūr,Vellur,IN,8.62617,76.83053,Asia/Kolkata,22816
Fatehnagar,Fatehnagar,IN,24.81494,74.09504,Asia/Kolkata,22812
Raghunathpur,Raghunathpur,IN,23.53878,86.6735,Asia/Kolkata,22802
Pariyāpuram,Pariyapuram,IN,11.01667,75.86667,Asia/Kolkata,22766
Kasrāwad,Kasrawad,IN,22.12745,75.61101,Asia/Kolkata,22750
Lāthi,Lathi,IN,21.7231,71.38843,Asia/Kolkata,22745
Dugda,Dugda,IN,23.74516,86.17175,Asia/Kolkata,22740
Khirkiya,Khirkiya,IN,22.16732,76.86137,Asia/Kolkata,22737
Mudgal,Mudgal,IN,16.01191,76.44203,Asia/Kolkata,22731
Curchorem,Curchorem,IN,15.26349,74.10875,Asia/Kolkata,22730
Chorwād,Chorwad,IN,21.02947,70.23302,Asia/Kolkata,22720
Madhira,Madhira,IN,16.92329,80.36308,Asia/Kolkata,22716
Kādiganpalli,Kadiganpalli,IN,12.52318,78.2086,Asia/Kolkata,22714
Akaltara,Akaltara,IN,22.02463,82.42641,Asia/Kolkata,22712
Etmadpur,Etmadpur,IN,27.23541,78.19829,Asia/Kolkata,22697
Katghora,Katghora,IN,22.50247,82.54279,Asia/Kolkata,22690
Ponda,Ponda,IN,15.40341,74.01519,Asia/Kolkata,22664
Lohāra,Lohara,IN,20.38983,78.09027,Asia/Kolkata,22664
Cumbum,Cumbum,IN,15.58171,79.11059,Asia/Kolkata,22653
Mātābhānga,Matabhanga,IN,26.34197,89.21555,Asia/Kolkata,22642
Jaitāran,Jaitaran,IN,26.20446,73.93676,Asia/Kolkata,22621
Tāoru,Taoru,IN,28.21173,76.94984,Asia/Kolkata,22599
Lehragaga,Lehragaga,IN,29.94265,75.80144,Asia/Kolkata,22588
Jāmai,Jamai,IN,22.19644,78.59191,Asia/Kolkata,22587
Sholavandan,Sholavandan,IN,10.0216,77.96087,Asia/Kolkata,22578
Nāgod,Nagod,IN,24.56924,80.58809,Asia/Kolkata,22568
Khairāgarh,Khairagarh,IN,21.41859,80.97942,Asia/Kolkata,22564
Kurikuppi,Kurikuppi,IN,15.21758,76.64873,Asia/Kolkata,22560
Ariyallur,Ariyallur,IN,11.08328,75.84904,Asia/Kolkata,22558
Pukhrāyān,Pukhrayan,IN,26.22375,79.83739,Asia/Kolkata,22555
Rāman,Raman,IN,29.95045,74.97852,Asia/Kolkata,22553
Sirsi,Sirsi,IN,28.63916,78.64303,Asia/Kolkata,22549
Bankāpur,Bankapur,IN,14.92295,75.26221,Asia/Kolkata,22529
Godoli,Godoli,IN,17.67178,74.01289,Asia/Kolkata,22517
Baswa,Baswa,IN,27.14955,76.58345,Asia/Kolkata,22515
Rājmahal,Rajmahal,IN,25.05303,87.83048,Asia/Kolkata,22514
Nambol,Nambol,IN,24.69557,93.81974,Asia/Kolkata,22512
Tulsīpur,Tulsipur,IN,27.5337,82.41653,Asia/Kolkata,22486
Bikram,Bikram,IN,25.44708,84.86261,Asia/Kolkata,22486
Belūr,Belur,IN,13.16558,75.86519,Asia/Kolkata,22484
Sānehwāl,Sanehwal,IN,30.84134,75.98547,Asia/Kolkata,22484
Sisauli,Sisauli,IN,30.14297,77.25959,Asia/Kolkata,22479
Kanniyākumāri,Kanniyakumari,IN,8.09008,77.53841,Asia/Kolkata,22453
Senapparetti,Senapparetti,IN,10.96251,78.11324,Asia/Kolkata,22447
Naraura,Naraura,IN,28.20147,78.38723,Asia/Kolkata,22432
Kailāshahar,Kailashahar,IN,24.33199,92.00391,Asia/Kolkata,22405
Triparappu,Triparappu,IN,8.39479,77.26588,Asia/Kolkata,22401
Deogarh,Deogarh,IN,21.53827,84.73337,Asia/Kolkata,22390
Rātu,Ratu,IN,23.42045,85.21459,Asia/Kolkata,22379
Puthencruz,Puthencruz,IN,9.97734,76.41047,Asia/Kolkata,22378
Kurandvād,Kurandvad,IN,16.68317,74.58892,Asia/Kolkata,22372
Timurni,Timurni,IN,22.37115,77.2274,Asia/Kolkata,22359
Pachgaon,Pachgaon,IN,16.66024,74.22735,Asia/Kolkata,22353
Rahata,Rahata,IN,19.71664,74.48109,Asia/Kolkata,22335
Pāli,Pali,IN,23.36453,81.04374,Asia/Kolkata,22324
Bhawānīgarh,Bhawanigarh,IN,30.26685,76.03854,Asia/Kolkata,22320
Suket,Suket,IN,24.64609,76.0417,Asia/Kolkata,22319
Panniyannūr,Panniyannur,IN,11.74859,75.57558,Asia/Kolkata,22308
Ādanāttutekkumuri Kizhakku,Adanattutekkumuri Kizhakku,IN,9.07909,76.51367,Asia/Kolkata,22250
Ankola,Ankola,IN,14.66049,74.3047,Asia/Kolkata,22249
Mariāhu,Mariahu,IN,25.60404,82.60379,Asia/Kolkata,22248
Kilapavoor,Kilapavoor,IN,8.90862,77.43112,Asia/Kolkata,22231
Rāmavarappādu,Ramavarappadu,IN,16.52086,80.68078,Asia/Kolkata,22222
Purwā,Purwa,IN,26.45756,80.77403,Asia/Kolkata,22220
Attimarappatti,Attimarappatti,IN,8.73988,78.10534,Asia/Kolkata,22218
Dasnapur,Dasnapur,IN,19.65399,78.51213,Asia/Kolkata,22216
Badāmibāgh,Badamibagh,IN,34.07381,74.85276,Asia/Kolkata,22214
Lingiādīh,Lingiadih,IN,22.07748,82.17605,Asia/Kolkata,22209
Sahāwar,Sahawar,IN,27.79603,78.83373,Asia/Kolkata,22201
Bhuban,Bhuban,IN,20.88197,85.83334,Asia/Kolkata,22200
Nilakottai,Nilakottai,IN,10.165,77.85024,Asia/Kolkata,22197
Sidhaulī,Sidhauli,IN,27.28202,80.8345,Asia/Kolkata,22193
Palavansathu,Palavansathu,IN,12.89306,79.13445,Asia/Kolkata,22176
Adra,Adra,IN,23.49668,86.68363,Asia/Kolkata,22159
Muhammadābād,Muhammadabad,IN,27.30895,79.43252,Asia/Kolkata,22151
Sarapāka,Sarapaka,IN,17.69129,80.86998,Asia/Kolkata,22149
Bhānvad,Bhanvad,IN,21.93053,69.78081,Asia/Kolkata,22142
Someshwar,Someshwar,IN,13.49112,75.06646,Asia/Kolkata,22137
Nārāinpur,Narainpur,IN,19.71794,81.24437,Asia/Kolkata,22106
Nāmagiripettai,Namagiripettai,IN,11.45513,78.26818,Asia/Kolkata,22098
Nāwa,Nawa,IN,27.0195,75.00226,Asia/Kolkata,22088
Peravurani,Peravurani,IN,10.29035,79.20156,Asia/Kolkata,22084
Kathhāra,Kathhara,IN,23.76382,85.88468,Asia/Kolkata,22080
Kathlāl,Kathlal,IN,22.8982,72.99282,Asia/Kolkata,22071
Siwāna,Siwana,IN,25.65154,72.42243,Asia/Kolkata,22067
Deoli,Deoli,IN,25.75728,75.37991,Asia/Kolkata,22065
Kizhuparamba,Kizhuparamba,IN,11.25261,76.02437,Asia/Kolkata,22062
Palai,Palai,IN,9.71306,76.68331,Asia/Kolkata,22056
Chhanerā,Chhanera,IN,21.96097,76.69494,Asia/Kolkata,22052
Marakkanam,Marakkanam,IN,12.19214,79.94193,Asia/Kolkata,22034
Chhatrapur,Chhatrapur,IN,19.35574,84.98359,Asia/Kolkata,22027
Bhinga,Bhinga,IN,27.70283,81.9343,Asia/Kolkata,22016
Lauri,Lauri,IN,25.13962,80.00112,Asia/Kolkata,22002
Nalambūr,Nalambur,IN,13.08667,80.17028,Asia/Kolkata,21973
Kuppam,Kuppam,IN,12.74931,78.34189,Asia/Kolkata,21963
Fatehābād,Fatehabad,IN,27.02645,78.3027,Asia/Kolkata,21957
Kīl Bhuvanagiri,Kil Bhuvanagiri,IN,11.44216,79.64763,Asia/Kolkata,21956
Saktī,Sakti,IN,22.02662,82.96091,Asia/Kolkata,21955
Karuvanthuruthy,Karuvanthuruthy,IN,11.17207,75.8226,Asia/Kolkata,21952
Kollivāyal,Kollivayal,IN,11.49984,76.48152,Asia/Kolkata,21943
Sancoale,Sancoale,IN,15.37794,73.90352,Asia/Kolkata,21923
Polichalur,Polichalur,IN,12.98913,80.14177,Asia/Kolkata,21906
Bhābhar,Bhabhar,IN,24.07165,71.59745,Asia/Kolkata,21894
Nowrozabad,Nowrozabad,IN,23.35219,80.9806,Asia/Kolkata,21883
Laungowāl,Laungowal,IN,30.19393,75.68089,Asia/Kolkata,21880
Chāchaura,Chachaura,IN,24.17583,76.99957,Asia/Kolkata,21860
Ghulewadi,Ghulewadi,IN,19.6031,74.19356,Asia/Kolkata,21860
Chandrakona,Chandrakona,IN,22.73333,87.51667,Asia/Kolkata,21855
Sangod,Sangod,IN,24.92707,76.28649,Asia/Kolkata,21846
Kherālu,Kheralu,IN,23.88534,72.61869,Asia/Kolkata,21843
Farakka,Farakka,IN,24.81667,87.9,Asia/Kolkata,21834
Mulavukad,Mulavukad,IN,10.0136,76.26306,Asia/Kolkata,21833
Mangalvedha,Mangalvedha,IN,17.51046,75.44713,Asia/Kolkata,21824
Māniyūr,Maniyur,IN,11.55221,75.65026,Asia/Kolkata,21820
Kantābānji,Kantabanji,IN,20.46709,82.92042,Asia/Kolkata,21819
Chalthan,Chalthan,IN,21.15421,72.96141,Asia/Kolkata,21795
Jainagar,Jainagar,IN,26.59048,86.13791,Asia/Kolkata,21782
Kopawor,Kopawor,IN,34.52856,74.26396,Asia/Kolkata,21771
Sakri,Sakri,IN,20.99104,74.31475,Asia/Kolkata,21764
Dattāpur,Dattapur,IN,20.78075,78.1407,Asia/Kolkata,21763
Umarsera,Umarsera,IN,20.37139,78.12343,Asia/Kolkata,21752
Napāsar,Napasar,IN,27.96059,73.55913,Asia/Kolkata,21750
Shendurjana,Shendurjana,IN,21.52488,78.2835,Asia/Kolkata,21748
Pātūr,Patur,IN,20.46093,76.93725,Asia/Kolkata,21747
Digboi,Digboi,IN,27.39321,95.61839,Asia/Kolkata,21736
Jirapur,Jirapur,IN,24.0214,76.3764,Asia/Kolkata,21724
Kalleribhāgam,Kalleribhagam,IN,9.05396,76.55802,Asia/Kolkata,21723
Muthupet,Muthupet,IN,10.39505,79.49353,Asia/Kolkata,21722
Dum Duma,Dum Duma,IN,27.56884,95.55664,Asia/Kolkata,21706
Pāmpur,Pampur,IN,34.01515,74.91895,Asia/Kolkata,21680
Munderi,Munderi,IN,11.93028,75.44546,Asia/Kolkata,21676
Sūrajgarh,Surajgarh,IN,28.31005,75.73271,Asia/Kolkata,21666
Kadayal,Kadayal,IN,8.40834,77.26575,Asia/Kolkata,21665
Kundli,Kundli,IN,28.86913,77.12061,Asia/Kolkata,21633
Bālāchor,Balachor,IN,31.06062,76.30166,Asia/Kolkata,21631
Pushkar,Pushkar,IN,26.49022,74.55211,Asia/Kolkata,21626
Doda,Doda,IN,33.14916,75.54746,Asia/Kolkata,21605
Karanpur,Karanpur,IN,29.84042,73.45519,Asia/Kolkata,21604
Samthar,Samthar,IN,25.84348,78.90683,Asia/Kolkata,21582
Banat,Banat,IN,29.46355,77.35478,Asia/Kolkata,21580
Dhekiajuli,Dhekiajuli,IN,26.70367,92.47808,Asia/Kolkata,21579
Māndalgarh,Mandalgarh,IN,25.19407,75.07215,Asia/Kolkata,21569
Barāra,Barara,IN,30.21465,77.04025,Asia/Kolkata,21545
Tammampatti,Tammampatti,IN,11.44126,78.4887,Asia/Kolkata,21503
Chamba,Chamba,IN,32.55531,76.12647,Asia/Kolkata,21502
Murādābād Pahāri,Muradabad Pahari,IN,28.56456,77.15126,Asia/Kolkata,21502
Mahādula,Mahadula,IN,21.25257,79.08106,Asia/Kolkata,21481
Bānsdīh,Bansdih,IN,25.88377,84.21827,Asia/Kolkata,21457
Srisailam Project RFC Township,Srisailam Project RFC Township,IN,16.07331,78.87412,Asia/Kolkata,21452
Bacheli,Bacheli,IN,18.68435,81.26861,Asia/Kolkata,21435
Āsika,Asika,IN,19.61114,84.65998,Asia/Kolkata,21428
Guruvāyūr,Guruvayur,IN,10.5943,76.0411,Asia/Kolkata,21416
Lālru,Lalru,IN,30.4917,76.79869,Asia/Kolkata,21394
Virugambakkam,Virugambakkam,IN,13.04632,80.19131,Asia/Kolkata,21376
Chotila,Chotila,IN,22.42347,71.19641,Asia/Kolkata,21364
Vāsudevanallūr,Vasudevanallur,IN,9.24171,77.41177,Asia/Kolkata,21361
Kuju,Kuju,IN,23.72536,85.51023,Asia/Kolkata,21356
Padmanābhapuram,Padmanabhapuram,IN,8.24462,77.32581,Asia/Kolkata,21342
Mandāwar,Mandawar,IN,29.48655,78.12732,Asia/Kolkata,21339
Paippad,Paippad,IN,9.42462,76.58481,Asia/Kolkata,21338
Mahgawān,Mahgawan,IN,26.49471,78.61593,Asia/Kolkata,21335
Kondasamudram,Kondasamudram,IN,12.94552,78.87878,Asia/Kolkata,21335
Bedi,Bedi,IN,22.50143,70.04363,Asia/Kolkata,21327
Tekāri,Tekari,IN,24.94253,84.84265,Asia/Kolkata,21324
Dindori,Dindori,IN,22.94141,81.07975,Asia/Kolkata,21323
Channagiri,Channagiri,IN,14.02399,75.92577,Asia/Kolkata,21313
Kuzhithurai,Kuzhithurai,IN,8.31792,77.19192,Asia/Kolkata,21307
Kodamthuruth,Kodamthuruth,IN,9.80062,76.30153,Asia/Kolkata,21295
Ghātanji,Ghatanji,IN,20.14183,78.31333,Asia/Kolkata,21293
Naduvattam,Naduvattam,IN,10.87995,76.002,Asia/Kolkata,21273
Chhāta,Chhata,IN,27.72374,77.5081,Asia/Kolkata,21260
Sanaur,Sanaur,IN,30.30182,76.45786,Asia/Kolkata,21201
Reethapuram,Reethapuram,IN,8.1843,77.24805,Asia/Kolkata,21177
Kottappally,Kottappally,IN,11.61266,75.66136,Asia/Kolkata,21169
Serchhīp,Serchhip,IN,23.29312,92.84679,Asia/Kolkata,21158
Pudupattanam,Pudupattanam,IN,12.50855,80.14976,Asia/Kolkata,21151
Telhāra,Telhara,IN,21.02694,76.83889,Asia/Kolkata,21146
Narkher,Narkher,IN,21.47231,78.53415,Asia/Kolkata,21127
Ajnāla,Ajnala,IN,31.84473,74.76295,Asia/Kolkata,21107
Anthiyur,Anthiyur,IN,11.57506,77.59043,Asia/Kolkata,21086
Bisālgarh,Bisalgarh,IN,23.67595,91.28325,Asia/Kolkata,21085
Dhulagari,Dhulagari,IN,22.58213,88.171,Asia/Kolkata,21080
Talala,Talala,IN,21.05473,70.52903,Asia/Kolkata,21060
Būndu,Bundu,IN,23.16095,85.59007,Asia/Kolkata,21054
Teliamura,Teliamura,IN,23.84174,91.6303,Asia/Kolkata,21032
Devgadh Bāriya,Devgadh Bariya,IN,22.70517,73.90882,Asia/Kolkata,21030
Patharia,Patharia,IN,23.89921,79.19393,Asia/Kolkata,21026
Patnāgarh,Patnagarh,IN,20.70833,83.13263,Asia/Kolkata,21024
Kiraoli,Kiraoli,IN,27.13768,77.78516,Asia/Kolkata,21024
Bhānpura,Bhanpura,IN,24.513,75.7469,Asia/Kolkata,21013
Perinjanam,Perinjanam,IN,10.31328,76.14847,Asia/Kolkata,21012
Anklav,Anklav,IN,22.37738,73.00072,Asia/Kolkata,21003
Abrama,Abrama,IN,20.85865,72.90648,Asia/Kolkata,21000
Bagulā,Bagula,IN,23.33664,88.64109,Asia/Kolkata,20999
Gunnaur,Gunnaur,IN,28.23995,78.43994,Asia/Kolkata,20980
Pālakkodu,Palakkodu,IN,12.30696,78.07022,Asia/Kolkata,20959
Sindi,Sindi,IN,20.74238,78.5871,Asia/Kolkata,20956
Chelora,Chelora,IN,11.89494,75.43959,Asia/Kolkata,20952
Rajpur,Rajpur,IN,21.94022,75.13608,Asia/Kolkata,20947
Nāravārikuppam,Naravarikuppam,IN,13.19133,80.18473,Asia/Kolkata,20946
Marthandam,Marthandam,IN,8.30812,77.22144,Asia/Kolkata,20938
Vinnamāla,Vinnamala,IN,13.90738,79.90855,Asia/Kolkata,20924
Sarauli,Sarauli,IN,28.49404,79.09177,Asia/Kolkata,20923
Adampur,Adampur,IN,31.43224,75.71484,Asia/Kolkata,20922
Badnāwar,Badnawar,IN,23.02181,75.23268,Asia/Kolkata,20917
Banga,Banga,IN,31.18874,75.99495,Asia/Kolkata,20906
Heli Mandi,Heli Mandi,IN,28.34494,76.75694,Asia/Kolkata,20906
Chincholi,Chincholi,IN,17.46508,77.41874,Asia/Kolkata,20897
Hungund,Hungund,IN,16.06213,76.0586,Asia/Kolkata,20877
Thaikkattussery,Thaikkattussery,IN,9.77147,76.34385,Asia/Kolkata,20874
Bangawan,Bangawan,IN,23.19259,82.1272,Asia/Kolkata,20873
Kapasan,Kapasan,IN,24.8894,74.31667,Asia/Kolkata,20869
Sālamedu,Salamedu,IN,11.90876,79.49188,Asia/Kolkata,20854
Barpāli,Barpali,IN,21.19005,83.58721,Asia/Kolkata,20850
Gormi,Gormi,IN,26.60029,78.51188,Asia/Kolkata,20841
Begūn,Begun,IN,24.98333,75,Asia/Kolkata,20836
Lawngtlai,Lawngtlai,IN,22.53254,92.89902,Asia/Kolkata,20830
Nandri,Nandri,IN,26.31157,73.10087,Asia/Kolkata,20827
Dhing,Dhing,IN,26.46793,92.47336,Asia/Kolkata,20826
Vadakarai Kīl Pidāgai,Vadakarai Kil Pidagai,IN,9.04008,77.27413,Asia/Kolkata,20821
Clement Town,Clement Town,IN,30.26361,78.00862,Asia/Kolkata,20806
Sonepur,Sonepur,IN,20.83333,83.91667,Asia/Kolkata,20770
Kaikalūr,Kaikalur,IN,16.55154,81.214,Asia/Kolkata,20763
Akhnūr,Akhnur,IN,32.8955,74.73486,Asia/Kolkata,20756
Alībāg,Alibag,IN,18.64813,72.87579,Asia/Kolkata,20752
Kāpren,Kapren,IN,25.40529,76.07431,Asia/Kolkata,20748
Muthukulam,Muthukulam,IN,9.2168,76.4592,Asia/Kolkata,20740
Bhadauni,Bhadauni,IN,24.87544,85.53369,Asia/Kolkata,20739
Alīpur,Alipur,IN,28.79862,77.13314,Asia/Kolkata,20736
Achampet,Achampet,IN,16.3982,78.63758,Asia/Kolkata,20721
Ghorabandha,Ghorabandha,IN,22.7724,86.27109,Asia/Kolkata,20718
Koduvayur,Koduvayur,IN,10.68674,76.65879,Asia/Kolkata,20703
Sāmalāpuram,Samalapuram,IN,11.07238,77.19796,Asia/Kolkata,20691
Chākia,Chakia,IN,26.41598,85.04665,Asia/Kolkata,20686
Jining,Jining,IN,28.21633,94.85389,Asia/Kolkata,20684
Bhanjanagar,Bhanjanagar,IN,19.92719,84.58201,Asia/Kolkata,20647
Vadāli,Vadali,IN,23.94232,73.03784,Asia/Kolkata,20646
koppana Agrahara,koppana Agrahara,IN,12.85507,77.66707,Asia/Kolkata,20622
Madattukkulam,Madattukkulam,IN,10.55869,77.36597,Asia/Kolkata,20620
Gurmatkāl,Gurmatkal,IN,16.86773,77.39088,Asia/Kolkata,20614
Dhāriwāl,Dhariwal,IN,31.95616,75.32386,Asia/Kolkata,20604
Patuvilāyi,Patuvilayi,IN,11.86561,75.52327,Asia/Kolkata,20598
Talwandi Sābo,Talwandi Sabo,IN,29.98379,75.08203,Asia/Kolkata,20589
Dayal Pur,Dayal Pur,IN,28.71753,77.26508,Asia/Kolkata,20589
Jahāzpur,Jahazpur,IN,25.61994,75.27609,Asia/Kolkata,20586
Sāvda,Savda,IN,21.15054,75.88938,Asia/Kolkata,20584
Vadakakarai,Vadakakarai,IN,10.1664,76.20179,Asia/Kolkata,20571
Viratnagar,Viratnagar,IN,27.43538,76.18297,Asia/Kolkata,20568
Belsand,Belsand,IN,26.44365,85.40076,Asia/Kolkata,20566
Sāmpla,Sampla,IN,28.77718,76.77165,Asia/Kolkata,20563
Vasind,Vasind,IN,19.40844,73.26285,Asia/Kolkata,20561
Kishtwār,Kishtwar,IN,33.31346,75.76726,Asia/Kolkata,20553
Attibele,Attibele,IN,12.77809,77.77259,Asia/Kolkata,20532
Achhnera,Achhnera,IN,27.17826,77.75674,Asia/Kolkata,20532
Bhikkiwind Uttār,Bhikkiwind Uttar,IN,31.34943,74.70271,Asia/Kolkata,20526
Chillupār,Chillupar,IN,26.28221,83.5064,Asia/Kolkata,20518
Tilpat,Tilpat,IN,28.46513,77.33285,Asia/Kolkata,20514
Bijāwar,Bijawar,IN,24.62351,79.48994,Asia/Kolkata,20513
Nellimarla,Nellimarla,IN,18.15619,83.44727,Asia/Kolkata,20498
Maham,Maham,IN,28.96912,76.29495,Asia/Kolkata,20484
Maniar,Maniar,IN,25.98546,84.17233,Asia/Kolkata,20462
Yellāpur,Yellapur,IN,14.9637,74.70929,Asia/Kolkata,20452
Keevallur,Keevallur,IN,11.89703,75.53099,Asia/Kolkata,20440
Nangli,Nangli,IN,31.68633,74.88747,Asia/Kolkata,20440
Nīmāj,Nimaj,IN,26.14995,74.00094,Asia/Kolkata,20424
Baud,Baud,IN,20.83773,84.32618,Asia/Kolkata,20424
Tufānganj,Tufanganj,IN,26.31688,89.66549,Asia/Kolkata,20420
Korochi,Korochi,IN,16.71917,74.4451,Asia/Kolkata,20420
Pataudi,Pataudi,IN,28.32547,76.77858,Asia/Kolkata,20418
Dhārūr,Dharur,IN,18.82017,76.10937,Asia/Kolkata,20417
Pariyāram,Pariyaram,IN,12.05876,75.32476,Asia/Kolkata,20405
French Rocks,French Rocks,IN,12.50094,76.67416,Asia/Kolkata,20399
Ahīwāra,Ahiwara,IN,21.35799,81.41794,Asia/Kolkata,20384
Bāda,Bada,IN,26.06479,75.02155,Asia/Kolkata,20372
Sarwar,Sarwar,IN,26.24252,75.12875,Asia/Kolkata,20372
Edavilangu,Edavilangu,IN,10.24026,76.171,Asia/Kolkata,20363
Jhālu,Jhalu,IN,29.33609,78.22608,Asia/Kolkata,20356
Killannur,Killannur,IN,10.59918,76.21801,Asia/Kolkata,20339
Mundra,Mundra,IN,22.83918,69.7219,Asia/Kolkata,20338
Byndoor,Byndoor,IN,13.86667,74.63333,Asia/Kolkata,20323
Chāpar,Chapar,IN,26.27266,90.44556,Asia/Kolkata,20322
Kondalampatti,Kondalampatti,IN,11.63453,78.12369,Asia/Kolkata,20318
Bawāni Khera,Bawani Khera,IN,28.94919,76.03108,Asia/Kolkata,20289
Basi,Basi,IN,30.6885,76.40111,Asia/Kolkata,20288
Ālampālaiyam,Alampalaiyam,IN,11.36353,77.76773,Asia/Kolkata,20286
Umbri,Umbri,IN,20.71373,77.02639,Asia/Kolkata,20262
Wellington,Wellington,IN,11.36552,76.78442,Asia/Kolkata,20254
Hārij,Harij,IN,23.69356,71.907,Asia/Kolkata,20253
Raipur Domana,Raipur Domana,IN,32.79844,74.78265,Asia/Kolkata,20238
Settūr,Settur,IN,9.40564,77.47841,Asia/Kolkata,20228
Waluj Buzurg,Waluj Buzurg,IN,19.79632,75.22648,Asia/Kolkata,20220
Penukonda,Penukonda,IN,14.08286,77.59473,Asia/Kolkata,20220
Kotivakkam,Kotivakkam,IN,12.97016,80.25769,Asia/Kolkata,20217
Srīnagar,Srinagar,IN,30.22243,78.78341,Asia/Kolkata,20216
Kataiya,Kataiya,IN,26.56807,84.0833,Asia/Kolkata,20193
Surajpur,Surajpur,IN,23.21347,82.86836,Asia/Kolkata,20189
Nirmāli,Nirmali,IN,26.31397,86.58537,Asia/Kolkata,20189
Puliyankannu,Puliyankannu,IN,12.93922,79.30787,Asia/Kolkata,20171
Morwa,Morwa,IN,22.90469,73.83912,Asia/Kolkata,20168
Pāttyam,Pattyam,IN,11.79296,75.5641,Asia/Kolkata,20161
Kaimori,Kaimori,IN,23.38465,79.7442,Asia/Kolkata,20154
Mau,Mau,IN,26.26584,78.67108,Asia/Kolkata,20147
Pudussery West,Pudussery West,IN,10.78802,76.72788,Asia/Kolkata,20140
Mau Aimma,Mau Aimma,IN,25.69515,81.92336,Asia/Kolkata,20123
Chinnavādampatti,Chinnavadampatti,IN,11.06149,76.98377,Asia/Kolkata,20122
Fālākāta,Falakata,IN,26.51963,89.20423,Asia/Kolkata,20119
Sūleswaranpatti,Suleswaranpatti,IN,10.63885,77.00843,Asia/Kolkata,20104
Dhaurahra,Dhaurahra,IN,27.99814,81.08975,Asia/Kolkata,20098
Khairāgarh,Khairagarh,IN,26.94352,77.81816,Asia/Kolkata,20095
Maksi,Maksi,IN,23.25999,76.14567,Asia/Kolkata,20094
Annur,Annur,IN,11.23616,77.10514,Asia/Kolkata,20079
Pulwama,Pulwama,IN,33.87405,74.89955,Asia/Kolkata,20071
Sirumugai,Sirumugai,IN,11.32137,77.00521,Asia/Kolkata,20066
Singānuram,Singanuram,IN,18.82218,79.50171,Asia/Kolkata,20061
Dergaon,Dergaon,IN,26.7,93.96667,Asia/Kolkata,20059
Cheppad,Cheppad,IN,9.23458,76.47326,Asia/Kolkata,20052
Khowai,Khowai,IN,24.07964,91.59972,Asia/Kolkata,20046
Govardhan,Govardhan,IN,27.49658,77.46263,Asia/Kolkata,20044
Saraipali,Saraipali,IN,21.3153,83.00629,Asia/Kolkata,20043
Paravai,Paravai,IN,9.96453,78.0667,Asia/Kolkata,20042
Khalāri,Khalari,IN,23.65063,85.00744,Asia/Kolkata,20010
Rāya,Raya,IN,27.55607,77.78972,Asia/Kolkata,20008
Sawar,Sawar,IN,25.75574,75.22292,Asia/Kolkata,20000
Pāmūru,Pamuru,IN,15.09633,79.41174,Asia/Kolkata,20000
Powai,Powai,IN,19.1164,72.90471,Asia/Kolkata,20000
Belonia,Belonia,IN,23.25178,91.45407,Asia/Kolkata,19996
Takhatpur,Takhatpur,IN,22.12915,81.86959,Asia/Kolkata,19968
Sullya,Sullya,IN,12.561,75.38741,Asia/Kolkata,19958
Bhusawar,Bhusawar,IN,27.03895,77.04849,Asia/Kolkata,19946
Chunchupally,Chunchupally,IN,17.52333,80.60405,Asia/Kolkata,19944
Charthāwal,Charthawal,IN,29.54687,77.59438,Asia/Kolkata,19942
Siswā Bāzār,Siswa Bazar,IN,27.14652,83.75803,Asia/Kolkata,19939
Bīrpur,Birpur,IN,26.50823,87.01194,Asia/Kolkata,19932
Kandalloor,Kandalloor,IN,9.1756,76.47129,Asia/Kolkata,19925
Dhanaula,Dhanaula,IN,30.28216,75.57341,Asia/Kolkata,19920
L.A.Sagaram,L.A.Sagaram,IN,13.90341,79.89055,Asia/Kolkata,19904
Sarigam INA,Sarigam INA,IN,20.28845,72.85029,Asia/Kolkata,19903
Kanjiramkulam,Kanjiramkulam,IN,8.35983,77.05253,Asia/Kolkata,19902
Anūppur,Anuppur,IN,23.10344,81.69083,Asia/Kolkata,19899
Moirāng,Moirang,IN,24.4975,93.77791,Asia/Kolkata,19893
Nattappettai,Nattappettai,IN,12.81871,79.74925,Asia/Kolkata,19883
Bāli,Bali,IN,25.19725,73.29117,Asia/Kolkata,19880
Bokajān,Bokajan,IN,26.02131,93.77945,Asia/Kolkata,19877
Rānikhet,Ranikhet,IN,29.64082,79.43229,Asia/Kolkata,19873
Sirka,Sirka,IN,23.64561,85.43333,Asia/Kolkata,19871
Boriavi,Boriavi,IN,22.61124,72.93283,Asia/Kolkata,19865
Aurād,Aurad,IN,18.25397,77.41761,Asia/Kolkata,19849
Sankaraperi,Sankaraperi,IN,8.83868,78.10513,Asia/Kolkata,19844
Kulu,Kulu,IN,31.95835,77.10823,Asia/Kolkata,19831
Kalinjur,Kalinjur,IN,12.9534,79.13373,Asia/Kolkata,19828
Chetput,Chetput,IN,12.46399,79.3484,Asia/Kolkata,19827
Kolavallúr,Kolavallur,IN,11.7507,75.61988,Asia/Kolkata,19817
Sonāri,Sonari,IN,27.02462,95.01629,Asia/Kolkata,19810
Deoraniān,Deoranian,IN,28.62989,79.47648,Asia/Kolkata,19788
Kolāras,Kolaras,IN,25.21928,77.61167,Asia/Kolkata,19781
Chinna Āndānkovil,Chinna Andankovil,IN,10.9511,78.0681,Asia/Kolkata,19779
Raval,Raval,IN,21.91908,69.48179,Asia/Kolkata,19777
Chāndūr,Chandur,IN,20.81408,77.98015,Asia/Kolkata,19776
Kannānkurichchi,Kannankurichchi,IN,11.69691,78.17941,Asia/Kolkata,19765
Kattanam,Kattanam,IN,9.17614,76.56325,Asia/Kolkata,19764
Ghatkesar,Ghatkesar,IN,17.45081,78.68366,Asia/Kolkata,19763
Borgaon,Borgaon,IN,20.72272,78.60392,Asia/Kolkata,19759
Sendamangalam,Sendamangalam,IN,11.28111,78.23416,Asia/Kolkata,19750
Chhāpar,Chhapar,IN,27.819,74.43936,Asia/Kolkata,19744
Udangudi,Udangudi,IN,8.42918,78.02968,Asia/Kolkata,19738
Tirumeshi,Tirumeshi,IN,13.05339,80.05998,Asia/Kolkata,19733
Kerūr,Kerur,IN,16.01384,75.54631,Asia/Kolkata,19731
Verukulambu,Verukulambu,IN,8.29531,77.29387,Asia/Kolkata,19730
Shāhpur,Shahpur,IN,21.23742,76.22558,Asia/Kolkata,19719
Jhinjhāna,Jhinjhana,IN,29.52118,77.2247,Asia/Kolkata,19711
Kumbhrāj,Kumbhraj,IN,24.37338,77.04841,Asia/Kolkata,19707
Bareja,Bareja,IN,22.84863,72.59137,Asia/Kolkata,19690
Vadakku Viravanallur,Vadakku Viravanallur,IN,8.69786,77.51916,Asia/Kolkata,19689
Mokēri,Mokeri,IN,11.77759,75.57309,Asia/Kolkata,19684
Samrāla,Samrala,IN,30.83601,76.19324,Asia/Kolkata,19678
Jūnāgarh,Junagarh,IN,19.85993,82.93385,Asia/Kolkata,19656
Nalco,Nalco,IN,20.86544,85.18283,Asia/Kolkata,19644
Badi,Badi,IN,23.03667,78.08417,Asia/Kolkata,19603
Charipara,Charipara,IN,23.80914,91.24805,Asia/Kolkata,19598
Resubelpara,Resubelpara,IN,25.90404,90.60747,Asia/Kolkata,19595
Kalmeshwar,Kalmeshwar,IN,21.23219,78.91988,Asia/Kolkata,19578
Jharoda Kalān,Jharoda Kalan,IN,28.65264,76.95208,Asia/Kolkata,19578
Lāwar Khās,Lawar Khas,IN,29.11091,77.77767,Asia/Kolkata,19556
Srīrāmnagar,Sriramnagar,IN,17.26652,78.25544,Asia/Kolkata,19550
Pattan,Pattan,IN,34.16125,74.55634,Asia/Kolkata,19538
Mulakumūd,Mulakumud,IN,8.26809,77.28599,Asia/Kolkata,19538
Bāgbahra,Bagbahra,IN,21.04606,82.3864,Asia/Kolkata,19529
Vīsāvadar,Visavadar,IN,21.33954,70.74966,Asia/Kolkata,19515
Pināhat,Pinahat,IN,26.88487,78.37647,Asia/Kolkata,19511
Pennādam,Pennadam,IN,11.40389,79.24156,Asia/Kolkata,19494
Nainwa,Nainwa,IN,25.77145,75.84978,Asia/Kolkata,19485
Rameswaram,Rameswaram,IN,14.74006,78.54259,Asia/Kolkata,19483
Jānsath,Jansath,IN,29.32502,77.85044,Asia/Kolkata,19467
Santrampur,Santrampur,IN,23.19019,73.89526,Asia/Kolkata,19465
Richha,Richha,IN,28.69467,79.52284,Asia/Kolkata,19459
Bhāyāvadar,Bhayavadar,IN,21.85523,70.24791,Asia/Kolkata,19458
Aistala,Aistala,IN,23.18,88.58,Asia/Kolkata,19425
Methukummal,Methukummal,IN,8.30746,77.15205,Asia/Kolkata,19417
Gannavaram,Gannavaram,IN,16.54092,80.80213,Asia/Kolkata,19410
Amarpātan,Amarpatan,IN,24.31371,80.97703,Asia/Kolkata,19409
Sojītra,Sojitra,IN,22.53884,72.71984,Asia/Kolkata,19403
Singur,Singur,IN,22.80917,88.22944,Asia/Kolkata,19402
Singarāyakonda,Singarayakonda,IN,15.23046,80.02794,Asia/Kolkata,19400
Punnayūr,Punnayur,IN,10.65207,75.99512,Asia/Kolkata,19387
Konnūr,Konnur,IN,16.20138,74.74886,Asia/Kolkata,19386
Weir,Weir,IN,27.0186,77.17636,Asia/Kolkata,19385
Narwar,Narwar,IN,25.6439,77.9129,Asia/Kolkata,19385
Wazīrganj,Wazirganj,IN,28.21145,79.05665,Asia/Kolkata,19372
Kakdwip,Kakdwip,IN,21.87914,88.1913,Asia/Kolkata,19368
Tamenglong,Tamenglong,IN,25.0164,93.48545,Asia/Kolkata,19363
Jalochi,Jalochi,IN,18.15662,74.60708,Asia/Kolkata,19346
Maholi,Maholi,IN,27.66368,80.47371,Asia/Kolkata,19343
Kaimur,Kaimur,IN,24.05441,80.6136,Asia/Kolkata,19343
Bilhaur,Bilhaur,IN,26.84345,80.06388,Asia/Kolkata,19333
Mangalam,Mangalam,IN,13.65754,79.46258,Asia/Kolkata,19318
Raja Pur Khurd,Raja Pur Khurd,IN,28.63517,77.03303,Asia/Kolkata,19312
Khānāpur,Khanapur,IN,15.63969,74.50847,Asia/Kolkata,19309
Tiruppālai,Tiruppalai,IN,9.97792,78.13294,Asia/Kolkata,19305
Nimāparha,Nimaparha,IN,20.05756,86.00436,Asia/Kolkata,19289
Burhar,Burhar,IN,23.21494,81.53204,Asia/Kolkata,19289
Deoli,Deoli,IN,20.6492,78.48023,Asia/Kolkata,19288
Devadanapatti,Devadanapatti,IN,10.14673,77.6439,Asia/Kolkata,19285
Hamīrpur,Hamirpur,IN,31.68411,76.52506,Asia/Kolkata,19280
Laksar,Laksar,IN,29.7587,78.04148,Asia/Kolkata,19270
Vakkam,Vakkam,IN,8.68447,76.76755,Asia/Kolkata,19267
Ezhome,Ezhome,IN,12.02999,75.28193,Asia/Kolkata,19261
Ammainaickanur,Ammainaickanur,IN,10.16707,77.91318,Asia/Kolkata,19257
Kesinga,Kesinga,IN,20.18778,83.21949,Asia/Kolkata,19239
Chhaprauli,Chhaprauli,IN,29.20989,77.17454,Asia/Kolkata,19224
Sardulgarh,Sardulgarh,IN,29.69224,75.23608,Asia/Kolkata,19219
Maduraivayal,Maduraivayal,IN,13.06306,80.17194,Asia/Kolkata,19208
Hirekerūr,Hirekerur,IN,14.45506,75.3952,Asia/Kolkata,19191
Kōttayam,Kottayam,IN,11.82519,75.54779,Asia/Kolkata,19176
Shehera,Shehera,IN,22.95084,73.63118,Asia/Kolkata,19175
Suriānwān,Surianwan,IN,25.46387,82.41922,Asia/Kolkata,19157
Rijokri,Rijokri,IN,28.51387,77.1151,Asia/Kolkata,19148
Kadikkād,Kadikkad,IN,10.67052,75.97975,Asia/Kolkata,19147
Biswanath Chariali,Biswanath Chariali,IN,26.72577,93.14659,Asia/Kolkata,19145
Siwāni,Siwani,IN,28.90909,75.61469,Asia/Kolkata,19143
Honnavar,Honnavar,IN,14.28088,74.44497,Asia/Kolkata,19109
Torūr,Torur,IN,17.5835,79.65857,Asia/Kolkata,19100
Jalladiampet,Jalladiampet,IN,12.92028,80.20806,Asia/Kolkata,19100
Mir Pur Turk,Mir Pur Turk,IN,28.70493,77.26424,Asia/Kolkata,19098
Bhitarwār,Bhitarwar,IN,25.79216,78.11085,Asia/Kolkata,19096
Kallukuttam,Kallukuttam,IN,8.18868,77.28781,Asia/Kolkata,19093
Chautāpal,Chautapal,IN,17.25799,78.89776,Asia/Kolkata,19092
Arang,Arang,IN,21.19639,81.96912,Asia/Kolkata,19091
Dharmkot,Dharmkot,IN,30.94559,75.23239,Asia/Kolkata,19057
Kirandul,Kirandul,IN,18.63649,81.25827,Asia/Kolkata,19053
Kothakota,Kothakota,IN,16.38002,77.94004,Asia/Kolkata,19042
Katangi,Katangi,IN,23.44124,79.79621,Asia/Kolkata,19040
Āmlāgora,Amlagora,IN,22.84616,87.33559,Asia/Kolkata,19038
Karthikappally,Karthikappally,IN,9.2568,76.44871,Asia/Kolkata,19021
Anshing,Anshing,IN,20.0409,77.31501,Asia/Kolkata,19000
Parīchhatgarh,Parichhatgarh,IN,28.97841,77.93422,Asia/Kolkata,18990
Tiruvattār,Tiruvattar,IN,8.33069,77.26732,Asia/Kolkata,18985
Kesariyā,Kesariya,IN,26.34992,84.87086,Asia/Kolkata,18984
Bhor,Bhor,IN,18.14861,73.84336,Asia/Kolkata,18982
Kadachira,Kadachira,IN,11.83695,75.44904,Asia/Kolkata,18979
Kulpahār,Kulpahar,IN,25.32007,79.63931,Asia/Kolkata,18976
Punjai Puliyampatti,Punjai Puliyampatti,IN,11.35163,77.16671,Asia/Kolkata,18967
Khariar Road,Khariar Road,IN,20.89872,82.50893,Asia/Kolkata,18967
Kunnimangalam,Kunnimangalam,IN,12.07354,75.2412,Asia/Kolkata,18965
Kharsia,Kharsia,IN,21.98953,83.10476,Asia/Kolkata,18939
Nahorkatiya,Nahorkatiya,IN,27.286,95.328,Asia/Kolkata,18937
Mulgund,Mulgund,IN,15.2807,75.52132,Asia/Kolkata,18928
Khilchipur,Khilchipur,IN,24.03943,76.578,Asia/Kolkata,18928
Kansāpur,Kansapur,IN,30.14546,77.26633,Asia/Kolkata,18909
Somandepalle,Somandepalle,IN,14.00774,77.60846,Asia/Kolkata,18895
Sriramnagar,Sriramnagar,IN,18.28329,83.53422,Asia/Kolkata,18893
Gummidipundi,Gummidipundi,IN,13.40765,80.10879,Asia/Kolkata,18891
Koāth,Koath,IN,25.32643,84.25983,Asia/Kolkata,18890
Martūru,Marturu,IN,10.17171,76.42641,Asia/Kolkata,18890
Manchar,Manchar,IN,19.00436,73.94346,Asia/Kolkata,18876
Shāhpur,Shahpur,IN,29.3501,77.5516,Asia/Kolkata,18874
Mārahra,Marahra,IN,27.7368,78.56891,Asia/Kolkata,18873
Mundgod,Mundgod,IN,14.97144,75.03658,Asia/Kolkata,18866
Chicholi,Chicholi,IN,21.46926,79.70151,Asia/Kolkata,18864
Bhati,Bhati,IN,28.42953,77.22569,Asia/Kolkata,18864
Mālvan,Malvan,IN,16.05981,73.4629,Asia/Kolkata,18858
Pahāsu,Pahasu,IN,28.1722,78.06376,Asia/Kolkata,18854
Lateri,Lateri,IN,24.06091,77.41044,Asia/Kolkata,18844
Tādikombu,Tadikombu,IN,10.43904,77.95459,Asia/Kolkata,18838
Chhipa Barod,Chhipa Barod,IN,24.62361,76.70783,Asia/Kolkata,18837
Akbarpur,Akbarpur,IN,26.38371,79.94926,Asia/Kolkata,18835
Maithon,Maithon,IN,23.78,86.81,Asia/Kolkata,18830
Chhiri,Chhiri,IN,20.37782,72.9411,Asia/Kolkata,18829
Rānīpur,Ranipur,IN,25.25034,79.06204,Asia/Kolkata,18820
Mallasamudram,Mallasamudram,IN,11.49333,78.03119,Asia/Kolkata,18820
Gadhra,Gadhra,IN,22.74668,86.24546,Asia/Kolkata,18801
Solsumba,Solsumba,IN,20.15749,72.78913,Asia/Kolkata,18796
Chāndūr Bāzār,Chandur Bazar,IN,21.23853,77.74713,Asia/Kolkata,18780
Sompeta,Sompeta,IN,18.94419,84.58449,Asia/Kolkata,18778
Gangāpur,Gangapur,IN,25.21954,74.26028,Asia/Kolkata,18777
Chanod,Chanod,IN,20.34673,72.92825,Asia/Kolkata,18776
Banūr,Banur,IN,30.55407,76.71948,Asia/Kolkata,18775
Paranda,Paranda,IN,18.26321,75.46316,Asia/Kolkata,18758
Shādīpur Julāna,Shadipur Julana,IN,29.12368,76.40516,Asia/Kolkata,18755
Rakkiyapālaiyam,Rakkiyapalaiyam,IN,11.10607,76.94253,Asia/Kolkata,18749
Kammivapettai,Kammivapettai,IN,11.753,79.74567,Asia/Kolkata,18745
Amod,Amod,IN,21.99317,72.87047,Asia/Kolkata,18742
Rangāpāra,Rangapara,IN,26.83772,92.66876,Asia/Kolkata,18739
Nanauta,Nanauta,IN,29.71215,77.41728,Asia/Kolkata,18738
Raybag,Raybag,IN,16.49178,74.77391,Asia/Kolkata,18736
Kundgol,Kundgol,IN,15.25612,75.24735,Asia/Kolkata,18726
Murbād,Murbad,IN,19.25395,73.38993,Asia/Kolkata,18725
Tiruvankod,Tiruvankod,IN,8.24521,77.301,Asia/Kolkata,18723
Lonand,Lonand,IN,18.04041,74.18719,Asia/Kolkata,18723
Una,Una,IN,31.46493,76.26914,Asia/Kolkata,18722
Pālda,Palda,IN,22.68004,75.89391,Asia/Kolkata,18697
Haldaur,Haldaur,IN,29.28988,78.28437,Asia/Kolkata,18686
Srirāmpur,Srirampur,IN,22.94849,88.01954,Asia/Kolkata,18682
Māndvi,Mandvi,IN,21.25526,73.30412,Asia/Kolkata,18669
Valabhīpur,Valabhipur,IN,21.88868,71.87935,Asia/Kolkata,18663
Kardhān,Kardhan,IN,30.31768,76.86596,Asia/Kolkata,18662
Kalāyat,Kalayat,IN,29.67665,76.25561,Asia/Kolkata,18660
Kurumathur,Kurumathur,IN,12.03973,75.41136,Asia/Kolkata,18641
Kim,Kim,IN,21.40081,72.92682,Asia/Kolkata,18638
Mamsapuram,Mamsapuram,IN,9.49959,77.58786,Asia/Kolkata,18635
Mangattidam,Mangattidam,IN,11.84326,75.54368,Asia/Kolkata,18627
Silvāni,Silvani,IN,23.3026,78.44076,Asia/Kolkata,18623
Tyāgadurgam,Tyagadurgam,IN,11.74114,79.07698,Asia/Kolkata,18605
Khārupatia,Kharupatia,IN,26.51839,92.14722,Asia/Kolkata,18599
Palappallam,Palappallam,IN,8.20946,77.24761,Asia/Kolkata,18589
Pālaiyampatti,Palaiyampatti,IN,9.53921,78.09843,Asia/Kolkata,18576
Nadim Tiruvuru,Nadim Tiruvuru,IN,17.11209,80.6088,Asia/Kolkata,18567
Jadugora,Jadugora,IN,22.65361,86.35595,Asia/Kolkata,18563
Durgāpur,Durgapur,IN,20.0054,79.30273,Asia/Kolkata,18561
Bhoom,Bhoom,IN,18.45908,75.65877,Asia/Kolkata,18561
Bhadaur,Bhadaur,IN,30.47651,75.33049,Asia/Kolkata,18561
Chandili,Chandili,IN,19.24665,83.40577,Asia/Kolkata,18552
Phalauda,Phalauda,IN,29.18824,77.82996,Asia/Kolkata,18545
Bānk,Bank,IN,22.70296,75.8039,Asia/Kolkata,18534
Harpālpur,Harpalpur,IN,25.28773,79.33279,Asia/Kolkata,18529
Rāmpura,Rampura,IN,24.467,75.43996,Asia/Kolkata,18495
Jogipet,Jogipet,IN,17.83564,78.06811,Asia/Kolkata,18494
Alang,Alang,IN,21.39878,72.17544,Asia/Kolkata,18480
Barkā Kānā,Barka Kana,IN,23.62118,85.46748,Asia/Kolkata,18475
Ūttangarai,Uttangarai,IN,12.26713,78.53783,Asia/Kolkata,18470
Deshnoke,Deshnoke,IN,27.79836,73.34297,Asia/Kolkata,18470
Mukandgarh,Mukandgarh,IN,27.95208,75.22431,Asia/Kolkata,18469
Chicholi,Chicholi,IN,21.26644,79.11559,Asia/Kolkata,18469
Sāvli,Savli,IN,22.56188,73.22317,Asia/Kolkata,18467
Tondi,Tondi,IN,9.74173,79.01774,Asia/Kolkata,18465
Kannapuram,Kannapuram,IN,11.98434,75.30414,Asia/Kolkata,18459
Pottanūr,Pottanur,IN,11.10983,77.98883,Asia/Kolkata,18455
Padampur,Padampur,IN,29.70885,73.62539,Asia/Kolkata,18454
Gubbi,Gubbi,IN,13.31216,76.94102,Asia/Kolkata,18446
Unchahra,Unchahra,IN,24.38251,80.78088,Asia/Kolkata,18442
Baroda,Baroda,IN,25.5,76.65,Asia/Kolkata,18437
Khali Kachigam,Khali Kachigam,IN,20.38333,72.86667,Asia/Kolkata,18434
Nāmrup,Namrup,IN,27.19395,95.31929,Asia/Kolkata,18432
Neral,Neral,IN,19.02475,73.31688,Asia/Kolkata,18429
Sirgittī,Sirgitti,IN,22.04713,82.14871,Asia/Kolkata,18428
Mandapam,Mandapam,IN,9.27571,79.12362,Asia/Kolkata,18427
Along,Along,IN,28.16951,94.8006,Asia/Kolkata,18425
Kotā,Kota,IN,22.29507,82.02366,Asia/Kolkata,18405
Moram,Moram,IN,17.78812,76.47077,Asia/Kolkata,18371
Kādīpur,Kadipur,IN,28.77404,77.16308,Asia/Kolkata,18369
Chhoti Sādri,Chhoti Sadri,IN,24.38145,74.7012,Asia/Kolkata,18360
Vāzhakulam,Vazhakulam,IN,10.0938,76.4198,Asia/Kolkata,18358
Fort Gloster,Fort Gloster,IN,22.50444,88.18333,Asia/Kolkata,18350
Seppa,Seppa,IN,27.36173,93.03991,Asia/Kolkata,18350
Majhiāon Kalān,Majhiaon Kalan,IN,24.32431,83.81613,Asia/Kolkata,18349
Thākurganj,Thakurganj,IN,26.42742,88.13112,Asia/Kolkata,18348
Naldurg,Naldurg,IN,17.81667,76.28182,Asia/Kolkata,18341
Thāsra,Thasra,IN,22.79831,73.21174,Asia/Kolkata,18337
Bada Malhera,Bada Malhera,IN,24.56412,79.30712,Asia/Kolkata,18335
Kākori,Kakori,IN,26.868,80.7857,Asia/Kolkata,18332
Cheranmahadevi,Cheranmahadevi,IN,8.67547,77.56957,Asia/Kolkata,18327
Alangāyam,Alangayam,IN,12.62235,78.75207,Asia/Kolkata,18327
Chetput,Chetput,IN,13.07,80.24083,Asia/Kolkata,18326
Rāmjībanpur,Ramjibanpur,IN,22.82815,87.60888,Asia/Kolkata,18318
Hutagalli,Hutagalli,IN,12.34172,76.58629,Asia/Kolkata,18308
Howli,Howli,IN,26.42237,90.98004,Asia/Kolkata,18301
Daboh,Daboh,IN,26.00239,78.87658,Asia/Kolkata,18298
Talod,Talod,IN,23.3514,72.94999,Asia/Kolkata,18298
Palugal,Palugal,IN,8.35362,77.1859,Asia/Kolkata,18276
Inam Maniyachi,Inam Maniyachi,IN,9.17056,77.85115,Asia/Kolkata,18258
Ghogardīha,Ghogardiha,IN,26.27986,86.47001,Asia/Kolkata,18257
Vengikkal,Vengikkal,IN,12.26416,79.06745,Asia/Kolkata,18244
Udaipura,Udaipura,IN,23.07434,78.51108,Asia/Kolkata,18236
Behat,Behat,IN,30.1718,77.6139,Asia/Kolkata,18223
Trikarpūr North,Trikarpur North,IN,12.14579,75.17475,Asia/Kolkata,18210
Khetri,Khetri,IN,28.00069,75.78644,Asia/Kolkata,18209
Kheri Nāngal,Kheri Nangal,IN,29.35436,76.97737,Asia/Kolkata,18195
Pasthal,Pasthal,IN,19.82018,72.72959,Asia/Kolkata,18194
Kariapatti,Kariapatti,IN,9.67505,78.09992,Asia/Kolkata,18191
Tezu,Tezu,IN,27.91256,96.12882,Asia/Kolkata,18184
Gairtganj,Gairtganj,IN,23.41022,78.22082,Asia/Kolkata,18184
Jalālī,Jalali,IN,27.8668,78.25267,Asia/Kolkata,18177
Gaurela,Gaurela,IN,22.75449,81.90107,Asia/Kolkata,18165
Singampunari,Singampunari,IN,10.1862,78.415,Asia/Kolkata,18143
Moonak,Moonak,IN,29.82529,75.89055,Asia/Kolkata,18141
Palayad,Palayad,IN,11.55051,75.62887,Asia/Kolkata,18141
Vettaikkaranpudur,Vettaikkaranpudur,IN,10.56207,76.91305,Asia/Kolkata,18128
Pichor,Pichor,IN,25.17555,78.18863,Asia/Kolkata,18127
Bakarwāla,Bakarwala,IN,28.6678,77.02011,Asia/Kolkata,18122
Koipādi,Koipadi,IN,12.59302,74.96262,Asia/Kolkata,18121
Māchai,Machai,IN,15.79261,74.48414,Asia/Kolkata,18073
Namminikara,Namminikara,IN,10.43216,76.25418,Asia/Kolkata,18067
Eruvādi,Eruvadi,IN,8.44393,77.60441,Asia/Kolkata,18067
Thara,Thara,IN,23.97345,71.81922,Asia/Kolkata,18060
Jhalidā,Jhalida,IN,23.36545,85.97643,Asia/Kolkata,18057
Fatehgarh Chūriān,Fatehgarh Churian,IN,31.86431,74.95665,Asia/Kolkata,18051
Aurangabad Cantonment,Aurangabad Cantonment,IN,19.87609,75.29161,Asia/Kolkata,18051
Kunnummal,Kunnummal,IN,11.68325,75.71078,Asia/Kolkata,18031
Kattur,Kattur,IN,10.37315,76.16678,Asia/Kolkata,18017
Vadamadurai,Vadamadurai,IN,10.44081,78.09784,Asia/Kolkata,18015
Tirumala,Tirumala,IN,13.68333,79.35,Asia/Kolkata,18013
Bhogpur,Bhogpur,IN,31.55442,75.64271,Asia/Kolkata,18008
Patiriyat,Patiriyat,IN,11.84896,75.51473,Asia/Kolkata,18008
Satyāmangala,Satyamangala,IN,13.01927,76.12434,Asia/Kolkata,18002
Bhattiprolu,Bhattiprolu,IN,16.1026,80.78074,Asia/Kolkata,18001
Barjala,Barjala,IN,23.6182,91.35596,Asia/Kolkata,17998
Nalloor,Nalloor,IN,8.30638,77.22398,Asia/Kolkata,17989
Sir Muttra,Sir Muttra,IN,26.51501,77.37212,Asia/Kolkata,17988
Mahīshādal,Mahishadal,IN,22.18616,87.98072,Asia/Kolkata,17988
Dumjor,Dumjor,IN,22.61993,88.24566,Asia/Kolkata,17972
Jadcherla,Jadcherla,IN,16.77381,78.13666,Asia/Kolkata,17958
Noāmundi,Noamundi,IN,22.16094,85.50416,Asia/Kolkata,17954
Barwala,Barwala,IN,22.21983,72.06755,Asia/Kolkata,17951
Narauli,Narauli,IN,28.48547,78.71484,Asia/Kolkata,17945
Arukutti,Arukutti,IN,9.86667,76.35,Asia/Kolkata,17944
Nīlokheri,Nilokheri,IN,29.83671,76.93191,Asia/Kolkata,17938
Murudeshwara,Murudeshwara,IN,14.0943,74.4845,Asia/Kolkata,17938
Nāteputa,Nateputa,IN,17.89895,74.75222,Asia/Kolkata,17930
Honnāli,Honnali,IN,14.23976,75.64507,Asia/Kolkata,17928
Titabor Town,Titabor Town,IN,26.59185,94.19445,Asia/Kolkata,17920
Samdari,Samdari,IN,25.81299,72.57879,Asia/Kolkata,17915
Saiyad-ul-ajaib,Saiyad-ul-ajaib,IN,28.51923,77.20352,Asia/Kolkata,17914
Pudunagaram,Pudunagaram,IN,10.68018,76.68363,Asia/Kolkata,17892
Bayad,Bayad,IN,23.2234,73.21491,Asia/Kolkata,17886
Vadlapūdi,Vadlapudi,IN,14.31119,79.8043,Asia/Kolkata,17881
Kanjari,Kanjari,IN,22.61243,72.92107,Asia/Kolkata,17881
Bhindār,Bhindar,IN,24.50235,74.18551,Asia/Kolkata,17878
Piranvādi,Piranvadi,IN,15.80202,74.48012,Asia/Kolkata,17874
V.S.K.Valasai (Dindigul-Dist.),V.S.K.Valasai (Dindigul-Dist.),IN,10.31549,78.15141,Asia/Kolkata,17865
Handiā,Handia,IN,25.36379,82.18655,Asia/Kolkata,17861
Avalēpalli,Avalepalli,IN,12.77137,77.85941,Asia/Kolkata,17859
Narasimhanaickenpalayam,Narasimhanaickenpalayam,IN,11.11732,76.93631,Asia/Kolkata,17858
Adiyanuthu,Adiyanuthu,IN,10.33075,77.98118,Asia/Kolkata,17851
Sarāi Mīr,Sarai Mir,IN,26.02705,82.91843,Asia/Kolkata,17849
Trāl,Tral,IN,33.92708,75.11585,Asia/Kolkata,17844
Akalkuva,Akalkuva,IN,21.5543,74.01922,Asia/Kolkata,17840
Bhīkhi,Bhikhi,IN,30.05918,75.535,Asia/Kolkata,17825
Sīlappādi,Silappadi,IN,10.39397,78.00781,Asia/Kolkata,17824
Kulattuppālaiyam,Kulattuppalaiyam,IN,10.76133,77.58425,Asia/Kolkata,17819
Rāmachettipālaiyam,Ramachettipalaiyam,IN,10.95818,76.92013,Asia/Kolkata,17809
Bilgi,Bilgi,IN,16.34714,75.61804,Asia/Kolkata,17792
Nāgamangala,Nagamangala,IN,12.81939,76.75456,Asia/Kolkata,17776
Shāhpur,Shahpur,IN,25.60293,84.40412,Asia/Kolkata,17767
Dāmnagar,Damnagar,IN,21.69232,71.51747,Asia/Kolkata,17766
Manalur,Manalur,IN,10.49285,76.10267,Asia/Kolkata,17757
Ambaji,Ambaji,IN,24.33174,72.84564,Asia/Kolkata,17753
Kannod,Kannod,IN,22.66764,76.74286,Asia/Kolkata,17744
Jagiroad,Jagiroad,IN,26.12017,92.19772,Asia/Kolkata,17739
Patdi,Patdi,IN,23.19602,71.79171,Asia/Kolkata,17725
Mahudha,Mahudha,IN,22.82082,72.94032,Asia/Kolkata,17722
Chettināyakkanpatti,Chettinayakkanpatti,IN,10.39399,77.9754,Asia/Kolkata,17701
Gotan,Gotan,IN,26.65551,73.7371,Asia/Kolkata,17700
Mangalam,Mangalam,IN,11.10052,77.27124,Asia/Kolkata,17699
Peddanāyakkanpālaiyam,Peddanayakkanpalaiyam,IN,11.65104,78.50872,Asia/Kolkata,17678
Bhuwāna,Bhuwana,IN,24.62143,73.70818,Asia/Kolkata,17665
Kothanallur,Kothanallur,IN,8.27911,77.30958,Asia/Kolkata,17662
Bālugān,Balugan,IN,19.73333,85.21667,Asia/Kolkata,17645
Kherli,Kherli,IN,27.27359,76.98613,Asia/Kolkata,17634
Rahimatpur,Rahimatpur,IN,17.5921,74.19966,Asia/Kolkata,17633
Nangavaram,Nangavaram,IN,10.86924,78.53924,Asia/Kolkata,17629
Padmapur,Padmapur,IN,21,83.06667,Asia/Kolkata,17625
Pipili,Pipili,IN,20.11357,85.83147,Asia/Kolkata,17623
Vittal,Vittal,IN,12.76325,75.09896,Asia/Kolkata,17618
Koratti,Koratti,IN,10.26597,76.34767,Asia/Kolkata,17618
Shirhatti,Shirhatti,IN,15.23352,75.57996,Asia/Kolkata,17610
Devgarh,Devgarh,IN,25.52533,73.90812,Asia/Kolkata,17604
Bargi,Bargi,IN,22.99138,79.8755,Asia/Kolkata,17588
Jarwal,Jarwal,IN,27.1629,81.54179,Asia/Kolkata,17576
Nichlaul,Nichlaul,IN,27.31247,83.7253,Asia/Kolkata,17567
Kānke,Kanke,IN,23.43478,85.32059,Asia/Kolkata,17560
Vazhapadi,Vazhapadi,IN,11.65541,78.40117,Asia/Kolkata,17559
Achhībal,Achhibal,IN,33.68409,75.21835,Asia/Kolkata,17556
Papanasam,Papanasam,IN,10.92687,79.27056,Asia/Kolkata,17548
Raipur,Raipur,IN,26.04259,74.02373,Asia/Kolkata,17537
Kodoli,Kodoli,IN,16.87639,74.1909,Asia/Kolkata,17537
Tājpur,Tajpur,IN,29.16242,78.48458,Asia/Kolkata,17529
Bānki,Banki,IN,20.37912,85.52953,Asia/Kolkata,17521
Settiyārpatti,Settiyarpatti,IN,9.3935,77.49348,Asia/Kolkata,17520
North Guwāhāti,North Guwahati,IN,26.19749,91.7202,Asia/Kolkata,17516
Madhuban,Madhuban,IN,26.43864,85.13573,Asia/Kolkata,17510
Jatāra,Jatara,IN,25.00964,79.04869,Asia/Kolkata,17499
Bānapur,Banapur,IN,19.77889,85.17033,Asia/Kolkata,17499
Palera,Palera,IN,25.02013,79.22818,Asia/Kolkata,17493
Indri,Indri,IN,29.87999,77.05972,Asia/Kolkata,17487
Bodrī,Bodri,IN,22.02346,82.11357,Asia/Kolkata,17481
Pennāgaram,Pennagaram,IN,12.13433,77.89525,Asia/Kolkata,17480
Kallūr Tekkumuri,Kallur Tekkumuri,IN,10.24009,76.32359,Asia/Kolkata,17480
Dharmapuram,Dharmapuram,IN,8.12027,77.38904,Asia/Kolkata,17476
Depālpur,Depalpur,IN,22.85095,75.54224,Asia/Kolkata,17474
Mūndwa,Mundwa,IN,27.0631,73.82304,Asia/Kolkata,17465
Auhammadpur Mājri,Auhammadpur Majri,IN,28.72922,77.03827,Asia/Kolkata,17462
Tādigadapa,Tadigadapa,IN,16.47129,80.69695,Asia/Kolkata,17462
Calangute,Calangute,IN,15.5439,73.7553,Asia/Kolkata,17446
Sarāi Ākil,Sarai Akil,IN,25.3789,81.51035,Asia/Kolkata,17443
Nīsang,Nisang,IN,29.69229,76.75464,Asia/Kolkata,17438
Panoor,Panoor,IN,11.75938,75.57835,Asia/Kolkata,17438
Amet,Amet,IN,25.30609,73.9258,Asia/Kolkata,17434
Bareta,Bareta,IN,29.86352,75.69644,Asia/Kolkata,17432
Puthūr,Puthur,IN,10.4874,76.27929,Asia/Kolkata,17430
Kavisuryanagar,Kavisuryanagar,IN,19.58148,84.76006,Asia/Kolkata,17430
Hāt Piplia,Hat Piplia,IN,22.76948,76.29992,Asia/Kolkata,17419
Bhundsi,Bhundsi,IN,28.35051,77.06144,Asia/Kolkata,17410
Naregal,Naregal,IN,15.57316,75.80805,Asia/Kolkata,17403
Bermo,Bermo,IN,23.78781,85.93526,Asia/Kolkata,17401
Khongapani,Khongapani,IN,23.1912,82.16265,Asia/Kolkata,17400
Bagdogra,Bagdogra,IN,26.69929,88.31177,Asia/Kolkata,17372
Indergarh,Indergarh,IN,26.93521,79.6712,Asia/Kolkata,17366
Lāsalgaon,Lasalgaon,IN,20.1427,74.23946,Asia/Kolkata,17360
Periyakottai,Periyakottai,IN,10.59095,77.27967,Asia/Kolkata,17356
Phirangipuram,Phirangipuram,IN,16.29078,80.26233,Asia/Kolkata,17335
Edakkazhiyūr,Edakkazhiyur,IN,10.62276,75.99651,Asia/Kolkata,17335
Nārsala,Narsala,IN,21.08973,79.13586,Asia/Kolkata,17330
Keezhkulam,Keezhkulam,IN,8.23073,77.18626,Asia/Kolkata,17327
Jalalpore,Jalalpore,IN,20.94896,72.89829,Asia/Kolkata,17325
Chhala,Chhala,IN,23.30779,72.77404,Asia/Kolkata,17323
Sivagirippatti,Sivagirippatti,IN,10.45015,77.53035,Asia/Kolkata,17306
Āthagarh,Athagarh,IN,20.51999,85.62965,Asia/Kolkata,17304
Lakhnādon,Lakhnadon,IN,22.60049,79.60094,Asia/Kolkata,17302
Talwandi Bhai,Talwandi Bhai,IN,30.85584,74.92979,Asia/Kolkata,17285
Takhatgarh,Takhatgarh,IN,25.32235,73.00487,Asia/Kolkata,17285
Mūlki,Mulki,IN,13.09101,74.79353,Asia/Kolkata,17274
Kāttatturai,Kattatturai,IN,8.28486,77.27551,Asia/Kolkata,17271
Bhānpurī,Bhanpuri,IN,21.0919,80.93218,Asia/Kolkata,17270
Kulasegaram,Kulasegaram,IN,8.36319,77.29777,Asia/Kolkata,17267
Deori,Deori,IN,22.09901,82.2664,Asia/Kolkata,17265
Nilagiri,Nilagiri,IN,21.46235,86.76794,Asia/Kolkata,17264
Mannarai,Mannarai,IN,11.11723,77.37256,Asia/Kolkata,17261
Jagalūr,Jagalur,IN,14.51957,76.33915,Asia/Kolkata,17257
Ajara,Ajara,IN,16.11601,74.21097,Asia/Kolkata,17257
Bhikshāndārkovil,Bhikshandarkovil,IN,10.88266,78.70456,Asia/Kolkata,17257
Palangarai,Palangarai,IN,11.19782,77.30583,Asia/Kolkata,17248
Virajpet,Virajpet,IN,12.19644,75.80512,Asia/Kolkata,17246
Nārnaund,Narnaund,IN,29.22047,76.14278,Asia/Kolkata,17242
Pudūr,Pudur,IN,11.436,77.67603,Asia/Kolkata,17240
Bālugaon,Balugaon,IN,20.17838,85.11327,Asia/Kolkata,17238
Irivēri,Iriveri,IN,11.85586,75.47362,Asia/Kolkata,17231
Bilthra,Bilthra,IN,26.12705,83.89148,Asia/Kolkata,17228
Alnāvar,Alnavar,IN,15.42727,74.74111,Asia/Kolkata,17228
Anaimalai,Anaimalai,IN,10.58303,76.93441,Asia/Kolkata,17208
Guru Har Sahāi,Guru Har Sahai,IN,30.70862,74.40407,Asia/Kolkata,17192
Tangla,Tangla,IN,26.65693,91.91381,Asia/Kolkata,17183
Mendarda,Mendarda,IN,21.32112,70.44078,Asia/Kolkata,17166
Taleigao,Taleigao,IN,15.46915,73.83285,Asia/Kolkata,17148
Jāwad,Jawad,IN,24.59916,74.86261,Asia/Kolkata,17129
Uttarkāshi,Uttarkashi,IN,30.72986,78.44342,Asia/Kolkata,17123
Basukinath,Basukinath,IN,24.39446,87.08643,Asia/Kolkata,17123
Rājgarh,Rajgarh,IN,22.67821,74.94483,Asia/Kolkata,17113
Ayyalur,Ayyalur,IN,10.48185,78.15639,Asia/Kolkata,17100
Kolaccheri,Kolaccheri,IN,11.97634,75.41675,Asia/Kolkata,17095
Nāranammālpuram,Naranammalpuram,IN,8.75985,77.73986,Asia/Kolkata,17094
Chālakilakākara,Chalakilakakara,IN,11.85404,75.43869,Asia/Kolkata,17088
Shaktinagar,Shaktinagar,IN,16.36491,77.35863,Asia/Kolkata,17088
Amroli,Amroli,IN,21.25084,72.83878,Asia/Kolkata,17082
Chalāla,Chalala,IN,21.41073,71.16621,Asia/Kolkata,17081
Samālka,Samalka,IN,28.53499,77.09079,Asia/Kolkata,17076
Mēppādam,Meppadam,IN,9.32416,76.4934,Asia/Kolkata,17067
Madambakkam,Madambakkam,IN,12.8525,80.04667,Asia/Kolkata,17058
Nongpoh,Nongpoh,IN,25.9023,91.87694,Asia/Kolkata,17055
Mahiari,Mahiari,IN,22.58826,88.23544,Asia/Kolkata,17051
Naraina,Naraina,IN,26.79069,75.20608,Asia/Kolkata,17048
Kokōtamangalam South,Kokotamangalam South,IN,9.67948,76.35889,Asia/Kolkata,17047
Teonthar,Teonthar,IN,24.98207,81.64194,Asia/Kolkata,17039
Jigani,Jigani,IN,12.78612,77.63855,Asia/Kolkata,17036
Nayāgarh,Nayagarh,IN,20.12882,85.09626,Asia/Kolkata,17030
Kusum Pur,Kusum Pur,IN,28.55472,77.1573,Asia/Kolkata,17028
Eravattūr,Eravattur,IN,11.58006,75.73841,Asia/Kolkata,17016
Nawābganj,Nawabganj,IN,26.86396,82.14103,Asia/Kolkata,17015
Maghar,Maghar,IN,26.75586,83.12773,Asia/Kolkata,17011
Varam,Varam,IN,11.89959,75.41323,Asia/Kolkata,17008
Ongallur-I,Ongallur-I,IN,10.80268,76.21855,Asia/Kolkata,16998
Bicholim,Bicholim,IN,15.59319,73.94571,Asia/Kolkata,16986
Hukumpeta,Hukumpeta,IN,16.98874,81.8017,Asia/Kolkata,16985
Valvachatottam,Valvachatottam,IN,8.28031,77.25612,Asia/Kolkata,16965
Bijaipur,Bijaipur,IN,26.05052,77.37138,Asia/Kolkata,16964
Garhshankar,Garhshankar,IN,31.21537,76.14149,Asia/Kolkata,16955
Dirba,Dirba,IN,30.07222,75.99607,Asia/Kolkata,16952
Rānpur,Ranpur,IN,22.35161,71.71179,Asia/Kolkata,16944
Dukli,Dukli,IN,23.7984,91.29642,Asia/Kolkata,16941
Manjhanpur,Manjhanpur,IN,25.53046,81.37566,Asia/Kolkata,16939
Mihona,Mihona,IN,26.28373,78.98048,Asia/Kolkata,16935
Gothara,Gothara,IN,28.0662,75.81772,Asia/Kolkata,16933
Mākum,Makum,IN,27.48652,95.43646,Asia/Kolkata,16923
Kalghatgi,Kalghatgi,IN,15.18315,74.97099,Asia/Kolkata,16917
Tanakpur,Tanakpur,IN,29.074,80.11139,Asia/Kolkata,16905
Eruvatti,Eruvatti,IN,11.80621,75.53023,Asia/Kolkata,16905
Merta Road,Merta Road,IN,26.72269,73.91762,Asia/Kolkata,16905
Undera,Undera,IN,22.34835,73.13313,Asia/Kolkata,16902
Khed,Khed,IN,17.71888,73.39693,Asia/Kolkata,16892
Sultanpur,Sultanpur,IN,31.21468,75.19602,Asia/Kolkata,16877
Kutiyāna,Kutiyana,IN,21.6241,69.98494,Asia/Kolkata,16877
Ahor,Ahor,IN,25.3687,72.78038,Asia/Kolkata,16867
Sirālkoppa,Siralkoppa,IN,14.3807,75.25007,Asia/Kolkata,16864
Sithurajapuram,Sithurajapuram,IN,9.42137,77.78732,Asia/Kolkata,16860
Vandalūr,Vandalur,IN,12.8924,80.08079,Asia/Kolkata,16852
Moreh,Moreh,IN,24.2508,94.30073,Asia/Kolkata,16847
Chelamartam,Chelamartam,IN,10.13711,76.45696,Asia/Kolkata,16844
Challapalle,Challapalle,IN,16.11756,80.93139,Asia/Kolkata,16841
Konārka,Konarka,IN,19.89021,86.09761,Asia/Kolkata,16834
Gandevi,Gandevi,IN,20.81214,72.99811,Asia/Kolkata,16827
Āchāripallam Vāniyakudi,Acharipallam Vaniyakudi,IN,8.17428,77.38486,Asia/Kolkata,16822
Peralassery,Peralassery,IN,11.83223,75.48252,Asia/Kolkata,16821
Bara Uchāna,Bara Uchana,IN,29.46747,76.17798,Asia/Kolkata,16815
Kāmākhyānagar,Kamakhyanagar,IN,20.93385,85.54489,Asia/Kolkata,16810
Arkalgūd,Arkalgud,IN,12.76171,76.06035,Asia/Kolkata,16810
Budhni,Budhni,IN,22.78659,77.68109,Asia/Kolkata,16808
Pinarāyi,Pinarayi,IN,11.8049,75.481,Asia/Kolkata,16801
Pāchchal,Pachchal,IN,12.51115,78.55524,Asia/Kolkata,16789
Navalpattu,Navalpattu,IN,10.75051,78.77626,Asia/Kolkata,16788
Vathirairuppu,Vathirairuppu,IN,9.63528,77.63889,Asia/Kolkata,16784
Sivagiri,Sivagiri,IN,11.12026,77.78811,Asia/Kolkata,16779
Bāwal,Bawal,IN,28.07184,76.58312,Asia/Kolkata,16776
Hanumana,Hanumana,IN,24.77888,82.096,Asia/Kolkata,16771
Porathissery,Porathissery,IN,10.37638,76.20149,Asia/Kolkata,16768
Vallam,Vallam,IN,10.71988,79.05981,Asia/Kolkata,16758
Āmta,Amta,IN,22.58344,88.01039,Asia/Kolkata,16753
Vāda,Vada,IN,19.65347,73.14811,Asia/Kolkata,16750
Kadod,Kadod,IN,21.21717,73.21972,Asia/Kolkata,16747
Valavanur,Valavanur,IN,11.92094,79.58239,Asia/Kolkata,16745
Khapat,Khapat,IN,21.65414,69.61259,Asia/Kolkata,16744
Bābai,Babai,IN,22.70256,77.93494,Asia/Kolkata,16741
Harsūd,Harsud,IN,22.09947,76.73423,Asia/Kolkata,16736
Andada,Andada,IN,21.65588,73.02151,Asia/Kolkata,16730
Beri Khās,Beri Khas,IN,28.70146,76.57708,Asia/Kolkata,16727
Dera Māndi,Dera Mandi,IN,28.43597,77.17601,Asia/Kolkata,16725
Chanaje,Chanaje,IN,18.86131,72.95257,Asia/Kolkata,16714
Sāmbūrvadakara,Samburvadakara,IN,8.99856,77.38763,Asia/Kolkata,16709
Thorapadi,Thorapadi,IN,12.89154,79.12381,Asia/Kolkata,16700
Karingal,Karingal,IN,8.23634,77.24256,Asia/Kolkata,16691
Nal Khera,Nal Khera,IN,23.83602,76.24316,Asia/Kolkata,16690
Piriyāpatna,Piriyapatna,IN,12.33497,76.10073,Asia/Kolkata,16685
Nohsa,Nohsa,IN,25.56528,85.05599,Asia/Kolkata,16680
Phaphūnd,Phaphund,IN,26.59888,79.46437,Asia/Kolkata,16675
Sarangpore,Sarangpore,IN,21.63585,73.04752,Asia/Kolkata,16671
Babrāla,Babrala,IN,28.26419,78.4056,Asia/Kolkata,16670
Vīrnūr,Virnur,IN,11.84433,77.8473,Asia/Kolkata,16665
Ajaigarh,Ajaigarh,IN,24.89879,80.25921,Asia/Kolkata,16656
Baihar,Baihar,IN,22.10133,80.54967,Asia/Kolkata,16650
Malīhābād,Malihabad,IN,26.92223,80.71078,Asia/Kolkata,16649
Jhūsi,Jhusi,IN,25.43745,81.9055,Asia/Kolkata,16642
Trajpar,Trajpar,IN,22.81567,70.86653,Asia/Kolkata,16637
Pudusseri,Pudusseri,IN,10.75824,76.78594,Asia/Kolkata,16629
Pattamadai,Pattamadai,IN,8.67258,77.58447,Asia/Kolkata,16625
Cuncolim,Cuncolim,IN,15.1773,73.99392,Asia/Kolkata,16623
Pathalgaon,Pathalgaon,IN,22.55656,83.46355,Asia/Kolkata,16613
Baliguda,Baliguda,IN,20.19966,83.90938,Asia/Kolkata,16611
Āsind,Asind,IN,25.7342,74.33278,Asia/Kolkata,16611
Vāghodia,Vaghodia,IN,22.30505,73.40016,Asia/Kolkata,16604
Nazareth,Nazareth,IN,8.56102,77.97214,Asia/Kolkata,16584
Samurou,Samurou,IN,24.70095,93.90332,Asia/Kolkata,16582
Madhuban,Madhuban,IN,23.78152,91.28579,Asia/Kolkata,16579
Lālpettai,Lalpettai,IN,11.30088,79.55612,Asia/Kolkata,16561
Sālūmbar,Salumbar,IN,24.13524,74.04442,Asia/Kolkata,16557
Sonkach,Sonkach,IN,22.97166,76.34667,Asia/Kolkata,16545
Jāmbai,Jambai,IN,11.46775,77.64339,Asia/Kolkata,16522
Kōtekāra,Kotekara,IN,12.7929,74.87217,Asia/Kolkata,16505
Chāndāmeta,Chandameta,IN,22.19093,78.73032,Asia/Kolkata,16497
Kiphire,Kiphire,IN,25.86785,94.78572,Asia/Kolkata,16487
Khātra,Khatra,IN,22.97617,86.85462,Asia/Kolkata,16484
Gorāya,Goraya,IN,31.12411,75.7724,Asia/Kolkata,16462
Sundakkāmpālaiyam,Sundakkampalaiyam,IN,10.56659,77.21354,Asia/Kolkata,16459
Sindkhed Raja,Sindkhed Raja,IN,19.95363,76.12637,Asia/Kolkata,16434
Susner,Susner,IN,23.94667,76.08825,Asia/Kolkata,16432
Bharwāri,Bharwari,IN,25.56078,81.49164,Asia/Kolkata,16411
Chendrappini,Chendrappini,IN,10.35552,76.1282,Asia/Kolkata,16404
Rāni Khera,Rani Khera,IN,28.70604,77.02584,Asia/Kolkata,16402
Bhainsdehi,Bhainsdehi,IN,21.64491,77.63023,Asia/Kolkata,16400
Kankauli,Kankauli,IN,16.26609,73.71217,Asia/Kolkata,16398
Gokavaram,Gokavaram,IN,17.25823,81.84985,Asia/Kolkata,16389
Padampur,Padampur,IN,20.99932,83.06325,Asia/Kolkata,16387
Curti,Curti,IN,15.41667,74.01667,Asia/Kolkata,16385
Nambiyūr,Nambiyur,IN,11.35811,77.32115,Asia/Kolkata,16379
Lochapada,Lochapada,IN,19.32873,84.80065,Asia/Kolkata,16377
Bargūr,Bargur,IN,12.54288,78.35735,Asia/Kolkata,16366
Dharampuri,Dharampuri,IN,22.14951,75.34439,Asia/Kolkata,16363
Shopian,Shopian,IN,33.71723,74.83413,Asia/Kolkata,16360
Mūllānpur,Mullanpur,IN,30.85457,75.66089,Asia/Kolkata,16356
Ūttukuli,Uttukuli,IN,10.65193,76.9778,Asia/Kolkata,16354
Kandāri,Kandari,IN,21.06076,75.8098,Asia/Kolkata,16353
Khada,Khada,IN,27.18333,83.88333,Asia/Kolkata,16350
Kargil,Kargil,IN,34.55765,76.12622,Asia/Kolkata,16338
Jasidih,Jasidih,IN,24.51379,86.64576,Asia/Kolkata,16338
Kotapārh,Kotaparh,IN,19.14256,82.32536,Asia/Kolkata,16326
Tikri Kalān,Tikri Kalan,IN,28.68355,76.97007,Asia/Kolkata,16313
Chākuliā,Chakulia,IN,22.48301,86.71793,Asia/Kolkata,16306
Shāhgarh,Shahgarh,IN,24.31365,79.11806,Asia/Kolkata,16300
Kadamakudi,Kadamakudi,IN,10.06416,76.24565,Asia/Kolkata,16295
Annāmalainagar,Annamalainagar,IN,11.4,79.73333,Asia/Kolkata,16289
Āmbāsa,Ambasa,IN,23.936,91.85436,Asia/Kolkata,16285
Arumanai,Arumanai,IN,8.36696,77.24333,Asia/Kolkata,16283
Anandpur,Anandpur,IN,31.23926,76.50253,Asia/Kolkata,16282
Omalur,Omalur,IN,11.74099,78.04559,Asia/Kolkata,16279
Hatti,Hatti,IN,16.19836,76.66037,Asia/Kolkata,16278
Chennimalai,Chennimalai,IN,11.16378,77.60388,Asia/Kolkata,16268
Madukkūr,Madukkur,IN,10.48098,79.39939,Asia/Kolkata,16266
Bahula,Bahula,IN,23.65176,87.16475,Asia/Kolkata,16264
Ayyampettāi,Ayyampettai,IN,10.90141,79.17984,Asia/Kolkata,16263
Nūh,Nuh,IN,28.10296,77.00144,Asia/Kolkata,16260
Naroli,Naroli,IN,20.27354,72.94167,Asia/Kolkata,16260
Thimiri,Thimiri,IN,12.82828,79.30792,Asia/Kolkata,16246
Ellakkudi,Ellakkudi,IN,10.80603,78.75031,Asia/Kolkata,16244
Kamalganj,Kamalganj,IN,27.26181,79.63134,Asia/Kolkata,16222
Bhikangaon,Bhikangaon,IN,21.86764,75.96391,Asia/Kolkata,16217
Neelagiri,Neelagiri,IN,10.75943,79.09337,Asia/Kolkata,16197
Jalakandapuram,Jalakandapuram,IN,11.69779,77.87298,Asia/Kolkata,16184
Mullānwāla,Mullanwala,IN,31.06189,74.82277,Asia/Kolkata,16183
Pandaria,Pandaria,IN,22.22495,81.40994,Asia/Kolkata,16165
Thiruvaiyaru,Thiruvaiyaru,IN,10.88405,79.10362,Asia/Kolkata,16164
Elandakuttai,Elandakuttai,IN,11.40598,77.77501,Asia/Kolkata,16160
Sānwer,Sanwer,IN,22.97415,75.8271,Asia/Kolkata,16150
Nallavila,Nallavila,IN,8.20549,77.34439,Asia/Kolkata,16138
Kāmayakkavundanpatti,Kamayakkavundanpatti,IN,9.73861,77.31999,Asia/Kolkata,16134
Bījāpur,Bijapur,IN,18.79387,80.81599,Asia/Kolkata,16129
Kuthalam,Kuthalam,IN,11.07431,79.56222,Asia/Kolkata,16125
Cherukunnu,Cherukunnu,IN,11.99564,75.28717,Asia/Kolkata,16111
Chengalam,Chengalam,IN,9.59657,76.46776,Asia/Kolkata,16111
Kuda,Kuda,IN,25.89086,93.7388,Asia/Kolkata,16108
Chevvoor,Chevvoor,IN,10.45862,76.2088,Asia/Kolkata,16086
Vāniyamkulam,Vaniyamkulam,IN,10.78303,76.33358,Asia/Kolkata,16085
Tevāram,Tevaram,IN,9.89666,77.28092,Asia/Kolkata,16079
Bhiloda,Bhiloda,IN,23.7676,73.24704,Asia/Kolkata,16074
Shāhi,Shahi,IN,28.55023,79.31761,Asia/Kolkata,16064
Kedia,Kedia,IN,23.79454,85.58724,Asia/Kolkata,16054
Simga,Simga,IN,21.6281,81.70376,Asia/Kolkata,16027
Kandamkunnu,Kandamkunnu,IN,11.86948,75.58079,Asia/Kolkata,16025
Kudāl,Kudal,IN,16.01148,73.68867,Asia/Kolkata,16015
Utnūr,Utnur,IN,19.36798,78.77608,Asia/Kolkata,16005
Hindoria,Hindoria,IN,23.90345,79.56861,Asia/Kolkata,16001
Betma,Betma,IN,22.68653,75.61456,Asia/Kolkata,15999
Vellakkinar,Vellakkinar,IN,11.07364,76.95663,Asia/Kolkata,15998
Kappiyara,Kappiyara,IN,8.24661,77.26171,Asia/Kolkata,15998
Balaungi,Balaungi,IN,30.73058,76.69368,Asia/Kolkata,15982
Hājo,Hajo,IN,26.2452,91.52525,Asia/Kolkata,15977
Māliya,Maliya,IN,23.09296,70.75885,Asia/Kolkata,15964
Kombai,Kombai,IN,9.84745,77.29603,Asia/Kolkata,15960
Asāra,Asara,IN,29.24714,77.30886,Asia/Kolkata,15959
Koothappar,Koothappar,IN,10.79709,78.79231,Asia/Kolkata,15943
Udalguri,Udalguri,IN,26.75367,92.10215,Asia/Kolkata,15935
Vaso,Vaso,IN,22.66079,72.75519,Asia/Kolkata,15934
Chānasma,Chanasma,IN,23.71472,72.11279,Asia/Kolkata,15932
Boothapandi,Boothapandi,IN,8.26586,77.44606,Asia/Kolkata,15931
Bharanikāvu Tekku,Bharanikavu Tekku,IN,9.18485,76.56076,Asia/Kolkata,15922
Rura,Rura,IN,26.49001,79.90108,Asia/Kolkata,15908
Bunjwah,Bunjwah,IN,33.14584,75.9479,Asia/Kolkata,15899
Chandia,Chandia,IN,23.65647,80.70911,Asia/Kolkata,15891
Vijayapuri North,Vijayapuri North,IN,16.58534,79.32046,Asia/Kolkata,15887
Khaniādhāna,Khaniadhana,IN,25.02983,78.12709,Asia/Kolkata,15877
Kannampālaiyam,Kannampalaiyam,IN,10.99544,77.09904,Asia/Kolkata,15868
Pipraich,Pipraich,IN,26.82745,83.52632,Asia/Kolkata,15856
Srivaikuntam,Srivaikuntam,IN,8.62931,77.91281,Asia/Kolkata,15847
Abhayāpuri,Abhayapuri,IN,26.32255,90.68526,Asia/Kolkata,15847
Sunel,Sunel,IN,24.37065,75.95708,Asia/Kolkata,15840
Unhel,Unhel,IN,23.33794,75.55931,Asia/Kolkata,15837
Sisauli,Sisauli,IN,29.41386,77.4689,Asia/Kolkata,15837
Marattakara,Marattakara,IN,10.47327,76.25577,Asia/Kolkata,15817
Vadakkēkkād,Vadakkekkad,IN,10.66354,76.00326,Asia/Kolkata,15811
Domchānch,Domchanch,IN,24.47484,85.69213,Asia/Kolkata,15809
Molakālumuru,Molakalumuru,IN,14.71783,76.74677,Asia/Kolkata,15797
Jalda,Jalda,IN,22.1872,84.84359,Asia/Kolkata,15789
Jodiya Bandar,Jodiya Bandar,IN,22.71667,70.28333,Asia/Kolkata,15788
Dera Colliery Township,Dera Colliery Township,IN,20.95283,85.17174,Asia/Kolkata,15787
Holalkere,Holalkere,IN,14.04295,76.18496,Asia/Kolkata,15783
Dumra,Dumra,IN,26.56708,85.5204,Asia/Kolkata,15778
Pudukkottai,Pudukkottai,IN,9.93731,78.05325,Asia/Kolkata,15769
Mennānyam,Mennanyam,IN,11.5579,75.75964,Asia/Kolkata,15768
Sonpet,Sonpet,IN,19.02594,76.47394,Asia/Kolkata,15765
Binika,Binika,IN,21.02626,83.81197,Asia/Kolkata,15765
Dhārni,Dharni,IN,21.55333,76.88972,Asia/Kolkata,15761
Bāngarda,Bangarda,IN,22.7592,75.79536,Asia/Kolkata,15761
Thandla,Thandla,IN,23.00959,74.57747,Asia/Kolkata,15756
Khuldābād,Khuldabad,IN,20.00671,75.19245,Asia/Kolkata,15749
Elumalai,Elumalai,IN,9.86501,77.69923,Asia/Kolkata,15746
Khetia,Khetia,IN,21.67124,74.58535,Asia/Kolkata,15744
Bhudgaon,Bhudgaon,IN,16.90742,74.59954,Asia/Kolkata,15738
Khusropur,Khusropur,IN,25.48174,85.38492,Asia/Kolkata,15731
Yerkhera,Yerkhera,IN,21.21649,79.18545,Asia/Kolkata,15727
Khatīma,Khatima,IN,28.92134,79.97075,Asia/Kolkata,15714
Dāpoli,Dapoli,IN,17.75927,73.18816,Asia/Kolkata,15713
Bari Sādri,Bari Sadri,IN,24.41339,74.47331,Asia/Kolkata,15713
Kumārapālaiyam,Kumarapalaiyam,IN,11.5021,77.25554,Asia/Kolkata,15706
Kabilpor,Kabilpor,IN,20.95078,72.9583,Asia/Kolkata,15699
Periyapatti,Periyapatti,IN,11.20516,78.15118,Asia/Kolkata,15690
Yamjāl,Yamjal,IN,17.26944,78.57667,Asia/Kolkata,15689
Rāhon,Rahon,IN,31.05275,76.11907,Asia/Kolkata,15676
Vadakāncheri,Vadakancheri,IN,10.66039,76.24656,Asia/Kolkata,15674
Bagar,Bagar,IN,28.18784,75.50012,Asia/Kolkata,15670
Manaveli,Manaveli,IN,11.89091,79.81037,Asia/Kolkata,15666
Manthani,Manthani,IN,18.65087,79.66501,Asia/Kolkata,15661
Vidyavihar,Vidyavihar,IN,28.36812,75.58398,Asia/Kolkata,15644
Neb Sarai,Neb Sarai,IN,28.50841,77.20063,Asia/Kolkata,15640
Lakhipur,Lakhipur,IN,26.03001,90.30611,Asia/Kolkata,15633
Panangad,Panangad,IN,10.27284,76.17475,Asia/Kolkata,15630
Chokkanāthapuram,Chokkanathapuram,IN,9.99207,77.35657,Asia/Kolkata,15625
Kamatgi,Kamatgi,IN,16.07786,75.81321,Asia/Kolkata,15620
Khūtār,Khutar,IN,28.20307,80.27046,Asia/Kolkata,15618
Sātalkheri,Satalkheri,IN,24.65218,75.99826,Asia/Kolkata,15617
Maval,Maval,IN,18.75527,73.44428,Asia/Kolkata,15612
Kasāra,Kasara,IN,19.6451,73.47434,Asia/Kolkata,15611
Nārāyankher,Narayankher,IN,18.03413,77.77284,Asia/Kolkata,15610
Agaram,Agaram,IN,10.44325,77.94848,Asia/Kolkata,15610
Baben,Baben,IN,21.13725,73.09647,Asia/Kolkata,15610
Salangaippālaiyam,Salangaippalaiyam,IN,11.42599,77.57074,Asia/Kolkata,15609
Baberu,Baberu,IN,25.54711,80.70443,Asia/Kolkata,15607
Danta,Danta,IN,27.29636,75.18665,Asia/Kolkata,15594
Bādshāhpur,Badshahpur,IN,28.39317,77.04919,Asia/Kolkata,15593
Haripād,Haripad,IN,9.28358,76.45519,Asia/Kolkata,15588
Chengala,Chengala,IN,12.49839,75.0503,Asia/Kolkata,15588
Gulgam,Gulgam,IN,34.55005,74.21729,Asia/Kolkata,15587
Kuchinda,Kuchinda,IN,21.74356,84.34848,Asia/Kolkata,15576
Kompalli,Kompalli,IN,17.54499,78.48836,Asia/Kolkata,15575
Husainpur,Husainpur,IN,31.31185,75.32172,Asia/Kolkata,15575
Kalher,Kalher,IN,19.24724,73.01515,Asia/Kolkata,15573
Toshām,Tosham,IN,28.86993,75.9165,Asia/Kolkata,15559
Ponmana,Ponmana,IN,8.35525,77.3283,Asia/Kolkata,15554
Sanjan,Sanjan,IN,20.19165,72.81827,Asia/Kolkata,15544
Bilsanda,Bilsanda,IN,28.24341,79.95135,Asia/Kolkata,15538
Leteri,Leteri,IN,24.05979,77.40858,Asia/Kolkata,15519
Vettavalam,Vettavalam,IN,12.10769,79.24516,Asia/Kolkata,15506
Mani Mājra,Mani Majra,IN,30.71397,76.83824,Asia/Kolkata,15489
Kurwai,Kurwai,IN,24.11722,78.03833,Asia/Kolkata,15487
Taranagar,Taranagar,IN,23.96877,91.37081,Asia/Kolkata,15481
Kosigi,Kosigi,IN,15.8551,77.24463,Asia/Kolkata,15455
Brāhmanān di Bāri,Brahmanan di Bari,IN,32.64398,74.91099,Asia/Kolkata,15453
Tindal,Tindal,IN,11.31691,77.67422,Asia/Kolkata,15440
Kalugumalai,Kalugumalai,IN,9.14941,77.70569,Asia/Kolkata,15423
Tīrthahalli,Tirthahalli,IN,13.68835,75.24548,Asia/Kolkata,15422
Ajeetgarh,Ajeetgarh,IN,27.41933,75.82143,Asia/Kolkata,15414
Parvatsar,Parvatsar,IN,26.88604,74.76602,Asia/Kolkata,15405
Kachhwa,Kachhwa,IN,25.20615,82.71442,Asia/Kolkata,15381
Rāmachandrapuran,Ramachandrapuran,IN,17.51258,78.28854,Asia/Kolkata,15381
Rāmpur,Rampur,IN,21.07351,84.34095,Asia/Kolkata,15379
Sāyla,Sayla,IN,22.54925,71.48324,Asia/Kolkata,15376
Seoni Chhapāra,Seoni Chhapara,IN,22.39388,79.54236,Asia/Kolkata,15371
Purushottampur,Purushottampur,IN,19.52024,84.88514,Asia/Kolkata,15366
Bāh,Bah,IN,26.86912,78.59385,Asia/Kolkata,15359
Kanhirode,Kanhirode,IN,11.91842,75.4645,Asia/Kolkata,15353
Dornakal,Dornakal,IN,17.44475,80.14905,Asia/Kolkata,15350
Davorlim,Davorlim,IN,15.27221,73.99242,Asia/Kolkata,15350
Morampudi,Morampudi,IN,16.98005,81.83715,Asia/Kolkata,15346
Penha de França,Penha de Franca,IN,15.51705,73.83537,Asia/Kolkata,15342
Kanchanpur,Kanchanpur,IN,24.03592,92.19959,Asia/Kolkata,15341
Badgām,Badgam,IN,34.01524,74.72074,Asia/Kolkata,15338
Pālaiyam,Palaiyam,IN,10.72561,78.13538,Asia/Kolkata,15336
Pappinivattom,Pappinivattom,IN,10.29372,76.15835,Asia/Kolkata,15336
Mīrganj,Mirganj,IN,28.54012,79.20817,Asia/Kolkata,15335
Kushālnagar,Kushalnagar,IN,12.45795,75.95904,Asia/Kolkata,15326
Dārāsuram,Darasuram,IN,10.9499,79.35607,Asia/Kolkata,15326
Sayan,Sayan,IN,21.31977,72.88167,Asia/Kolkata,15324
Katangi,Katangi,IN,21.77369,79.80513,Asia/Kolkata,15321
Bhauri,Bhauri,IN,24.66094,72.91401,Asia/Kolkata,15312
Kāthor,Kathor,IN,21.28854,72.9407,Asia/Kolkata,15311
Villukuri,Villukuri,IN,8.2226,77.37323,Asia/Kolkata,15304
Bāonlī,Baonli,IN,26.32611,76.22829,Asia/Kolkata,15300
Bāntva,Bantva,IN,21.48815,70.07576,Asia/Kolkata,15291
Chimbel,Chimbel,IN,15.49261,73.87474,Asia/Kolkata,15289
Dalkola,Dalkola,IN,25.87577,87.84009,Asia/Kolkata,15285
Srīvardhan,Srivardhan,IN,18.04592,73.01552,Asia/Kolkata,15279
Vilattikulam,Vilattikulam,IN,9.13227,78.16635,Asia/Kolkata,15277
Koratagere,Koratagere,IN,13.522,77.2373,Asia/Kolkata,15265
Thekkumkara,Thekkumkara,IN,10.28194,76.21322,Asia/Kolkata,15258
Bommasandra Industrial Area,Bommasandra Industrial Area,IN,12.81774,77.68415,Asia/Kolkata,15254
Kudali,Kudali,IN,11.91982,75.47218,Asia/Kolkata,15236
Yadagirigutta,Yadagirigutta,IN,17.58894,78.94336,Asia/Kolkata,15232
Mūlanūr,Mulanur,IN,10.79426,77.7115,Asia/Kolkata,15223
Ichhāwar,Ichhawar,IN,23.02816,77.01729,Asia/Kolkata,15221
Sāram,Saram,IN,23.76254,85.83003,Asia/Kolkata,15212
Jugiāl,Jugial,IN,32.36839,75.67819,Asia/Kolkata,15210
Goniāna Mandi,Goniana Mandi,IN,30.31679,74.91254,Asia/Kolkata,15208
Gangolli,Gangolli,IN,13.65024,74.67072,Asia/Kolkata,15200
R.S. Pora,R.S. Pora,IN,32.60591,74.7334,Asia/Kolkata,15197
Niz-Hajo,Niz-Hajo,IN,26.24942,91.5243,Asia/Kolkata,15188
Kīlattingal,Kilattingal,IN,8.69264,76.79332,Asia/Kolkata,15185
Kangeyanallur,Kangeyanallur,IN,12.95081,79.15062,Asia/Kolkata,15177
Buguda,Buguda,IN,19.80806,84.79084,Asia/Kolkata,15176
Khāpa,Khapa,IN,21.42243,78.98168,Asia/Kolkata,15175
Petlāwad,Petlawad,IN,23.01102,74.79772,Asia/Kolkata,15174
Mahabalipuram,Mahabalipuram,IN,12.62091,80.19331,Asia/Kolkata,15172
Ghantapada,Ghantapada,IN,20.93453,85.18788,Asia/Kolkata,15169
Sultan Pur,Sultan Pur,IN,28.49555,77.16112,Asia/Kolkata,15160
Lormi,Lormi,IN,22.27434,81.70181,Asia/Kolkata,15156
Ottakkadai,Ottakkadai,IN,9.95795,78.18863,Asia/Kolkata,15152
Korwai,Korwai,IN,24.11774,78.04007,Asia/Kolkata,15136
Kenda,Kenda,IN,23.1959,86.51499,Asia/Kolkata,15131
Pupri,Pupri,IN,26.47079,85.70311,Asia/Kolkata,15129
Āyikudi,Ayikudi,IN,9.00322,77.34494,Asia/Kolkata,15129
Karamuck,Karamuck,IN,10.48421,76.10445,Asia/Kolkata,15129
Shrivardhan,Shrivardhan,IN,18.05318,73.0011,Asia/Kolkata,15123
Saligram,Saligram,IN,13.49908,74.70943,Asia/Kolkata,15123
Garot,Garot,IN,24.32342,75.65204,Asia/Kolkata,15122
Phek,Phek,IN,25.66667,94.5,Asia/Kolkata,15118
Sorada,Sorada,IN,19.76082,84.42997,Asia/Kolkata,15117
Kizhariyūr,Kizhariyur,IN,11.4982,75.68069,Asia/Kolkata,15116
Kharhiāl,Kharhial,IN,20.28845,82.7606,Asia/Kolkata,15087
Tirunāgeswaram,Tirunageswaram,IN,10.96464,79.4293,Asia/Kolkata,15082
Naraini,Naraini,IN,25.19033,80.475,Asia/Kolkata,15077
Lālpur,Lalpur,IN,22.19073,69.96351,Asia/Kolkata,15076
Amīngarh,Amingarh,IN,16.05662,75.94773,Asia/Kolkata,15073
Panth Pīplia,Panth Piplia,IN,24.19511,75.00603,Asia/Kolkata,15070
Usehat,Usehat,IN,27.79796,79.23763,Asia/Kolkata,15068
Ālūr,Alur,IN,8.19311,77.36428,Asia/Kolkata,15063
Pachperwa,Pachperwa,IN,27.51234,82.64297,Asia/Kolkata,15056
Sumbal,Sumbal,IN,34.23072,74.6472,Asia/Kolkata,15041
Khamaria,Khamaria,IN,23.22558,79.88007,Asia/Kolkata,15019
Ūn,Un,IN,29.58479,77.2554,Asia/Kolkata,15007
Misrikh,Misrikh,IN,27.43137,80.53157,Asia/Kolkata,15007
Kāveripatnam,Kaveripatnam,IN,12.42186,78.2188,Asia/Kolkata,15006
Ahwa,Ahwa,IN,20.75718,73.68626,Asia/Kolkata,15004
